restaurant_id,restaurant_name,city,locality,restaurant_type,cuisines,distance_from_city_center_km,opening_time,closing_time,days_operational,swiggy_rating,swiggy_total_reviews,zomato_rating,zomato_total_reviews,average_rating_both_platforms,avg_cost_per_person_inr,price_category,swiggy_delivery_fee_inr,zomato_delivery_fee_inr,swiggy_avg_delivery_time_minutes,zomato_avg_delivery_time_minutes,swiggy_platform_commission_pct,zomato_platform_commission_pct,swiggy_discount_frequency_pct,zomato_discount_frequency_pct,swiggy_estimated_monthly_orders,zomato_estimated_monthly_orders,swiggy_estimated_monthly_revenue_inr,zomato_estimated_monthly_revenue_inr,swiggy_estimated_net_profit_inr,zomato_estimated_net_profit_inr,swiggy_market_share_pct,zomato_market_share_pct,platform_performance_better,amenities,amenities_count,has_own_website,has_own_app,food_license_verified,listing_date,days_listed
REST000001,Restaurant_1,Mumbai,Mumbai_Locality_9,Cafe,Italian,4.1,12:00,22:00,601,3.6,722,3.2,4847,3.4,1014,Premium,40,40,35,33,21.0,20.0,15,13,140,124,112148,100588,109348,98108,50.0,50.0,Swiggy Better,Live Music; Family Friendly; Vegan Options; WiFi; Dine-in; Outdoor Seating,6,False,False,True,2023-03-04,1168
REST000002,Restaurant_2,Mumbai,Mumbai_Locality_13,Casual Dining,Mughlai,1.9,09:00,23:00,3501,4.2,4402,3.4,1032,3.8,925,Premium,30,30,32,30,22.0,19.0,16,6,279,226,201298,169330,197113,165940,49.0,51.0,Swiggy Better,Dessert Bar; Live Music; Rooftop,3,False,True,True,2016-09-11,3533
REST000003,Restaurant_3,Mumbai,Mumbai_Locality_12,Fine Dine,Mediterranean,2.9,08:00,23:00,1485,3.8,594,3.4,5000,3.6,1450,Luxury,34,34,34,37,14.0,18.0,15,13,137,122,170839,145058,168510,142984,42.0,58.0,Swiggy Better,Dessert Bar; Parking; Rooftop; Dine-in,4,True,True,False,2017-04-05,3327
REST000004,Restaurant_4,Mumbai,Mumbai_Locality_19,Cloud Kitchen,Desserts,13.2,08:00,23:00,1318,3.3,3768,4.5,1180,3.9,692,Mid-Range,86,86,56,57,26.0,25.0,14,32,233,318,119314,165042,109295,151368,66.0,34.0,Zomato Better,Live Music; Outdoor Seating; Alcohol; Family Friendly; Takeaway,5,True,True,True,2024-07-28,656
REST000005,Restaurant_5,Mumbai,Mumbai_Locality_13,Cafe,Mexican,6.0,11:00,23:00,1947,4.8,104,3.9,948,4.35,1249,Luxury,50,50,37,28,19.0,18.0,5,9,218,177,220548,181279,215098,176854,52.0,48.0,Swiggy Better,Rooftop; Outdoor Seating; Alcohol; Takeaway; Dessert Bar; WiFi; Smoking Area,7,True,True,True,2022-02-04,1561
REST000006,Restaurant_6,Mumbai,Mumbai_Locality_11,Food Truck,Thai; Vietnamese,7.6,09:00,23:00,488,4.0,4657,4.3,655,4.15,325,Mid-Range,58,58,39,31,20.0,18.0,25,15,102,110,26520,29315,23562,26125,65.0,35.0,Zomato Better,Alcohol; Private Room; Vegan Options; AC; Live Music,5,True,False,False,2021-10-24,1664
REST000007,Restaurant_7,Mumbai,Mumbai_Locality_8,Cloud Kitchen,Thai,3.8,07:00,22:00,1414,4.0,492,4.0,1885,4.0,288,Budget,39,39,40,27,23.0,26.0,16,14,286,286,63423,60952,57846,55375,56.0,44.0,Swiggy Better,Smoking Area; Vegan Options; Private Room; Family Friendly; Live Music; Bar; AC; Dessert Bar,8,True,True,False,2018-11-24,2729
REST000008,Restaurant_8,Mumbai,Mumbai_Locality_2,QSR (Quick Service),Mexican,10.3,07:00,22:00,2676,3.7,905,4.2,2046,3.95,542,Mid-Range,71,71,47,50,19.0,18.0,6,24,227,258,99657,114665,91599,105506,53.0,47.0,Zomato Better,Takeaway; Dine-in; Dessert Bar; Alcohol; Private Room; Smoking Area; Live Music,7,True,False,False,2020-11-03,2019
REST000009,Restaurant_9,Mumbai,Mumbai_Locality_13,Casual Dining,Mediterranean; Fast Food,0.5,09:00,23:00,1629,3.9,4562,4.6,3996,4.25,467,Mid-Range,30,30,27,29,21.0,17.0,10,21,214,253,78951,98065,75741,94270,41.0,59.0,Zomato Better,Vegan Options; Family Friendly; Alcohol,3,True,True,True,2020-08-04,2110
REST000010,Restaurant_10,Mumbai,Mumbai_Locality_8,Casual Dining,Chinese,6.4,08:00,22:00,2363,3.7,4791,3.7,4640,3.7,1220,Luxury,52,52,36,41,19.0,19.0,7,15,220,220,217404,217404,211684,211684,50.0,50.0,Balanced,WiFi; Family Friendly; Parking; Takeaway; Dine-in; Private Room; Bar; Alcohol,8,True,False,False,2024-10-20,572
REST000011,Restaurant_11,Mumbai,Mumbai_Locality_6,Fine Dine,Cafe,6.9,12:00,23:00,2255,3.1,4343,3.2,74,3.15,1285,Luxury,54,54,36,45,13.0,13.0,6,13,121,125,135271,139743,132004,136368,54.0,46.0,Zomato Better,WiFi; Smoking Area; Vegan Options; Live Music,4,False,True,False,2018-07-31,2845
REST000012,Restaurant_12,Mumbai,Mumbai_Locality_2,Food Truck,Multi-Cuisine,1.8,09:00,22:00,1764,4.7,2155,4.0,1333,4.35,1054,Premium,30,30,23,26,17.0,22.0,24,11,140,119,122474,97832,120374,96047,45.0,55.0,Swiggy Better,Vegan Options; Alcohol; Outdoor Seating; AC; Rooftop,5,True,False,True,2022-03-14,1523
REST000013,Restaurant_13,Mumbai,Mumbai_Locality_4,QSR (Quick Service),Bakery; Biryani,5.6,10:00,22:00,2323,4.3,1341,3.9,1460,4.1,994,Premium,48,48,44,37,23.0,22.0,17,9,255,231,195171,179098,189051,173554,52.0,48.0,Swiggy Better,Rooftop; Bar; Takeaway; AC,4,True,False,True,2023-10-17,941
REST000014,Restaurant_14,Mumbai,Mumbai_Locality_8,Cloud Kitchen,Pan-Asian,3.7,08:00,23:00,2733,3.6,2296,4.7,2886,4.15,1463,Luxury,38,38,24,31,24.0,22.0,9,25,296,387,329116,441621,323492,434268,72.0,28.0,Zomato Better,WiFi; Dine-in; Takeaway; Vegan Options; AC; Parking; Bar,7,False,True,True,2021-12-20,1607
REST000015,Restaurant_15,Mumbai,Mumbai_Locality_17,QSR (Quick Service),South Indian; North Indian,13.9,12:00,22:00,2235,3.9,2714,4.1,2581,4.0,405,Mid-Range,89,89,52,48,19.0,19.0,9,14,229,240,75123,78732,64932,68052,51.0,49.0,Zomato Better,AC; Dessert Bar; Smoking Area; Private Room,4,True,False,True,2021-09-25,1693
REST000016,Restaurant_16,Mumbai,Mumbai_Locality_19,QSR (Quick Service),Seafood,9.3,10:00,23:00,1349,3.7,3886,4.1,1400,3.9,1499,Luxury,66,66,48,46,19.0,22.0,8,19,197,218,239195,254889,232694,247695,58.0,42.0,Zomato Better,Rooftop; Live Music; Outdoor Seating; Dine-in,4,True,True,True,2020-12-16,1976
REST000017,Restaurant_17,Mumbai,Mumbai_Locality_7,Cloud Kitchen,Mexican; Korean,10.9,10:00,23:00,1602,4.0,55,4.6,883,4.3,1020,Premium,74,74,48,55,25.0,25.0,6,34,292,336,223380,257040,212576,244608,69.0,31.0,Zomato Better,Rooftop; Family Friendly; Dessert Bar; Alcohol,4,False,False,False,2019-06-02,2539
REST000018,Restaurant_18,Mumbai,Mumbai_Locality_15,Food Truck,Street Food; Multi-Cuisine,4.3,12:00,23:00,1042,4.0,1969,3.5,2259,3.75,1050,Premium,41,41,37,35,19.0,20.0,14,7,109,95,92704,79800,90470,77852,50.0,50.0,Swiggy Better,AC; Bar; Outdoor Seating; Private Room,4,True,True,False,2021-08-20,1729
REST000019,Restaurant_19,Mumbai,Mumbai_Locality_2,QSR (Quick Service),Japanese,3.5,10:00,22:00,1750,4.4,3126,3.5,3917,3.95,162,Budget,37,37,35,30,22.0,22.0,17,12,245,195,30958,24640,26425,21032,53.0,47.0,Swiggy Better,WiFi; AC; Family Friendly; Dine-in,4,False,False,False,2018-10-15,2769
REST000020,Restaurant_20,Mumbai,Mumbai_Locality_20,Cafe,Fast Food; Continental,8.2,11:00,22:00,1643,4.4,3792,4.2,1498,4.3,252,Budget,60,60,41,45,19.0,22.0,18,23,194,185,39599,36363,33779,30813,54.0,46.0,Swiggy Better,Private Room; Takeaway; Family Friendly; Dine-in; Alcohol,5,True,False,True,2023-10-10,948
REST000021,Restaurant_21,Mumbai,Mumbai_Locality_7,Cafe,South Indian; Cafe,12.7,08:00,22:00,2574,4.4,4630,4.4,1795,4.4,1102,Premium,83,83,47,42,21.0,21.0,13,15,214,214,186304,186304,177423,177423,48.0,52.0,Balanced,Takeaway; Vegan Options; Dine-in; WiFi; Private Room,5,False,False,True,2018-04-09,2958
REST000022,Restaurant_22,Mumbai,Mumbai_Locality_8,Fine Dine,Korean; Lebanese,2.0,09:00,22:00,3194,4.1,346,3.5,2854,3.8,1241,Luxury,30,30,24,31,14.0,17.0,25,6,176,150,187837,154504,185197,152254,48.0,52.0,Swiggy Better,Parking; Dessert Bar; Family Friendly; Bar; Outdoor Seating; AC,6,True,False,False,2019-05-20,2552
REST000023,Restaurant_23,Mumbai,Mumbai_Locality_9,Cloud Kitchen,Mexican; Korean,5.2,07:00,23:00,1035,4.2,3816,3.8,4678,4.0,1399,Luxury,46,46,33,31,24.0,25.0,21,9,287,260,305149,272805,298548,266825,65.0,35.0,Swiggy Better,WiFi; Vegan Options; Bar; Smoking Area; Alcohol,5,True,True,True,2025-04-30,380
REST000024,Restaurant_24,Mumbai,Mumbai_Locality_8,Cafe,Mexican,10.5,12:00,23:00,2675,3.9,2420,4.0,1825,3.95,978,Premium,72,72,44,42,20.0,20.0,11,20,191,196,149438,153350,142562,146294,57.0,43.0,Zomato Better,Bar; Family Friendly; WiFi; Rooftop; Smoking Area,5,True,True,True,2018-03-14,2984
REST000025,Restaurant_25,Mumbai,Mumbai_Locality_7,QSR (Quick Service),Italian; Fast Food,3.6,09:00,23:00,2013,4.8,2436,3.9,1873,4.35,889,Premium,38,38,32,32,19.0,23.0,37,9,275,223,198024,152650,192799,148413,56.0,44.0,Swiggy Better,Outdoor Seating; Dessert Bar; Rooftop; Family Friendly; Takeaway; Dine-in; WiFi; Bar,8,False,False,True,2022-06-20,1425
REST000026,Restaurant_26,Mumbai,Mumbai_Locality_4,Fine Dine,Desserts; Multi-Cuisine,12.4,10:00,22:00,1671,3.5,1252,3.7,1232,3.6,1302,Luxury,82,82,51,49,15.0,14.0,14,14,129,136,142764,152281,137475,146705,44.0,56.0,Zomato Better,Rooftop; Alcohol; AC; Family Friendly,4,False,False,False,2016-08-22,3553
REST000027,Restaurant_27,Mumbai,Mumbai_Locality_4,QSR (Quick Service),Korean; Vietnamese,14.2,12:00,22:00,881,4.0,1974,4.2,1433,4.1,1280,Luxury,91,91,53,53,21.0,19.0,17,19,201,211,203251,218764,194105,209164,54.0,46.0,Zomato Better,WiFi; Bar; Family Friendly; Takeaway; Dessert Bar; Live Music; Smoking Area; Vegan Options,8,False,True,True,2020-03-07,2260
REST000028,Restaurant_28,Mumbai,Mumbai_Locality_3,Cafe,Continental; Continental,1.4,09:00,23:00,3276,3.6,2501,4.2,3307,3.9,707,Premium,30,30,21,27,17.0,20.0,10,18,187,219,109733,123866,106928,120581,47.0,53.0,Zomato Better,Takeaway; Live Music; Dessert Bar,3,True,False,True,2019-10-29,2390
REST000029,Restaurant_29,Mumbai,Mumbai_Locality_15,Casual Dining,Multi-Cuisine,13.8,11:00,23:00,773,3.7,757,3.7,3860,3.7,862,Premium,89,89,48,54,18.0,19.0,12,9,184,184,130058,128472,121870,120284,42.0,58.0,Swiggy Better,AC; Private Room; Rooftop; Alcohol; Dine-in; Family Friendly; Takeaway; Parking,8,False,False,False,2024-12-27,504
REST000030,Restaurant_30,Mumbai,Mumbai_Locality_15,Food Truck,North Indian; Japanese,6.5,11:00,23:00,798,3.7,3631,3.7,432,3.7,566,Mid-Range,52,52,37,40,22.0,20.0,5,15,98,98,43265,44374,40717,41826,51.0,49.0,Zomato Better,Rooftop; Live Music; Bar; Outdoor Seating; WiFi; Alcohol; Dine-in,7,False,True,True,2023-10-08,950
REST000031,Restaurant_31,Mumbai,Mumbai_Locality_16,Cloud Kitchen,Italian; Continental,14.0,11:00,23:00,1225,3.6,3878,4.2,2006,3.9,1085,Premium,90,90,48,51,25.0,27.0,6,18,252,294,205065,232862,193725,219632,73.0,27.0,Zomato Better,Parking; Rooftop; Alcohol; WiFi; Dine-in; Bar,6,False,False,True,2016-08-01,3574
REST000032,Restaurant_32,Mumbai,Mumbai_Locality_11,Cloud Kitchen,Japanese,8.5,10:00,23:00,2255,4.7,1966,3.7,4694,4.2,934,Premium,62,62,42,50,26.0,26.0,32,11,369,290,255038,200436,243599,191446,56.0,44.0,Swiggy Better,Rooftop; Private Room; Dessert Bar; Outdoor Seating; Family Friendly; Dine-in; Bar; Parking,8,True,False,False,2025-03-03,438
REST000033,Restaurant_33,Mumbai,Mumbai_Locality_5,Fine Dine,Continental,1.6,09:00,23:00,3231,3.7,667,3.7,2701,3.7,1242,Luxury,30,30,25,31,17.0,17.0,5,14,160,160,164937,164937,162537,162537,51.0,49.0,Balanced,Live Music; Dessert Bar; Private Room,3,False,True,True,2017-11-30,3088
REST000034,Restaurant_34,Mumbai,Mumbai_Locality_15,Cloud Kitchen,Italian; Italian,2.9,07:00,22:00,1256,3.9,2946,4.1,3080,4.0,1032,Premium,34,34,34,35,27.0,23.0,6,22,274,288,206420,228856,201762,223960,66.0,34.0,Zomato Better,Dessert Bar; Live Music; Family Friendly; Vegan Options; Outdoor Seating; Private Room; Rooftop,7,False,False,True,2023-06-05,1075
REST000035,Restaurant_35,Mumbai,Mumbai_Locality_3,Cloud Kitchen,Seafood; Fast Food,6.9,11:00,23:00,1445,3.7,2058,3.7,3752,3.7,768,Premium,54,54,40,43,23.0,25.0,14,9,265,265,156710,152640,149555,145485,65.0,35.0,Swiggy Better,WiFi; Dine-in; Dessert Bar; AC; Smoking Area; Private Room; Vegan Options; Family Friendly,8,False,True,False,2019-06-25,2516
REST000036,Restaurant_36,Mumbai,Mumbai_Locality_9,Casual Dining,Lebanese,10.3,12:00,22:00,2982,3.4,332,3.4,2540,3.4,1052,Premium,71,71,50,46,22.0,19.0,11,7,215,215,176420,183205,168787,175573,42.0,58.0,Zomato Better,Outdoor Seating; Rooftop; Alcohol; Parking,4,False,True,False,2023-05-29,1082
REST000037,Restaurant_37,Mumbai,Mumbai_Locality_3,QSR (Quick Service),Mughlai; Street Food,2.5,12:00,23:00,954,4.7,3006,3.9,749,4.3,958,Premium,32,32,36,30,21.0,21.0,38,11,239,198,180879,149850,177055,146682,54.0,46.0,Swiggy Better,Parking; Takeaway; Dessert Bar; Live Music; Family Friendly; Dine-in; Alcohol; Smoking Area,8,True,True,False,2019-03-01,2632
REST000038,Restaurant_38,Mumbai,Mumbai_Locality_5,Cafe,Seafood; Italian,1.2,09:00,23:00,182,4.2,4413,4.2,1121,4.2,945,Premium,30,30,20,29,23.0,20.0,14,23,154,154,112058,116424,109748,114114,60.0,40.0,Zomato Better,Takeaway; Private Room; Family Friendly; Vegan Options; AC; WiFi; Dine-in; Parking,8,True,False,True,2021-04-20,1851
REST000039,Restaurant_39,Mumbai,Mumbai_Locality_18,QSR (Quick Service),Italian; Pan-Asian,13.6,09:00,22:00,2671,3.8,1010,4.2,3735,4.0,337,Mid-Range,88,88,48,46,17.0,22.0,8,14,233,258,65172,67817,54920,56465,57.0,43.0,Zomato Better,Live Music; Takeaway; Rooftop; Alcohol; Smoking Area; Vegan Options; Dessert Bar,7,True,False,True,2017-08-09,3201
REST000040,Restaurant_40,Mumbai,Mumbai_Locality_5,Food Truck,North Indian,14.8,09:00,22:00,2242,4.6,1089,4.5,131,4.55,883,Premium,94,94,55,51,18.0,17.0,33,13,144,141,104264,103337,97496,96710,51.0,49.0,Swiggy Better,Bar; Takeaway; Family Friendly,3,False,False,True,2020-07-13,2132
REST000041,Restaurant_41,Mumbai,Mumbai_Locality_20,Cloud Kitchen,Thai,1.1,12:00,23:00,3238,3.0,508,4.3,3933,3.65,972,Premium,30,30,25,28,25.0,27.0,10,14,259,372,188811,263956,184926,258376,69.0,31.0,Zomato Better,Outdoor Seating; WiFi; Vegan Options,3,False,False,False,2019-08-04,2476
REST000042,Restaurant_42,Mumbai,Mumbai_Locality_4,Cloud Kitchen,Thai; Italian,12.9,11:00,22:00,2696,3.2,3399,4.4,2786,3.8,1078,Premium,84,84,44,55,24.0,24.0,7,25,262,361,214651,295760,203647,280598,61.0,39.0,Zomato Better,Takeaway; Private Room; Smoking Area,3,True,False,False,2025-03-16,425
REST000043,Restaurant_43,Mumbai,Mumbai_Locality_18,Casual Dining,Japanese,8.6,07:00,23:00,2774,3.6,3474,4.5,431,4.05,739,Premium,63,63,38,39,18.0,21.0,8,13,223,279,135133,162882,128109,154094,49.0,51.0,Zomato Better,Private Room; Alcohol; Parking; Takeaway; WiFi,5,True,False,True,2016-10-23,3491
REST000044,Restaurant_44,Mumbai,Mumbai_Locality_1,Food Truck,Biryani; Desserts,3.1,09:00,23:00,2908,3.8,1183,4.2,4649,4.0,1496,Luxury,35,35,28,32,17.0,21.0,8,22,127,140,157693,165457,155470,163007,58.0,42.0,Zomato Better,Family Friendly; Parking; Outdoor Seating; Private Room; WiFi; Bar,6,True,True,True,2024-07-17,667
REST000045,Restaurant_45,Mumbai,Mumbai_Locality_15,Food Truck,South Indian; Desserts,10.1,11:00,23:00,2019,3.8,4207,4.1,942,3.95,856,Premium,70,70,41,46,20.0,21.0,5,17,116,125,79436,84530,75376,80155,59.0,41.0,Zomato Better,Vegan Options; Dine-in; Private Room; Live Music; WiFi; Bar,6,True,False,False,2023-01-16,1215
REST000046,Restaurant_46,Mumbai,Mumbai_Locality_14,Fine Dine,North Indian,3.0,11:00,22:00,1587,3.2,2911,4.0,600,3.6,963,Premium,35,35,31,29,18.0,17.0,14,23,116,146,91600,116696,89570,114141,40.0,60.0,Zomato Better,AC; Bar; Dessert Bar; Smoking Area; WiFi; Takeaway; Private Room,7,True,False,False,2024-05-12,733
REST000047,Restaurant_47,Mumbai,Mumbai_Locality_4,Cafe,Pan-Asian,4.0,10:00,22:00,2442,3.7,2791,4.2,1825,3.95,832,Premium,40,40,33,31,20.0,18.0,10,21,177,201,117811,137130,114271,133110,58.0,42.0,Zomato Better,Private Room; Dessert Bar; Outdoor Seating; Live Music; Takeaway; Rooftop; WiFi; Bar,8,True,True,True,2017-10-06,3143
REST000048,Restaurant_48,Mumbai,Mumbai_Locality_19,Casual Dining,Lebanese,11.5,12:00,23:00,1868,4.4,1246,3.6,3612,4.0,289,Budget,77,77,41,49,21.0,19.0,12,9,248,203,56620,47520,47072,39704,52.0,48.0,Swiggy Better,Family Friendly; Dine-in; Private Room; Parking; WiFi; Takeaway,6,True,False,True,2021-02-05,1925
REST000049,Restaurant_49,Mumbai,Mumbai_Locality_20,Cloud Kitchen,Korean; Mughlai,7.4,07:00,23:00,647,4.7,2823,4.5,700,4.6,1183,Premium,57,57,38,38,28.0,25.0,39,25,306,293,260638,259964,251917,251613,69.0,31.0,Swiggy Better,Parking; WiFi; AC; Rooftop; Smoking Area,5,True,False,False,2025-07-20,299
REST000050,Restaurant_50,Mumbai,Mumbai_Locality_9,Fine Dine,Japanese; Seafood,11.0,11:00,22:00,2719,3.7,1168,4.5,2875,4.1,785,Premium,75,75,54,45,16.0,18.0,9,37,152,185,100228,119084,94528,112147,46.0,54.0,Zomato Better,Dessert Bar; Rooftop; Parking; Outdoor Seating; Smoking Area; Alcohol,6,True,False,False,2020-08-02,2112
REST000051,Restaurant_51,Mumbai,Mumbai_Locality_7,Fine Dine,Pan-Asian,5.5,10:00,22:00,3168,4.0,642,4.2,2433,4.1,357,Mid-Range,47,47,29,35,15.0,16.0,14,22,172,180,52193,53978,48151,49748,51.0,49.0,Zomato Better,Outdoor Seating; Smoking Area; Bar; Vegan Options,4,True,False,False,2025-10-19,208
REST000052,Restaurant_52,Mumbai,Mumbai_Locality_20,QSR (Quick Service),Biryani; Street Food,4.6,10:00,22:00,3096,3.7,3852,3.9,1599,3.8,903,Premium,42,42,31,28,22.0,22.0,13,13,237,249,166928,175380,161951,170151,54.0,46.0,Zomato Better,Outdoor Seating; Private Room; Live Music; Vegan Options; Smoking Area; WiFi,6,True,False,False,2016-06-26,3610
REST000053,Restaurant_53,Mumbai,Mumbai_Locality_4,Food Truck,Italian; Thai,4.6,08:00,23:00,3155,3.5,3593,4.2,761,3.85,604,Mid-Range,42,42,38,24,19.0,19.0,10,17,120,144,58708,70450,56188,67426,64.0,36.0,Zomato Better,Takeaway; Parking; Live Music; Dine-in; Private Room; Smoking Area,6,False,True,True,2024-09-29,593
REST000054,Restaurant_54,Mumbai,Mumbai_Locality_16,QSR (Quick Service),Multi-Cuisine; Continental,7.0,07:00,22:00,51,4.0,4505,4.8,4997,4.4,1230,Luxury,55,55,31,43,18.0,18.0,24,22,181,217,182556,218866,177579,212898,50.0,50.0,Zomato Better,Private Room; Family Friendly; Vegan Options,3,True,True,True,2018-03-25,2973
REST000055,Restaurant_55,Mumbai,Mumbai_Locality_12,QSR (Quick Service),Mexican,4.0,08:00,22:00,1736,3.6,4319,3.9,4467,3.75,1189,Premium,40,40,34,27,22.0,17.0,11,10,200,217,185484,214150,181484,209810,45.0,55.0,Zomato Better,Bar; Dine-in; Parking; Takeaway; Rooftop,5,True,True,False,2017-08-20,3190
REST000056,Restaurant_56,Mumbai,Mumbai_Locality_11,Casual Dining,South Indian,12.3,12:00,23:00,747,4.5,1503,3.9,1114,4.2,279,Budget,81,81,47,37,18.0,22.0,21,10,223,193,51017,42000,41986,34184,41.0,59.0,Swiggy Better,Alcohol; AC; Smoking Area; Family Friendly; WiFi,5,True,True,False,2023-01-30,1201
REST000057,Restaurant_57,Mumbai,Mumbai_Locality_4,Fine Dine,Lebanese,12.1,10:00,23:00,1819,4.3,1540,3.8,4074,4.05,1168,Premium,80,80,43,55,12.0,15.0,23,14,161,142,165482,140977,159042,135297,44.0,56.0,Swiggy Better,Alcohol; WiFi; Parking; Takeaway,4,True,False,False,2018-11-16,2737
REST000058,Restaurant_58,Mumbai,Mumbai_Locality_6,QSR (Quick Service),Street Food; Mexican,10.5,10:00,22:00,1469,3.9,3573,3.1,2259,3.5,1459,Luxury,72,72,58,44,21.0,19.0,15,7,210,167,242048,197358,234488,191346,47.0,53.0,Swiggy Better,Outdoor Seating; Private Room; Vegan Options,3,False,True,True,2024-11-14,547
REST000059,Restaurant_59,Mumbai,Mumbai_Locality_13,Casual Dining,Lebanese,14.3,11:00,22:00,162,3.6,3057,3.1,3646,3.35,307,Mid-Range,91,91,48,50,21.0,18.0,6,5,165,142,40017,35747,32509,29286,46.0,54.0,Swiggy Better,Outdoor Seating; Family Friendly; Alcohol; AC; Rooftop; Takeaway; WiFi; Dessert Bar,8,False,True,False,2019-06-05,2536
REST000060,Restaurant_60,Mumbai,Mumbai_Locality_5,Cafe,Multi-Cuisine,12.9,08:00,23:00,1881,4.7,2628,4.0,2856,4.35,282,Budget,84,84,46,49,18.0,21.0,40,15,212,181,49022,40323,40118,32721,51.0,49.0,Swiggy Better,Alcohol; Live Music; Takeaway; Private Room; Outdoor Seating,5,True,False,False,2025-12-29,137
REST000061,Restaurant_61,Mumbai,Mumbai_Locality_18,Food Truck,Korean,2.4,07:00,23:00,383,3.5,3931,4.4,4316,3.95,991,Premium,31,31,30,20,23.0,21.0,12,24,88,111,67150,86900,65786,85180,46.0,54.0,Zomato Better,Alcohol; Parking; Outdoor Seating; Smoking Area; Dessert Bar; Vegan Options; Rooftop; Bar,8,False,True,True,2016-12-18,3435
REST000062,Restaurant_62,Mumbai,Mumbai_Locality_6,Food Truck,Continental,5.2,08:00,23:00,2935,4.5,2336,3.8,656,4.15,663,Mid-Range,46,46,39,47,21.0,21.0,22,13,151,127,79089,66518,75616,63597,50.0,50.0,Swiggy Better,Outdoor Seating; Vegan Options; Private Room; Smoking Area; Bar; Rooftop; Parking; Dine-in,8,True,True,False,2025-10-11,216
REST000063,Restaurant_63,Mumbai,Mumbai_Locality_20,Cafe,Bakery; Mexican,9.8,12:00,23:00,2069,3.8,2016,3.7,3336,3.75,759,Premium,69,69,37,46,19.0,20.0,10,14,175,170,107588,103224,101550,97359,48.0,52.0,Swiggy Better,Parking; Private Room; Bar; Smoking Area,4,False,False,False,2024-10-27,565
REST000064,Restaurant_64,Mumbai,Mumbai_Locality_8,Food Truck,Japanese,7.3,10:00,22:00,1125,4.1,3156,4.1,3435,4.1,658,Mid-Range,56,56,50,37,23.0,21.0,16,15,113,113,57252,58739,54088,55575,61.0,39.0,Zomato Better,Alcohol; Family Friendly; Private Room; WiFi; Rooftop; Dine-in,6,True,False,False,2020-08-14,2100
REST000065,Restaurant_65,Mumbai,Mumbai_Locality_2,Casual Dining,Bakery,1.2,11:00,23:00,2057,4.0,890,4.0,3540,4.0,424,Mid-Range,30,30,33,21,19.0,19.0,16,21,230,230,78991,78991,75541,75541,51.0,49.0,Balanced,WiFi; Takeaway; AC; Alcohol; Family Friendly; Bar; Smoking Area,7,True,True,False,2025-03-15,426
REST000066,Restaurant_66,Mumbai,Mumbai_Locality_12,QSR (Quick Service),Mughlai,11.4,11:00,23:00,845,3.9,1132,4.0,2738,3.95,1120,Premium,77,77,44,47,18.0,23.0,10,15,195,200,179088,172480,171580,164780,63.0,37.0,Swiggy Better,Vegan Options; Bar; WiFi; Smoking Area; Parking; Alcohol,6,False,False,True,2020-12-17,1975
REST000067,Restaurant_67,Mumbai,Mumbai_Locality_19,QSR (Quick Service),Mughlai; Mexican,5.0,12:00,22:00,3000,3.7,4748,3.8,4741,3.75,616,Mid-Range,45,45,33,28,21.0,21.0,11,7,234,241,113873,117280,108608,111857,48.0,52.0,Zomato Better,Live Music; Dine-in; Vegan Options; Bar; Takeaway; Smoking Area; Private Room; Family Friendly,8,False,False,False,2024-08-03,650
REST000068,Restaurant_68,Mumbai,Mumbai_Locality_20,Cafe,Bakery,13.8,12:00,22:00,3605,3.9,4604,3.5,2672,3.7,1129,Premium,89,89,48,51,22.0,19.0,10,15,209,188,184049,171924,174749,163558,48.0,52.0,Swiggy Better,Dessert Bar; Smoking Area; Rooftop; Bar; WiFi; Vegan Options; Family Friendly; Live Music,8,True,False,False,2020-01-12,2315
REST000069,Restaurant_69,Mumbai,Mumbai_Locality_16,Casual Dining,Seafood; Bakery,5.1,11:00,23:00,1458,3.9,4459,4.5,3120,4.2,958,Premium,45,45,40,23,19.0,19.0,6,31,210,242,162955,187787,158230,182342,52.0,48.0,Zomato Better,Dessert Bar; WiFi; Bar; Family Friendly; Live Music; Smoking Area,6,False,False,True,2024-09-30,592
REST000070,Restaurant_70,Mumbai,Mumbai_Locality_2,Food Truck,Korean,10.2,08:00,22:00,2205,4.4,3879,4.1,833,4.25,431,Mid-Range,71,71,51,45,19.0,23.0,25,25,137,128,47828,42479,42964,37935,64.0,36.0,Swiggy Better,Live Music; Rooftop; WiFi; Parking; Private Room; Dine-in; Takeaway; Smoking Area,8,True,True,True,2021-08-08,1741
REST000071,Restaurant_71,Mumbai,Mumbai_Locality_10,Fine Dine,Mediterranean; Fast Food,13.2,09:00,22:00,67,4.3,3732,3.8,4460,4.05,1223,Luxury,86,86,39,51,15.0,13.0,13,10,130,115,135141,122361,129551,117416,53.0,47.0,Swiggy Better,Bar; Family Friendly; Dessert Bar; WiFi,4,True,True,False,2018-01-10,3047
REST000072,Restaurant_72,Mumbai,Mumbai_Locality_6,QSR (Quick Service),Korean; Bakery,9.4,10:00,23:00,2646,3.8,791,4.0,1523,3.9,437,Mid-Range,67,67,32,45,19.0,20.0,9,20,232,245,82121,85652,74349,77444,45.0,55.0,Zomato Better,Vegan Options; Bar; Smoking Area; Dine-in; WiFi,5,False,True,True,2025-08-04,284
REST000073,Restaurant_73,Mumbai,Mumbai_Locality_17,Cloud Kitchen,Seafood,13.9,09:00,22:00,2911,3.4,3020,3.3,1819,3.35,598,Mid-Range,89,89,58,51,28.0,24.0,13,12,285,276,122709,125436,110027,113154,64.0,36.0,Zomato Better,Rooftop; Dessert Bar; Live Music; Smoking Area; Private Room; Vegan Options; Takeaway,7,False,False,True,2025-05-31,349
REST000074,Restaurant_74,Mumbai,Mumbai_Locality_19,Fine Dine,Japanese; Bakery,8.3,09:00,23:00,703,4.2,4787,4.2,4014,4.2,336,Mid-Range,61,61,45,38,13.0,14.0,11,24,138,138,40340,39876,36131,35667,41.0,59.0,Swiggy Better,Rooftop; WiFi; Bar; Dine-in; AC; Private Room; Smoking Area; Live Music,8,True,True,False,2021-07-15,1765
REST000075,Restaurant_75,Mumbai,Mumbai_Locality_2,Cafe,Chinese,14.1,10:00,22:00,312,3.9,1119,4.2,3453,4.05,916,Premium,90,90,58,52,22.0,19.0,15,14,146,157,104314,116487,97744,109422,62.0,38.0,Zomato Better,Private Room; Parking; Takeaway; Outdoor Seating; Alcohol; AC; Dessert Bar; Bar,8,True,True,True,2017-10-22,3127
REST000076,Restaurant_76,Mumbai,Mumbai_Locality_14,QSR (Quick Service),Street Food; Japanese,8.2,08:00,22:00,3402,3.8,1554,4.1,934,3.95,215,Budget,60,60,43,36,22.0,17.0,8,12,250,270,41925,48181,34425,40081,60.0,40.0,Zomato Better,Vegan Options; Dine-in; Family Friendly,3,True,True,True,2017-12-25,3063
REST000077,Restaurant_77,Mumbai,Mumbai_Locality_7,Cloud Kitchen,Street Food,11.4,07:00,22:00,3208,3.7,4729,4.0,2622,3.85,1332,Luxury,77,77,41,43,24.0,23.0,15,17,319,345,322930,353845,310648,340563,61.0,39.0,Zomato Better,WiFi; Smoking Area; Dine-in; Alcohol; Vegan Options; Outdoor Seating,6,False,False,False,2025-10-05,222
REST000078,Restaurant_78,Mumbai,Mumbai_Locality_17,Cafe,Biryani,5.1,10:00,22:00,1735,3.9,4416,4.2,3889,4.05,643,Mid-Range,45,45,37,31,22.0,22.0,13,23,173,187,86766,93787,82873,89580,59.0,41.0,Zomato Better,Alcohol; Smoking Area; Outdoor Seating; AC; Live Music; WiFi,6,True,False,True,2019-01-14,2678
REST000079,Restaurant_79,Mumbai,Mumbai_Locality_7,Cloud Kitchen,Pan-Asian,1.2,12:00,22:00,1574,4.2,4823,3.8,4588,4.0,594,Mid-Range,30,30,17,28,28.0,22.0,16,6,306,277,130870,128339,126280,124184,62.0,38.0,Swiggy Better,Rooftop; Family Friendly; Live Music; Bar; Vegan Options; Smoking Area; AC; Dessert Bar,8,False,False,False,2022-01-07,1589
REST000080,Restaurant_80,Mumbai,Mumbai_Locality_9,Food Truck,Lebanese,5.7,10:00,23:00,3645,4.9,3856,4.7,2633,4.8,566,Mid-Range,48,48,32,40,18.0,18.0,28,37,176,169,81685,78436,77461,74380,56.0,44.0,Swiggy Better,Vegan Options; Bar; AC; WiFi; Outdoor Seating; Live Music; Parking,7,True,False,True,2019-11-25,2363
REST000081,Restaurant_81,Mumbai,Mumbai_Locality_11,Cloud Kitchen,Japanese; Biryani,4.2,10:00,23:00,3395,3.4,2895,4.2,1396,3.8,436,Mid-Range,41,41,32,27,25.0,26.0,5,11,298,369,97446,119054,91337,111489,73.0,27.0,Zomato Better,Private Room; Dessert Bar; Dine-in,3,True,False,True,2024-09-29,593
REST000082,Restaurant_82,Mumbai,Mumbai_Locality_17,Fine Dine,Continental,7.1,11:00,23:00,277,4.0,4369,3.9,4529,3.95,992,Premium,55,55,45,39,18.0,12.0,23,7,124,121,100866,105628,97456,102300,44.0,56.0,Zomato Better,Smoking Area; Takeaway; Alcohol,3,True,True,False,2024-02-19,816
REST000083,Restaurant_83,Mumbai,Mumbai_Locality_12,QSR (Quick Service),Desserts; Chinese,14.4,11:00,22:00,1910,4.3,670,4.0,269,4.15,341,Mid-Range,92,92,49,56,21.0,21.0,12,25,244,227,65731,61151,54507,50709,55.0,45.0,Swiggy Better,Dessert Bar; Rooftop; Parking; Vegan Options; Takeaway; Alcohol,6,True,True,False,2023-12-02,895
REST000084,Restaurant_84,Mumbai,Mumbai_Locality_9,QSR (Quick Service),South Indian; Biryani,13.5,12:00,22:00,2338,4.3,138,4.7,1707,4.5,1352,Luxury,87,87,57,59,23.0,19.0,14,27,255,279,265465,305538,254372,293401,61.0,39.0,Zomato Better,Private Room; Smoking Area; AC; Dessert Bar; Alcohol; Parking; Rooftop,7,True,True,False,2020-09-02,2081
REST000085,Restaurant_85,Mumbai,Mumbai_Locality_3,Fine Dine,Italian,5.4,11:00,23:00,3179,4.3,2249,3.9,3700,4.1,1154,Premium,47,47,36,42,13.0,16.0,22,6,185,167,185736,161883,181388,157958,46.0,54.0,Swiggy Better,WiFi; Rooftop; Live Music; Bar; Takeaway; Dessert Bar; Smoking Area,7,True,False,True,2018-04-22,2945
REST000086,Restaurant_86,Mumbai,Mumbai_Locality_4,Cafe,Mediterranean,1.8,10:00,23:00,1292,4.0,725,3.8,1545,3.9,1032,Premium,30,30,22,30,17.0,19.0,12,14,169,161,144758,134583,142223,132168,53.0,47.0,Swiggy Better,Rooftop; Parking; AC; Dine-in; WiFi; Smoking Area; Vegan Options,7,True,True,True,2019-11-16,2372
REST000087,Restaurant_87,Mumbai,Mumbai_Locality_9,Cafe,Mediterranean,4.9,08:00,22:00,2049,4.2,2465,4.3,3976,4.25,307,Mid-Range,44,44,27,44,20.0,21.0,24,13,193,198,47400,48020,43154,43664,59.0,41.0,Zomato Better,WiFi; Dine-in; AC; Parking,4,False,False,False,2021-05-08,1833
REST000088,Restaurant_88,Mumbai,Mumbai_Locality_10,Cloud Kitchen,Lebanese; Continental,5.1,08:00,23:00,2877,3.6,2624,5.0,2397,4.3,1446,Luxury,45,45,28,35,24.0,27.0,11,31,301,418,330786,441232,324014,431827,60.0,40.0,Zomato Better,Smoking Area; Vegan Options; Live Music,3,True,True,False,2018-02-18,3008
REST000089,Restaurant_89,Mumbai,Mumbai_Locality_10,Cafe,Bakery,12.6,10:00,23:00,313,4.2,2079,4.3,1272,4.25,1016,Premium,83,83,50,48,20.0,19.0,23,11,157,161,127609,132496,121094,125815,65.0,35.0,Zomato Better,Bar; Rooftop; Alcohol; Vegan Options; Dessert Bar,5,True,True,True,2017-08-31,3179
REST000090,Restaurant_90,Mumbai,Mumbai_Locality_20,Cafe,Biryani,1.1,12:00,23:00,2672,4.4,3536,3.9,877,4.15,171,Budget,30,30,30,29,20.0,21.0,17,12,216,191,29548,25802,26308,22937,60.0,40.0,Swiggy Better,AC; Family Friendly; Rooftop; Dessert Bar; Vegan Options,5,True,False,False,2026-01-05,130
REST000091,Restaurant_91,Mumbai,Mumbai_Locality_3,Fine Dine,Seafood,2.2,08:00,23:00,3020,3.8,1704,4.4,4278,4.1,1139,Premium,31,31,28,31,15.0,12.0,5,13,161,186,155872,186431,153376,183548,51.0,49.0,Zomato Better,Private Room; Parking; Dessert Bar,3,True,True,True,2017-12-25,3063
REST000092,Restaurant_92,Mumbai,Mumbai_Locality_11,Food Truck,Fast Food,8.6,08:00,23:00,1922,3.8,3550,3.8,3250,3.8,209,Budget,63,63,41,31,20.0,17.0,8,8,115,115,19228,19949,15605,16326,54.0,46.0,Zomato Better,Rooftop; Bar; Smoking Area; Takeaway; Vegan Options,5,True,True,False,2022-03-09,1528
REST000093,Restaurant_93,Mumbai,Mumbai_Locality_16,Casual Dining,Street Food,8.2,09:00,23:00,2647,3.6,2860,3.7,2893,3.65,1087,Premium,60,60,34,35,19.0,21.0,6,15,220,226,193703,194072,187103,187292,51.0,49.0,Zomato Better,Parking; Takeaway; Live Music; WiFi,4,True,True,True,2022-02-06,1559
REST000094,Restaurant_94,Mumbai,Mumbai_Locality_5,Food Truck,Mediterranean,8.8,08:00,23:00,1762,3.6,1429,3.5,4555,3.55,491,Mid-Range,64,64,39,42,20.0,17.0,10,5,107,104,42029,42383,38605,39055,51.0,49.0,Zomato Better,Outdoor Seating; Live Music; AC; Alcohol; Bar; Family Friendly,6,False,False,False,2021-08-17,1732
REST000095,Restaurant_95,Mumbai,Mumbai_Locality_1,Cloud Kitchen,Fast Food,12.0,09:00,22:00,933,3.9,1387,4.5,3756,4.2,1308,Luxury,80,80,48,40,23.0,23.0,13,31,263,304,264883,306176,254363,294016,66.0,34.0,Zomato Better,Private Room; Rooftop; Dine-in; Bar; Family Friendly; Alcohol; Live Music,7,False,True,True,2018-01-13,3044
REST000096,Restaurant_96,Mumbai,Mumbai_Locality_12,QSR (Quick Service),South Indian,13.0,10:00,22:00,386,4.0,4826,3.7,2882,3.85,1399,Luxury,85,85,48,48,18.0,18.0,11,14,189,175,216817,200756,208784,193319,48.0,52.0,Swiggy Better,Alcohol; WiFi; Vegan Options; Smoking Area; Outdoor Seating,5,False,False,False,2023-01-16,1215
REST000097,Restaurant_97,Mumbai,Mumbai_Locality_14,Food Truck,Biryani; Continental,13.8,12:00,22:00,1165,3.9,1208,3.8,2648,3.85,656,Mid-Range,89,89,53,45,20.0,19.0,11,11,108,105,56678,55792,51872,51120,55.0,45.0,Swiggy Better,Takeaway; Dessert Bar; Rooftop; Smoking Area; AC; Alcohol,6,False,False,False,2021-03-10,1892
REST000098,Restaurant_98,Mumbai,Mumbai_Locality_3,QSR (Quick Service),Korean,11.1,12:00,23:00,1907,4.4,3268,3.4,1794,3.9,1029,Premium,75,75,49,41,19.0,20.0,14,14,249,192,207539,158054,198201,150854,51.0,49.0,Swiggy Better,Rooftop; Parking; Dessert Bar; Dine-in; Bar; Takeaway,6,False,True,True,2024-11-23,538
REST000099,Restaurant_99,Mumbai,Mumbai_Locality_14,Cloud Kitchen,Street Food,3.4,08:00,23:00,2850,4.5,2254,4.8,774,4.65,1490,Luxury,37,37,30,33,26.0,22.0,40,29,375,400,413475,464880,406537,457480,68.0,32.0,Zomato Better,Bar; Rooftop; Live Music; AC; Dessert Bar; Takeaway; Vegan Options; Dine-in,8,True,False,True,2025-05-31,349
REST000100,Restaurant_100,Mumbai,Mumbai_Locality_15,Food Truck,Cafe,0.6,09:00,22:00,2879,4.4,1092,4.0,3923,4.2,295,Budget,30,30,26,28,18.0,19.0,19,14,147,133,35559,31780,33354,29785,61.0,39.0,Swiggy Better,Rooftop; Private Room; Smoking Area; Outdoor Seating; Dessert Bar; Bar,6,True,True,True,2019-06-12,2529
REST000101,Restaurant_101,Mumbai,Mumbai_Locality_5,Cloud Kitchen,Pan-Asian; Lebanese,13.8,12:00,23:00,2553,4.1,833,3.9,1156,4.0,402,Mid-Range,89,89,48,49,24.0,23.0,18,15,332,315,101432,97505,86658,83487,74.0,26.0,Swiggy Better,Live Music; Alcohol; Vegan Options,3,False,True,False,2016-10-12,3502
REST000102,Restaurant_102,Mumbai,Mumbai_Locality_13,Casual Dining,Thai; Bakery,4.8,08:00,23:00,253,3.8,4875,4.2,591,4.0,1231,Luxury,44,44,35,34,19.0,19.0,14,23,176,195,175491,194436,171619,190146,45.0,55.0,Zomato Better,Alcohol; Dessert Bar; Outdoor Seating; Family Friendly; Takeaway,5,True,True,False,2026-02-18,86
REST000103,Restaurant_103,Mumbai,Mumbai_Locality_17,Casual Dining,South Indian; Mediterranean,4.7,11:00,23:00,2948,3.6,4405,4.2,4414,3.9,1411,Luxury,43,43,35,36,23.0,23.0,7,20,227,265,246628,287914,241748,282217,41.0,59.0,Zomato Better,Vegan Options; Dessert Bar; Rooftop; Private Room; Bar; Takeaway,6,False,False,True,2018-02-07,3019
REST000104,Restaurant_104,Mumbai,Mumbai_Locality_14,Fine Dine,Cafe,2.2,11:00,22:00,2537,3.8,1448,4.6,988,4.2,175,Budget,31,31,27,21,18.0,15.0,9,25,153,185,21955,27518,19584,24651,42.0,58.0,Zomato Better,Outdoor Seating; Bar; Rooftop; WiFi; Takeaway,5,True,False,False,2017-03-28,3335
REST000105,Restaurant_105,Mumbai,Mumbai_Locality_19,QSR (Quick Service),Thai,9.6,10:00,23:00,2062,4.7,1377,4.3,3022,4.5,472,Mid-Range,68,68,44,46,21.0,18.0,36,10,271,248,101050,95985,91836,87553,56.0,44.0,Swiggy Better,Private Room; Smoking Area; Dine-in,3,True,True,False,2020-12-30,1962
REST000106,Restaurant_106,Mumbai,Mumbai_Locality_2,Cloud Kitchen,Continental,8.5,12:00,23:00,2954,4.0,2630,4.3,2232,4.15,309,Mid-Range,62,62,39,40,22.0,23.0,11,22,337,362,81223,86130,70776,74908,68.0,32.0,Zomato Better,Smoking Area; Family Friendly; WiFi,3,False,False,False,2025-04-27,383
REST000107,Restaurant_107,Mumbai,Mumbai_Locality_19,Fine Dine,Pan-Asian,11.9,11:00,22:00,3059,3.5,4051,4.1,1610,3.8,1269,Luxury,79,79,49,45,14.0,13.0,10,10,148,174,161518,192101,155672,185228,40.0,60.0,Zomato Better,Dine-in; Rooftop; Dessert Bar; AC; WiFi,5,True,True,True,2020-05-06,2200
REST000108,Restaurant_108,Mumbai,Mumbai_Locality_9,Cloud Kitchen,Multi-Cuisine; Continental,1.8,11:00,23:00,978,3.9,705,3.6,4767,3.75,345,Mid-Range,30,30,21,28,26.0,22.0,15,7,265,244,67654,65660,63679,62000,63.0,37.0,Swiggy Better,WiFi; Smoking Area; Parking; AC,4,False,False,False,2021-03-18,1884
REST000109,Restaurant_109,Mumbai,Mumbai_Locality_19,Casual Dining,Chinese; Continental,2.1,08:00,23:00,462,3.6,4400,4.1,2945,3.85,575,Mid-Range,30,30,23,30,18.0,22.0,9,11,172,196,81098,87906,78518,84966,53.0,47.0,Zomato Better,Private Room; Smoking Area; Parking; Outdoor Seating,4,True,True,False,2022-04-19,1487
REST000110,Restaurant_110,Mumbai,Mumbai_Locality_6,Food Truck,South Indian; Desserts,1.0,10:00,22:00,1686,4.2,1155,4.1,1004,4.15,174,Budget,30,30,35,30,18.0,19.0,12,18,124,121,17692,17053,15832,15238,49.0,51.0,Swiggy Better,Dine-in; Takeaway; Live Music,3,False,True,False,2025-04-04,406
REST000111,Restaurant_111,Mumbai,Mumbai_Locality_6,Fine Dine,South Indian; South Indian,13.9,12:00,23:00,1804,3.6,3505,4.0,1425,3.8,874,Premium,89,89,53,55,17.0,12.0,14,17,134,149,97206,114598,91243,107968,44.0,56.0,Zomato Better,WiFi; Family Friendly; AC; Alcohol; Private Room; Dine-in; Takeaway; Smoking Area,8,False,True,True,2021-08-02,1747
REST000112,Restaurant_112,Mumbai,Mumbai_Locality_18,Cafe,Thai,12.0,12:00,23:00,1596,3.3,2828,4.1,4643,3.7,1178,Premium,80,80,47,52,21.0,17.0,9,11,144,179,134009,175015,128249,167855,46.0,54.0,Zomato Better,Alcohol; Parking; Rooftop; Vegan Options; Live Music; Outdoor Seating,6,True,True,True,2018-12-03,2720
REST000113,Restaurant_113,Mumbai,Mumbai_Locality_8,QSR (Quick Service),Japanese; South Indian,8.8,10:00,23:00,3296,5.0,1433,3.5,1452,4.25,634,Mid-Range,64,64,35,37,22.0,17.0,31,14,326,228,161213,119978,150781,112682,59.0,41.0,Swiggy Better,Outdoor Seating; Vegan Options; Live Music; Family Friendly; Alcohol; WiFi; Smoking Area,7,False,True,True,2025-04-11,399
REST000114,Restaurant_114,Mumbai,Mumbai_Locality_17,Casual Dining,Vietnamese,7.4,11:00,22:00,1388,4.1,1463,3.7,2660,3.9,271,Budget,57,57,46,40,22.0,22.0,21,6,219,198,46292,41853,40050,36210,54.0,46.0,Swiggy Better,Bar; Dessert Bar; AC; Vegan Options; Takeaway,5,False,False,True,2022-09-02,1351
REST000115,Restaurant_115,Mumbai,Mumbai_Locality_11,Casual Dining,Mexican; Multi-Cuisine,3.0,12:00,23:00,2331,4.1,1446,4.5,3109,4.3,778,Premium,35,35,30,26,17.0,21.0,22,38,243,267,156914,164103,152662,159431,43.0,57.0,Zomato Better,Outdoor Seating; Vegan Options; Parking,3,True,True,True,2020-09-21,2062
REST000116,Restaurant_116,Mumbai,Mumbai_Locality_11,QSR (Quick Service),Chinese,2.9,12:00,23:00,393,3.7,2054,4.1,565,3.9,867,Premium,34,34,30,33,19.0,21.0,7,23,175,194,122897,132876,119922,129578,45.0,55.0,Zomato Better,Smoking Area; AC; Parking; Alcohol; Private Room; Takeaway,6,False,True,False,2024-06-18,696
REST000117,Restaurant_117,Mumbai,Mumbai_Locality_11,Fine Dine,South Indian,4.3,07:00,23:00,458,4.2,624,4.3,4491,4.25,340,Mid-Range,41,41,25,45,16.0,15.0,15,23,133,137,37984,39593,35258,36784,53.0,47.0,Zomato Better,Dine-in; Takeaway; Parking; Live Music,4,True,False,False,2018-06-21,2885
REST000118,Restaurant_118,Mumbai,Mumbai_Locality_4,Cafe,Seafood,1.2,11:00,23:00,2371,4.2,3512,4.3,727,4.25,753,Premium,30,30,30,21,18.0,18.0,19,12,200,205,123492,126579,120492,123504,55.0,45.0,Zomato Better,Private Room; Takeaway; WiFi; AC; Family Friendly; Dessert Bar,6,False,True,False,2019-02-02,2659
REST000119,Restaurant_119,Mumbai,Mumbai_Locality_6,Casual Dining,Pan-Asian; Pan-Asian,7.0,10:00,23:00,1108,3.9,4632,4.8,514,4.35,459,Mid-Range,55,55,39,31,19.0,20.0,14,27,202,248,75101,91065,69546,84245,41.0,59.0,Zomato Better,Dine-in; Private Room; AC; Alcohol; Rooftop; Bar; Family Friendly,7,True,False,True,2022-12-08,1254
REST000120,Restaurant_120,Mumbai,Mumbai_Locality_17,Cloud Kitchen,South Indian,12.1,11:00,22:00,2805,4.5,1426,4.5,1379,4.5,583,Mid-Range,80,80,50,46,28.0,25.0,40,24,373,373,156570,163094,141650,148174,63.0,37.0,Zomato Better,WiFi; Parking; Bar; Takeaway; Rooftop; AC; Alcohol,7,False,False,False,2016-09-06,3538
REST000121,Restaurant_121,Mumbai,Mumbai_Locality_20,Food Truck,Street Food; North Indian,9.0,10:00,22:00,3231,3.8,4826,4.1,4783,3.95,355,Mid-Range,65,65,48,40,19.0,20.0,10,23,131,141,37669,40044,33411,35461,47.0,53.0,Zomato Better,AC; Dessert Bar; Family Friendly; Vegan Options; Bar,5,False,True,False,2024-05-10,735
REST000122,Restaurant_122,Mumbai,Mumbai_Locality_13,Cloud Kitchen,Continental; Biryani,1.1,09:00,22:00,3630,4.4,2210,4.1,3061,4.25,191,Budget,30,30,22,34,27.0,27.0,13,17,395,368,55074,51310,49149,45790,61.0,39.0,Swiggy Better,WiFi; Bar; Family Friendly; Parking,4,False,False,True,2019-07-04,2507
REST000123,Restaurant_123,Mumbai,Mumbai_Locality_14,Casual Dining,Street Food,11.2,11:00,23:00,3140,4.2,1312,3.6,547,3.9,787,Premium,76,76,46,42,20.0,20.0,15,8,270,231,169992,145437,159732,136659,52.0,48.0,Swiggy Better,Private Room; Dine-in; Live Music; Smoking Area,4,False,True,True,2022-03-31,1506
REST000124,Restaurant_124,Mumbai,Mumbai_Locality_13,QSR (Quick Service),Pan-Asian; Thai,9.7,12:00,22:00,537,4.0,3664,4.5,1464,4.25,1121,Premium,68,68,40,41,22.0,21.0,12,29,193,217,168755,192173,162193,184795,48.0,52.0,Zomato Better,AC; Dine-in; Outdoor Seating,3,True,True,True,2019-01-11,2681
REST000125,Restaurant_125,Mumbai,Mumbai_Locality_14,Cafe,Bakery,7.9,12:00,22:00,3571,3.8,1428,4.0,4934,3.9,167,Budget,59,59,41,47,21.0,21.0,9,23,203,214,26781,28233,20793,21920,64.0,36.0,Zomato Better,Private Room; Parking; Family Friendly; WiFi; Live Music; Rooftop,6,False,False,True,2019-09-25,2424
REST000126,Restaurant_126,Mumbai,Mumbai_Locality_18,Fine Dine,Thai; Pan-Asian,9.9,09:00,23:00,2524,3.8,2764,3.6,2274,3.7,1461,Luxury,69,69,42,48,18.0,16.0,8,7,153,145,183297,177949,178018,172947,50.0,50.0,Swiggy Better,Rooftop; Live Music; Dine-in; Vegan Options; AC; Parking; Outdoor Seating,7,True,False,False,2022-12-22,1240
REST000127,Restaurant_127,Mumbai,Mumbai_Locality_2,Cloud Kitchen,Mediterranean,9.0,08:00,23:00,2373,4.0,4389,3.7,3907,3.85,884,Premium,65,65,33,42,27.0,23.0,13,12,318,294,205211,200119,194876,190564,72.0,28.0,Swiggy Better,Bar; WiFi; Smoking Area; Alcohol,4,True,False,True,2018-12-13,2710
REST000128,Restaurant_128,Mumbai,Mumbai_Locality_10,Casual Dining,Pan-Asian,6.6,09:00,23:00,1387,3.6,974,3.8,3864,3.7,259,Budget,53,53,42,33,17.0,22.0,13,6,192,203,41274,41010,36186,35630,54.0,46.0,Swiggy Better,AC; Alcohol; WiFi; Smoking Area; Dine-in; Outdoor Seating; Vegan Options; Live Music,8,False,False,False,2019-11-26,2362
REST000129,Restaurant_129,Mumbai,Mumbai_Locality_3,Casual Dining,Mughlai; Fast Food,7.6,08:00,23:00,2614,4.0,2250,4.0,1725,4.0,495,Mid-Range,58,58,37,38,22.0,18.0,23,23,244,244,94208,99039,87132,91963,52.0,48.0,Zomato Better,AC; Family Friendly; Smoking Area; Dine-in; Bar; Alcohol,6,True,False,False,2026-02-17,87
REST000130,Restaurant_130,Mumbai,Mumbai_Locality_1,Food Truck,Bakery,9.6,08:00,23:00,1049,3.9,4133,4.2,4832,4.05,776,Premium,68,68,48,52,19.0,21.0,14,20,107,115,67255,70499,63617,66589,51.0,49.0,Zomato Better,Smoking Area; Dessert Bar; Outdoor Seating; Parking; Family Friendly; Bar,6,True,True,False,2017-03-08,3355
REST000131,Restaurant_131,Mumbai,Mumbai_Locality_5,Fine Dine,Cafe,3.6,11:00,22:00,119,4.5,316,4.4,3083,4.45,1461,Luxury,38,38,31,38,18.0,16.0,10,11,137,134,164128,164450,161525,161904,41.0,59.0,Zomato Better,Takeaway; AC; Family Friendly; Private Room; Smoking Area; Alcohol; WiFi; Rooftop,8,True,True,True,2018-06-29,2877
REST000132,Restaurant_132,Mumbai,Mumbai_Locality_17,QSR (Quick Service),Mexican; Biryani,4.4,12:00,22:00,2510,3.3,4200,4.4,974,3.85,728,Premium,42,42,35,35,18.0,19.0,13,16,199,266,118795,156854,114616,151268,49.0,51.0,Zomato Better,Bar; AC; WiFi; Outdoor Seating; Dine-in,5,False,True,False,2018-07-28,2848
REST000133,Restaurant_133,Mumbai,Mumbai_Locality_3,QSR (Quick Service),Cafe,13.6,11:00,23:00,3451,4.1,4201,4.1,624,4.1,357,Mid-Range,88,88,58,48,23.0,19.0,11,13,271,271,74495,78365,62571,66441,54.0,46.0,Zomato Better,Private Room; Dine-in; WiFi; Parking,4,False,False,True,2018-01-02,3055
REST000134,Restaurant_134,Mumbai,Mumbai_Locality_5,Fine Dine,South Indian,10.1,09:00,23:00,728,4.8,2207,3.4,771,4.1,913,Premium,70,70,46,42,18.0,14.0,32,12,158,112,118288,87940,112758,84020,46.0,54.0,Swiggy Better,Dessert Bar; Rooftop; Outdoor Seating; Takeaway; Private Room; Dine-in,6,True,True,False,2021-08-15,1734
REST000135,Restaurant_135,Mumbai,Mumbai_Locality_20,Food Truck,Biryani,6.0,11:00,22:00,1498,4.5,1080,3.4,3967,3.95,1149,Premium,50,50,40,40,19.0,19.0,36,14,130,98,120989,91207,117739,88757,46.0,54.0,Swiggy Better,Vegan Options; Live Music; Dessert Bar; Parking; Alcohol; Rooftop; Takeaway; AC,8,True,False,False,2022-05-30,1446
REST000136,Restaurant_136,Mumbai,Mumbai_Locality_2,Casual Dining,Japanese; Vietnamese,0.7,11:00,23:00,672,4.5,623,3.4,4037,3.95,806,Premium,30,30,27,39,18.0,21.0,32,8,221,167,146063,106335,142748,103830,41.0,59.0,Swiggy Better,Family Friendly; Smoking Area; Rooftop,3,False,True,False,2016-09-06,3538
REST000137,Restaurant_137,Mumbai,Mumbai_Locality_16,Cloud Kitchen,Mughlai,11.3,07:00,23:00,102,3.6,11,4.3,754,3.95,1387,Luxury,76,76,54,45,25.0,26.0,12,20,219,261,227814,267885,219492,257967,73.0,27.0,Zomato Better,Private Room; Dine-in; Live Music; Family Friendly; Parking,5,False,False,False,2018-04-05,2962
REST000138,Restaurant_138,Mumbai,Mumbai_Locality_1,Fine Dine,Italian; Cafe,5.4,12:00,23:00,3429,3.6,880,3.9,385,3.75,486,Mid-Range,47,47,26,36,14.0,14.0,8,8,158,171,66037,71471,62324,67452,51.0,49.0,Zomato Better,Smoking Area; Private Room; AC,3,True,False,True,2017-01-15,3407
REST000139,Restaurant_139,Mumbai,Mumbai_Locality_14,Cafe,Mughlai,1.2,12:00,22:00,2623,4.1,4837,3.6,4140,3.85,425,Mid-Range,30,30,27,27,20.0,20.0,25,13,200,176,68000,59840,65000,57200,60.0,40.0,Swiggy Better,Bar; Vegan Options; Outdoor Seating; Smoking Area,4,True,True,False,2021-12-11,1616
REST000140,Restaurant_140,Mumbai,Mumbai_Locality_20,Food Truck,Mediterranean,13.8,08:00,23:00,3152,3.7,2419,4.2,3719,3.95,423,Mid-Range,89,89,56,57,20.0,22.0,13,20,127,144,42976,47511,37325,41103,63.0,37.0,Zomato Better,Bar; Alcohol; Dessert Bar; Live Music; Smoking Area; Rooftop; WiFi; Parking,8,True,True,False,2020-08-21,2093
REST000141,Restaurant_141,Mumbai,Mumbai_Locality_16,Cafe,Italian; Japanese,9.0,12:00,23:00,2762,3.6,4383,3.2,2352,3.4,1015,Premium,65,65,45,37,18.0,21.0,8,9,178,158,148149,126692,142364,121557,46.0,54.0,Swiggy Better,WiFi; Dessert Bar; Smoking Area; Outdoor Seating,4,True,False,True,2024-01-01,865
REST000142,Restaurant_142,Mumbai,Mumbai_Locality_18,QSR (Quick Service),Street Food,13.0,12:00,23:00,3070,4.1,2366,4.7,394,4.4,931,Premium,85,85,41,59,19.0,20.0,10,18,262,300,197576,223440,186441,210690,65.0,35.0,Zomato Better,Vegan Options; Private Room; Rooftop; Family Friendly,4,True,False,True,2017-10-27,3122
REST000143,Restaurant_143,Mumbai,Mumbai_Locality_6,Cafe,Bakery,14.8,08:00,22:00,335,4.0,342,3.8,3520,3.9,721,Premium,94,94,52,53,19.0,19.0,14,5,150,143,87601,83513,80551,76792,57.0,43.0,Swiggy Better,Smoking Area; Parking; Vegan Options; Dine-in,4,False,False,False,2017-06-06,3265
REST000144,Restaurant_144,Mumbai,Mumbai_Locality_6,Fine Dine,Mughlai,8.0,11:00,22:00,3250,3.6,763,4.3,2872,3.95,603,Mid-Range,60,60,46,36,14.0,18.0,14,25,156,186,80898,91969,76218,86389,45.0,55.0,Zomato Better,Private Room; Rooftop; Dessert Bar; Dine-in; Takeaway; Parking; Family Friendly,7,True,True,False,2025-11-03,193
REST000145,Restaurant_145,Mumbai,Mumbai_Locality_18,Cloud Kitchen,Italian,11.0,11:00,23:00,131,3.5,3997,4.0,369,3.75,757,Premium,75,75,49,45,28.0,23.0,13,10,213,244,116093,142225,108106,133075,65.0,35.0,Zomato Better,Takeaway; Live Music; Dessert Bar; Rooftop; Private Room; AC; Smoking Area; Bar,8,False,True,True,2017-11-29,3089
REST000146,Restaurant_146,Mumbai,Mumbai_Locality_3,Fine Dine,Street Food; South Indian,1.6,09:00,22:00,759,3.7,2128,3.9,3349,3.8,944,Premium,30,30,23,29,14.0,13.0,5,15,122,129,99044,105945,97214,104010,45.0,55.0,Zomato Better,Vegan Options; Takeaway; Rooftop; Bar; Smoking Area; Dine-in; Private Room; Parking,8,True,False,False,2017-06-18,3253
REST000147,Restaurant_147,Mumbai,Mumbai_Locality_15,Food Truck,Chinese,6.0,12:00,22:00,3397,3.5,1127,4.1,3213,3.8,1267,Luxury,50,50,35,43,22.0,23.0,15,21,123,144,121555,140484,118480,136884,51.0,49.0,Zomato Better,Alcohol; Private Room; Smoking Area,3,True,True,True,2025-10-26,201
REST000148,Restaurant_148,Mumbai,Mumbai_Locality_18,Food Truck,Vietnamese,14.2,08:00,23:00,1278,4.2,4208,4.8,1176,4.5,479,Mid-Range,91,91,56,59,18.0,21.0,11,37,118,135,46348,51085,40979,44942,50.0,50.0,Zomato Better,Dessert Bar; Alcohol; Takeaway; WiFi; Smoking Area; Rooftop,6,False,True,False,2024-01-28,838
REST000149,Restaurant_149,Mumbai,Mumbai_Locality_8,QSR (Quick Service),Pan-Asian,2.0,07:00,22:00,2567,3.8,2514,4.4,4795,4.1,462,Mid-Range,30,30,24,27,20.0,17.0,8,17,231,267,85377,102383,81912,98378,51.0,49.0,Zomato Better,Bar; Dessert Bar; AC; WiFi; Parking; Outdoor Seating; Private Room; Family Friendly,8,False,False,False,2022-04-07,1499
REST000150,Restaurant_150,Mumbai,Mumbai_Locality_20,Cloud Kitchen,Japanese,1.7,08:00,22:00,1179,3.9,636,4.8,627,4.35,188,Budget,30,30,32,22,25.0,27.0,8,21,271,334,38211,45838,34146,40828,71.0,29.0,Zomato Better,WiFi; Alcohol; Private Room; Family Friendly; Dessert Bar; Outdoor Seating; Parking,7,False,True,False,2017-08-18,3192
REST000151,Restaurant_151,Mumbai,Mumbai_Locality_3,Casual Dining,Street Food,6.3,07:00,22:00,2086,4.4,1368,3.4,4221,3.9,437,Mid-Range,51,51,34,38,21.0,23.0,25,10,254,196,87688,65952,81211,60954,54.0,46.0,Swiggy Better,Live Music; Rooftop; Family Friendly,3,True,True,False,2023-04-29,1112
REST000152,Restaurant_152,Mumbai,Mumbai_Locality_12,Casual Dining,South Indian; Thai,6.1,07:00,22:00,1892,4.4,4281,4.0,2250,4.2,689,Mid-Range,50,50,31,34,19.0,21.0,12,18,249,226,138964,123014,132739,117364,46.0,54.0,Swiggy Better,Smoking Area; Live Music; Alcohol; AC; Parking; Dessert Bar,6,False,False,True,2019-07-07,2504
REST000153,Restaurant_153,Mumbai,Mumbai_Locality_8,Food Truck,Continental,1.6,09:00,22:00,2665,4.1,4941,4.2,979,4.15,621,Mid-Range,30,30,24,30,21.0,20.0,15,23,134,137,65739,68061,63729,66006,47.0,53.0,Zomato Better,Live Music; Dine-in; Outdoor Seating,3,True,True,True,2019-03-25,2608
REST000154,Restaurant_154,Mumbai,Mumbai_Locality_9,Food Truck,Continental,13.9,10:00,22:00,2146,4.5,2332,3.6,712,4.05,593,Mid-Range,89,89,37,57,18.0,22.0,39,7,139,111,67590,51341,61404,46402,62.0,38.0,Swiggy Better,Private Room; Rooftop; Outdoor Seating; Vegan Options; Dessert Bar; Alcohol; WiFi,7,True,False,True,2021-03-15,1887
REST000155,Restaurant_155,Mumbai,Mumbai_Locality_4,Casual Dining,Mediterranean,0.7,11:00,23:00,2171,4.3,1463,3.5,3908,3.9,1409,Luxury,30,30,18,20,22.0,18.0,14,14,251,204,275854,235697,272089,232637,48.0,52.0,Swiggy Better,Private Room; Dine-in; Rooftop; Dessert Bar; Bar; AC; Alcohol,7,False,False,True,2016-06-23,3613
REST000156,Restaurant_156,Mumbai,Mumbai_Locality_16,Cafe,Thai,11.9,09:00,22:00,1591,3.7,1914,4.1,696,3.9,730,Premium,79,79,43,45,17.0,21.0,5,13,162,179,98155,103229,91756,96158,50.0,50.0,Zomato Better,Dine-in; AC; Dessert Bar; Live Music; Parking; Private Room; Rooftop,7,True,True,False,2021-07-05,1775
REST000157,Restaurant_157,Mumbai,Mumbai_Locality_12,QSR (Quick Service),Japanese,9.4,10:00,22:00,2817,3.4,3962,4.4,1474,3.9,908,Premium,67,67,38,41,20.0,22.0,11,14,212,274,153996,194057,146894,184878,65.0,35.0,Zomato Better,Takeaway; Bar; Live Music; Family Friendly; Outdoor Seating; Smoking Area; Rooftop; AC,8,False,True,False,2024-06-26,688
REST000158,Restaurant_158,Mumbai,Mumbai_Locality_16,Cafe,North Indian; Continental,13.9,07:00,22:00,1813,4.0,4999,4.4,319,4.2,937,Premium,89,89,57,50,19.0,23.0,11,15,179,197,135855,142133,127890,133367,58.0,42.0,Zomato Better,Family Friendly; Smoking Area; Dine-in; Live Music; Dessert Bar; Alcohol; WiFi; Bar,8,True,True,True,2019-05-23,2549
REST000159,Restaurant_159,Mumbai,Mumbai_Locality_1,Cafe,South Indian,14.6,09:00,23:00,385,3.8,4811,4.3,1650,4.05,1210,Luxury,93,93,61,54,20.0,21.0,13,21,144,162,139392,154855,132696,147322,63.0,37.0,Zomato Better,Private Room; WiFi; Live Music; Vegan Options; Rooftop,5,False,False,True,2019-11-04,2384
REST000160,Restaurant_160,Mumbai,Mumbai_Locality_4,QSR (Quick Service),Fast Food,8.6,09:00,23:00,2090,4.7,2121,3.8,4416,4.25,1327,Luxury,63,63,42,47,20.0,18.0,30,12,272,219,288755,238302,280187,231404,53.0,47.0,Swiggy Better,Family Friendly; Vegan Options; Dine-in; Smoking Area; Takeaway; WiFi; Dessert Bar; AC,8,True,True,False,2017-04-25,3307
REST000161,Restaurant_161,Mumbai,Mumbai_Locality_1,Cloud Kitchen,Pan-Asian,10.7,08:00,23:00,1108,4.5,2811,4.3,632,4.4,1285,Luxury,73,73,51,44,27.0,24.0,26,25,310,297,290795,290050,279480,279209,62.0,38.0,Swiggy Better,Live Music; Smoking Area; Bar; Private Room; WiFi; Rooftop; Vegan Options; Alcohol,8,True,False,True,2024-07-16,668
REST000162,Restaurant_162,Mumbai,Mumbai_Locality_16,Fine Dine,Chinese; Biryani,9.4,11:00,22:00,3160,4.2,2593,3.7,4043,3.95,1326,Luxury,67,67,47,39,17.0,14.0,17,14,180,159,198104,181317,192074,175990,55.0,45.0,Swiggy Better,Dine-in; Alcohol; Rooftop; AC,4,False,True,False,2020-08-26,2088
REST000163,Restaurant_163,Mumbai,Mumbai_Locality_4,Cloud Kitchen,Biryani; Street Food,10.6,09:00,22:00,1914,4.3,4769,4.0,835,4.15,816,Premium,73,73,39,53,24.0,24.0,20,21,325,302,201552,187288,189689,176265,59.0,41.0,Swiggy Better,Family Friendly; AC; Live Music; Private Room,4,False,False,False,2016-09-15,3529
REST000164,Restaurant_164,Mumbai,Mumbai_Locality_5,QSR (Quick Service),Street Food,14.7,08:00,22:00,2839,3.9,4559,3.3,3550,3.6,930,Premium,93,93,57,62,20.0,17.0,11,12,243,206,180792,159011,169492,149432,60.0,40.0,Swiggy Better,Smoking Area; Private Room; Dessert Bar; Alcohol,4,False,False,False,2022-12-04,1258
REST000165,Restaurant_165,Mumbai,Mumbai_Locality_4,Food Truck,Korean,10.5,08:00,23:00,275,3.4,3695,4.1,2751,3.75,682,Mid-Range,72,72,41,50,19.0,17.0,6,21,84,102,46403,57738,43379,54066,64.0,36.0,Zomato Better,Vegan Options; Live Music; Smoking Area; Rooftop; Dessert Bar; Alcohol; Outdoor Seating; WiFi,8,False,False,False,2018-09-27,2787
REST000166,Restaurant_166,Mumbai,Mumbai_Locality_20,Cafe,Street Food; Mediterranean,4.7,08:00,22:00,2617,3.4,3465,3.3,4692,3.35,978,Premium,43,43,35,32,18.0,19.0,9,9,166,161,133125,127540,129556,124079,48.0,52.0,Swiggy Better,Dessert Bar; AC; WiFi; Family Friendly; Parking; Vegan Options; Alcohol,7,False,False,True,2024-05-30,715
REST000167,Restaurant_167,Mumbai,Mumbai_Locality_9,Fine Dine,Continental; Biryani,14.1,12:00,22:00,2900,4.1,792,4.4,532,4.25,1119,Premium,90,90,52,52,17.0,12.0,18,14,171,184,158819,181188,151124,172908,46.0,54.0,Zomato Better,Dessert Bar; AC; WiFi,3,True,True,False,2018-01-06,3051
REST000168,Restaurant_168,Mumbai,Mumbai_Locality_17,Cloud Kitchen,Lebanese,12.7,07:00,23:00,147,4.2,3910,3.7,3837,3.95,1257,Luxury,83,83,56,47,28.0,25.0,24,15,257,226,232595,213061,221929,203682,58.0,42.0,Swiggy Better,Dessert Bar; Vegan Options; AC; Alcohol; Smoking Area; Bar; WiFi; Parking,8,False,True,True,2017-04-06,3326
REST000169,Restaurant_169,Mumbai,Mumbai_Locality_9,Cloud Kitchen,Seafood,2.8,07:00,22:00,73,3.7,78,4.4,4039,4.05,1127,Premium,33,33,27,38,26.0,27.0,13,21,224,266,186811,218840,183115,214451,71.0,29.0,Zomato Better,AC; Alcohol; Smoking Area; Rooftop,4,True,True,False,2018-04-09,2958
REST000170,Restaurant_170,Mumbai,Mumbai_Locality_14,Cloud Kitchen,Cafe,9.6,11:00,23:00,2146,3.9,2212,4.6,3392,4.25,535,Mid-Range,68,68,46,41,26.0,26.0,9,39,302,357,119561,141336,109293,129198,61.0,39.0,Zomato Better,Live Music; Parking; Dine-in; Outdoor Seating; Rooftop; Alcohol,6,True,True,False,2025-02-21,448
REST000171,Restaurant_171,Mumbai,Mumbai_Locality_8,QSR (Quick Service),Continental; North Indian,1.8,10:00,22:00,90,3.8,4092,4.3,3052,4.05,1099,Premium,30,30,28,27,22.0,18.0,9,22,173,195,148299,175730,145704,172805,47.0,53.0,Zomato Better,Alcohol; Family Friendly; Outdoor Seating,3,True,False,False,2017-02-14,3377
REST000172,Restaurant_172,Mumbai,Mumbai_Locality_13,Fine Dine,Italian; Cafe,11.7,08:00,22:00,1844,4.2,779,4.6,4279,4.4,576,Mid-Range,78,78,40,49,14.0,16.0,11,37,157,172,77771,83220,71648,76512,45.0,55.0,Zomato Better,Takeaway; WiFi; Family Friendly; Dessert Bar; Private Room; Live Music; Parking,7,True,True,True,2025-01-08,492
REST000173,Restaurant_173,Mumbai,Mumbai_Locality_6,Cafe,Mexican,12.0,07:00,23:00,2424,4.0,354,3.9,4770,3.95,1123,Premium,80,80,47,46,18.0,20.0,20,15,191,187,175884,168000,168244,160520,60.0,40.0,Swiggy Better,Dine-in; Parking; Dessert Bar,3,True,True,False,2024-11-16,545
REST000174,Restaurant_174,Mumbai,Mumbai_Locality_12,Casual Dining,Mughlai; Lebanese,12.2,12:00,22:00,1826,4.4,1113,4.1,2063,4.25,230,Budget,81,81,44,49,21.0,18.0,15,21,247,230,44879,43378,34876,34063,44.0,56.0,Swiggy Better,Bar; Family Friendly; WiFi; Vegan Options; Alcohol,5,True,True,True,2020-05-01,2205
REST000175,Restaurant_175,Mumbai,Mumbai_Locality_12,Cloud Kitchen,Seafood; Japanese,7.1,12:00,23:00,3208,3.9,2992,3.2,1966,3.55,806,Premium,55,55,37,31,24.0,25.0,12,13,336,276,205820,166842,196580,159252,66.0,34.0,Swiggy Better,Vegan Options; WiFi; Parking; AC,4,False,True,True,2025-03-17,424
REST000176,Restaurant_176,Mumbai,Mumbai_Locality_2,Fine Dine,Continental,3.4,08:00,22:00,2018,4.6,3193,4.1,4023,4.35,1226,Luxury,37,37,27,27,13.0,16.0,20,16,176,157,187725,161684,184469,158780,41.0,59.0,Swiggy Better,Family Friendly; Private Room; Takeaway; Smoking Area; Dessert Bar; Dine-in; Parking; AC,8,False,True,False,2017-01-19,3403
REST000177,Restaurant_177,Mumbai,Mumbai_Locality_3,Food Truck,South Indian; Seafood,14.2,07:00,22:00,2157,3.9,1562,3.5,1592,3.7,1227,Luxury,91,91,49,47,20.0,20.0,6,15,121,108,118773,106012,113268,101098,64.0,36.0,Swiggy Better,Parking; Dessert Bar; Family Friendly; Bar; Private Room; AC; Takeaway,7,True,True,False,2020-02-14,2282
REST000178,Restaurant_178,Mumbai,Mumbai_Locality_20,Food Truck,Mughlai; Japanese,6.9,09:00,23:00,1473,4.2,3537,3.7,2659,3.95,1396,Luxury,54,54,39,45,20.0,21.0,21,12,121,106,135132,116901,131865,114039,53.0,47.0,Swiggy Better,AC; Dine-in; Bar; Private Room; WiFi; Vegan Options,6,True,True,True,2022-11-26,1266
REST000179,Restaurant_179,Mumbai,Mumbai_Locality_11,QSR (Quick Service),Cafe,0.8,12:00,23:00,3396,4.4,4684,3.8,4692,4.1,466,Mid-Range,30,30,31,29,19.0,22.0,17,8,290,250,109463,90870,105113,87120,48.0,52.0,Swiggy Better,Rooftop; WiFi; Takeaway; Vegan Options; AC,5,True,True,False,2018-03-05,2993
REST000180,Restaurant_180,Mumbai,Mumbai_Locality_19,Cloud Kitchen,Fast Food,12.4,11:00,23:00,420,4.7,3135,4.2,652,4.45,264,Budget,82,82,53,47,25.0,28.0,23,17,298,266,59004,50561,46786,39655,73.0,27.0,Swiggy Better,Dessert Bar; Private Room; Vegan Options; Dine-in; Smoking Area; AC; Bar; WiFi,8,True,False,True,2020-03-26,2241
REST000181,Restaurant_181,Mumbai,Mumbai_Locality_2,QSR (Quick Service),Thai; Continental,10.3,10:00,22:00,1639,4.1,3240,4.3,1222,4.2,420,Mid-Range,71,71,42,50,20.0,19.0,22,23,225,236,75600,80287,67612,71909,60.0,40.0,Zomato Better,Outdoor Seating; Rooftop; Smoking Area; Family Friendly; Alcohol; Live Music; Bar; AC,8,True,True,True,2023-07-28,1022
REST000182,Restaurant_182,Mumbai,Mumbai_Locality_19,QSR (Quick Service),Mexican,1.8,10:00,23:00,2781,3.8,2832,4.2,4875,4.0,1492,Luxury,30,30,32,29,21.0,23.0,12,14,236,261,278168,299847,274628,295932,65.0,35.0,Zomato Better,Dine-in; Private Room; Live Music; Rooftop; Dessert Bar; Parking,6,True,True,True,2025-01-10,490
REST000183,Restaurant_183,Mumbai,Mumbai_Locality_1,Casual Dining,Vietnamese; Seafood,5.5,07:00,23:00,3324,3.9,1722,4.0,4417,3.95,583,Mid-Range,47,47,37,41,20.0,21.0,7,10,255,261,118932,120208,112939,114075,44.0,56.0,Zomato Better,Vegan Options; Dessert Bar; Alcohol; Dine-in; WiFi; Outdoor Seating,6,True,False,False,2024-01-14,852
REST000184,Restaurant_184,Mumbai,Mumbai_Locality_3,Fine Dine,Street Food; North Indian,6.1,12:00,23:00,1141,4.1,3176,3.9,1903,4.0,929,Premium,50,50,29,36,15.0,16.0,12,7,142,135,112130,105348,108580,101973,54.0,46.0,Swiggy Better,Alcohol; Family Friendly; Smoking Area; Bar,4,True,True,False,2023-07-07,1043
REST000185,Restaurant_185,Mumbai,Mumbai_Locality_6,QSR (Quick Service),Multi-Cuisine,0.8,09:00,23:00,2832,3.8,4116,3.8,2269,3.8,276,Budget,30,30,19,19,22.0,17.0,13,9,237,237,51021,54291,47466,50736,63.0,37.0,Zomato Better,Outdoor Seating; Parking; AC; Dessert Bar,4,True,True,False,2018-02-07,3019
REST000186,Restaurant_186,Mumbai,Mumbai_Locality_8,Food Truck,Biryani; Lebanese,6.6,08:00,23:00,2376,4.9,2707,3.8,3689,4.35,1260,Luxury,53,53,43,43,21.0,18.0,24,9,155,120,154287,123984,150179,120804,57.0,43.0,Swiggy Better,Bar; Alcohol; Outdoor Seating; AC; Rooftop; Vegan Options; Dessert Bar; Parking,8,True,True,False,2024-03-22,784
REST000187,Restaurant_187,Mumbai,Mumbai_Locality_14,Casual Dining,North Indian; Mexican,4.9,12:00,23:00,3084,4.1,1087,4.2,1523,4.15,203,Budget,44,44,35,27,20.0,18.0,17,17,262,268,42548,44611,36784,38715,44.0,56.0,Zomato Better,Dine-in; Parking; Takeaway; Bar; Family Friendly; Outdoor Seating; Alcohol; Dessert Bar,8,False,True,False,2016-09-24,3520
REST000188,Restaurant_188,Mumbai,Mumbai_Locality_7,Cloud Kitchen,Multi-Cuisine,3.8,07:00,23:00,1703,4.3,1671,3.9,1685,4.1,285,Budget,39,39,38,43,26.0,26.0,24,8,318,288,67066,60739,60865,55123,64.0,36.0,Swiggy Better,AC; Rooftop; Dine-in; Vegan Options; Smoking Area; Parking,6,False,True,True,2020-06-13,2162
REST000189,Restaurant_189,Mumbai,Mumbai_Locality_8,Cloud Kitchen,Street Food; South Indian,8.0,12:00,22:00,1650,3.5,413,3.8,1565,3.65,746,Premium,60,60,31,44,24.0,23.0,9,14,257,279,145708,160263,137998,151893,70.0,30.0,Zomato Better,Bar; Alcohol; Outdoor Seating,3,False,False,True,2025-04-10,400
REST000190,Restaurant_190,Mumbai,Mumbai_Locality_5,Casual Dining,Korean; Japanese,6.2,10:00,22:00,1354,4.2,1664,4.5,3734,4.35,334,Mid-Range,51,51,37,45,22.0,21.0,13,22,224,240,58356,63326,52644,57206,54.0,46.0,Zomato Better,Bar; Family Friendly; Dessert Bar,3,False,True,False,2020-05-31,2175
REST000191,Restaurant_191,Mumbai,Mumbai_Locality_13,Cafe,Thai; Fast Food,8.5,08:00,23:00,209,3.5,1239,3.8,1338,3.65,446,Mid-Range,62,62,45,49,19.0,22.0,12,9,129,140,46602,48703,42603,44363,53.0,47.0,Zomato Better,Outdoor Seating; Takeaway; Smoking Area; Live Music; Dine-in; Vegan Options; WiFi; Dessert Bar,8,False,False,False,2016-09-11,3533
REST000192,Restaurant_192,Mumbai,Mumbai_Locality_8,Food Truck,North Indian; Multi-Cuisine,3.6,10:00,23:00,2731,3.9,4926,4.1,63,4.0,651,Mid-Range,38,38,35,29,22.0,18.0,7,7,128,135,64995,72065,62563,69500,58.0,42.0,Zomato Better,Dessert Bar; Parking; Dine-in,3,True,True,False,2018-10-22,2762
REST000193,Restaurant_193,Mumbai,Mumbai_Locality_14,QSR (Quick Service),Chinese,14.9,12:00,23:00,690,3.5,4883,3.6,4698,3.55,1301,Luxury,94,94,57,59,23.0,18.0,9,10,172,177,172304,188827,164220,180508,57.0,43.0,Zomato Better,Smoking Area; AC; Takeaway; Private Room; Alcohol,5,True,False,True,2021-01-03,1958
REST000194,Restaurant_194,Mumbai,Mumbai_Locality_14,Fine Dine,Desserts,8.1,08:00,22:00,2880,4.5,4343,4.4,728,4.45,1140,Premium,60,60,40,34,16.0,15.0,30,18,188,184,180028,178296,174388,172776,52.0,48.0,Swiggy Better,Vegan Options; Smoking Area; Parking; Outdoor Seating; Private Room; Dessert Bar; Family Friendly,7,False,False,True,2017-03-24,3339
REST000195,Restaurant_195,Mumbai,Mumbai_Locality_1,Food Truck,Cafe; Bakery,2.2,12:00,22:00,1934,4.0,3406,3.7,3401,3.85,243,Budget,31,31,26,34,17.0,18.0,19,9,121,112,24404,22317,22528,20581,58.0,42.0,Swiggy Better,WiFi; Smoking Area; Alcohol,3,False,True,False,2025-01-04,496
REST000196,Restaurant_196,Mumbai,Mumbai_Locality_1,QSR (Quick Service),Mediterranean; Vietnamese,12.6,09:00,23:00,824,4.4,3897,3.8,301,4.1,1472,Luxury,83,83,52,52,22.0,22.0,24,11,220,190,252595,218150,243465,210265,54.0,46.0,Swiggy Better,Dine-in; Private Room; Alcohol; WiFi; Vegan Options; Parking; Rooftop; Smoking Area,8,True,False,False,2017-04-28,3304
REST000197,Restaurant_197,Mumbai,Mumbai_Locality_1,Fine Dine,Continental,5.4,12:00,22:00,1566,3.6,4885,3.8,967,3.7,781,Premium,47,47,34,31,14.0,15.0,8,10,131,138,87987,91611,84908,88368,40.0,60.0,Zomato Better,Private Room; WiFi; Live Music; Alcohol; Smoking Area; Outdoor Seating,6,True,False,True,2017-06-26,3245
REST000198,Restaurant_198,Mumbai,Mumbai_Locality_1,Casual Dining,Chinese,12.1,08:00,22:00,2078,3.8,4299,4.4,2552,4.1,820,Premium,80,80,55,57,23.0,21.0,7,16,219,254,138276,164541,129516,154381,52.0,48.0,Zomato Better,Dine-in; Family Friendly; AC; Bar; Alcohol; Takeaway; Smoking Area; WiFi,8,True,True,False,2022-07-20,1395
REST000199,Restaurant_199,Mumbai,Mumbai_Locality_10,Fine Dine,Italian,0.8,09:00,22:00,3136,3.9,2276,4.2,4370,4.05,803,Premium,30,30,27,19,13.0,13.0,14,13,167,180,116667,125749,114162,123049,44.0,56.0,Zomato Better,Alcohol; Parking; Smoking Area; Private Room,4,False,True,False,2018-05-22,2915
REST000200,Restaurant_200,Mumbai,Mumbai_Locality_10,Food Truck,Cafe,9.4,11:00,23:00,1417,4.1,423,4.0,877,4.05,935,Premium,67,67,48,45,21.0,21.0,24,21,117,114,86422,84206,82502,80387,49.0,51.0,Swiggy Better,Parking; Private Room; Live Music; Bar; Dessert Bar,5,True,False,True,2019-12-03,2355
REST000201,Restaurant_201,Mumbai,Mumbai_Locality_10,Fine Dine,Street Food,10.4,10:00,23:00,2939,4.0,2123,4.3,2987,4.15,952,Premium,72,72,50,55,17.0,14.0,25,10,168,180,132746,147369,126698,140889,45.0,55.0,Zomato Better,Family Friendly; Takeaway; Parking,3,False,False,True,2016-10-20,3494
REST000202,Restaurant_202,Mumbai,Mumbai_Locality_17,QSR (Quick Service),Pan-Asian; Continental,2.0,12:00,22:00,3378,3.7,2484,4.5,4374,4.1,1094,Premium,30,30,24,32,20.0,23.0,11,22,243,296,212673,249344,209028,244904,57.0,43.0,Zomato Better,Live Music; Private Room; Bar; Vegan Options; AC,5,False,False,True,2020-03-07,2260
REST000203,Restaurant_203,Mumbai,Mumbai_Locality_16,Casual Dining,Biryani; Korean,2.2,10:00,23:00,2471,3.3,1453,3.7,2533,3.5,981,Premium,31,31,31,30,22.0,19.0,12,15,198,222,151505,176403,148436,172962,52.0,48.0,Zomato Better,Dine-in; Takeaway; Live Music; Outdoor Seating; Vegan Options; Smoking Area; Bar; Alcohol,8,False,False,False,2021-11-30,1627
REST000204,Restaurant_204,Mumbai,Mumbai_Locality_10,Casual Dining,Bakery; Mughlai,8.8,09:00,23:00,2813,3.8,741,3.1,4783,3.45,166,Budget,64,64,38,38,22.0,17.0,13,5,236,193,30557,26591,23005,20415,53.0,47.0,Swiggy Better,Bar; Alcohol; Parking,3,True,False,True,2016-07-31,3575
REST000205,Restaurant_205,Mumbai,Mumbai_Locality_11,Casual Dining,Mexican; Mediterranean,10.8,10:00,23:00,1693,3.4,3900,3.8,1149,3.6,535,Mid-Range,74,74,37,43,20.0,19.0,15,7,188,210,80464,91003,73508,83233,45.0,55.0,Zomato Better,Dine-in; Takeaway; Dessert Bar; Smoking Area,4,True,False,False,2018-11-29,2724
REST000206,Restaurant_206,Mumbai,Mumbai_Locality_14,Casual Dining,Chinese,13.0,12:00,23:00,3261,3.7,3484,3.7,4532,3.7,1071,Premium,85,85,48,53,17.0,20.0,8,13,240,240,213343,205632,203143,195432,46.0,54.0,Swiggy Better,AC; Alcohol; Vegan Options; Parking; Dine-in,5,True,False,False,2018-05-20,2917
REST000207,Restaurant_207,Mumbai,Mumbai_Locality_3,Fine Dine,Korean,2.6,11:00,23:00,3025,3.8,734,4.0,2018,3.9,1117,Premium,33,33,25,24,16.0,15.0,14,19,161,169,151063,160457,148406,157668,50.0,50.0,Zomato Better,Dine-in; Parking; Alcohol; Smoking Area; Family Friendly; Dessert Bar; Rooftop,7,False,False,False,2021-07-26,1754
REST000208,Restaurant_208,Mumbai,Mumbai_Locality_20,QSR (Quick Service),Seafood,11.4,11:00,23:00,3007,4.4,1395,4.2,4702,4.3,255,Budget,77,77,45,44,17.0,20.0,14,12,279,266,59050,54264,48308,44023,60.0,40.0,Swiggy Better,WiFi; Outdoor Seating; Vegan Options; Smoking Area; Bar,5,False,True,True,2017-12-22,3066
REST000209,Restaurant_209,Mumbai,Mumbai_Locality_15,Food Truck,Fast Food; Continental,5.9,09:00,22:00,748,3.3,281,4.1,2818,3.7,322,Mid-Range,49,49,43,35,22.0,22.0,11,22,87,108,21850,27125,19719,24479,61.0,39.0,Zomato Better,Dessert Bar; Family Friendly; Bar; Smoking Area,4,True,True,False,2019-10-23,2396
REST000210,Restaurant_210,Mumbai,Mumbai_Locality_4,Fine Dine,Lebanese,1.3,10:00,23:00,1930,3.8,4372,4.6,1924,4.2,927,Premium,30,30,25,23,15.0,15.0,9,34,144,174,113464,137103,111304,134493,44.0,56.0,Zomato Better,Dessert Bar; Parking; Alcohol; Smoking Area; Dine-in; Takeaway,6,False,False,False,2019-06-11,2530
REST000211,Restaurant_211,Mumbai,Mumbai_Locality_4,QSR (Quick Service),Desserts,4.2,10:00,23:00,2422,4.1,4832,3.3,1606,3.7,1214,Luxury,41,41,29,39,20.0,21.0,12,5,245,197,237944,188934,232921,184896,49.0,51.0,Swiggy Better,Takeaway; Alcohol; Smoking Area; Dessert Bar; Family Friendly; Parking,6,True,False,True,2023-06-19,1061
REST000212,Restaurant_212,Mumbai,Mumbai_Locality_20,Fine Dine,North Indian; South Indian,10.0,08:00,22:00,3452,3.9,4963,3.8,1074,3.85,919,Premium,70,70,39,36,18.0,17.0,7,9,172,167,129615,127382,123595,121537,48.0,52.0,Swiggy Better,Family Friendly; Dessert Bar; Takeaway; Private Room; Smoking Area,5,False,False,False,2018-07-11,2865
REST000213,Restaurant_213,Mumbai,Mumbai_Locality_2,QSR (Quick Service),Fast Food; Desserts,6.1,07:00,23:00,1392,4.3,3619,3.9,578,4.1,1157,Premium,50,50,40,36,21.0,18.0,23,8,230,208,210226,197337,204476,192137,53.0,47.0,Swiggy Better,Dessert Bar; Takeaway; Family Friendly; Bar; WiFi; Private Room; Dine-in,7,True,True,False,2019-11-18,2370
REST000214,Restaurant_214,Mumbai,Mumbai_Locality_1,Cloud Kitchen,North Indian; Continental,14.0,10:00,23:00,2752,4.2,3215,4.3,4717,4.25,157,Budget,90,90,41,51,25.0,27.0,12,17,347,355,40859,40686,25244,24711,65.0,35.0,Swiggy Better,AC; Bar; Rooftop,3,False,True,False,2019-12-05,2353
REST000215,Restaurant_215,Mumbai,Mumbai_Locality_2,QSR (Quick Service),Biryani,9.7,07:00,23:00,2680,3.0,669,3.8,3775,3.4,743,Premium,68,68,42,41,19.0,18.0,11,6,184,233,110736,141957,104480,134035,46.0,54.0,Zomato Better,Bar; Parking; Family Friendly; Takeaway; Dessert Bar; Rooftop; Live Music; Outdoor Seating,8,True,True,True,2026-01-02,133
REST000216,Restaurant_216,Mumbai,Mumbai_Locality_18,Cloud Kitchen,Mediterranean,9.8,11:00,23:00,2076,4.1,2789,4.0,469,4.05,841,Premium,69,69,44,43,27.0,26.0,24,14,315,308,193387,191680,182520,181054,57.0,43.0,Swiggy Better,Vegan Options; Live Music; Takeaway; Dine-in; Outdoor Seating; Family Friendly; Bar; Smoking Area,8,True,True,True,2018-06-04,2902
REST000217,Restaurant_217,Mumbai,Mumbai_Locality_4,Fine Dine,Fast Food; Seafood,7.1,11:00,22:00,729,4.1,4082,3.8,4884,3.95,1410,Luxury,55,55,40,48,17.0,18.0,22,10,135,125,157990,144525,154278,141087,46.0,54.0,Swiggy Better,Dessert Bar; Vegan Options; Alcohol,3,True,False,True,2016-11-27,3456
REST000218,Restaurant_218,Mumbai,Mumbai_Locality_3,Fine Dine,Korean,2.3,10:00,22:00,608,3.8,3603,3.5,2005,3.65,1341,Luxury,31,31,31,30,16.0,17.0,5,12,123,113,138552,125772,136645,124020,53.0,47.0,Swiggy Better,Dine-in; Smoking Area; Outdoor Seating,3,True,False,False,2021-08-15,1734
REST000219,Restaurant_219,Mumbai,Mumbai_Locality_9,Cafe,Continental,8.1,08:00,22:00,1717,3.9,1484,3.9,4105,3.9,1403,Luxury,60,60,47,39,19.0,17.0,8,8,173,173,196602,201456,191412,196266,61.0,39.0,Zomato Better,Alcohol; Takeaway; Vegan Options,3,False,True,True,2021-01-30,1931
REST000220,Restaurant_220,Mumbai,Mumbai_Locality_5,QSR (Quick Service),South Indian,10.4,10:00,22:00,1973,4.5,452,4.8,2993,4.65,733,Premium,72,72,46,49,22.0,20.0,13,21,257,274,146937,160673,137685,150809,57.0,43.0,Zomato Better,Outdoor Seating; Smoking Area; Rooftop; Dine-in; Family Friendly; Alcohol; Takeaway,7,True,True,False,2018-03-14,2984
REST000221,Restaurant_221,Mumbai,Mumbai_Locality_7,Food Truck,Korean,11.3,08:00,22:00,1364,3.9,3389,4.2,1648,4.05,919,Premium,76,76,49,46,17.0,20.0,8,24,111,119,84667,87488,80449,82966,57.0,43.0,Zomato Better,AC; Parking; Outdoor Seating; Family Friendly,4,True,False,True,2023-04-07,1134
REST000222,Restaurant_222,Mumbai,Mumbai_Locality_19,QSR (Quick Service),Continental,1.4,07:00,23:00,589,3.8,2824,4.1,1811,3.95,754,Premium,30,30,20,22,21.0,18.0,13,17,184,199,109601,123037,106841,120052,58.0,42.0,Zomato Better,AC; Private Room; Alcohol,3,False,True,False,2019-08-27,2453
REST000223,Restaurant_223,Mumbai,Mumbai_Locality_14,Cloud Kitchen,Desserts,11.2,08:00,23:00,1040,3.7,4857,4.1,1230,3.9,1324,Luxury,76,76,51,44,28.0,26.0,13,11,253,281,241179,275312,231565,264634,56.0,44.0,Zomato Better,Alcohol; AC; Family Friendly; Bar; Takeaway; Rooftop,6,False,True,True,2025-05-10,370
REST000224,Restaurant_224,Mumbai,Mumbai_Locality_12,Cafe,Mexican; Continental,4.8,07:00,22:00,2682,3.7,3772,4.0,4682,3.85,1345,Luxury,44,44,40,35,22.0,19.0,10,24,182,196,190936,213532,186932,209220,60.0,40.0,Zomato Better,Dessert Bar; Dine-in; Smoking Area; Takeaway; AC; Parking; Alcohol; Private Room,8,False,False,False,2017-11-05,3113
REST000225,Restaurant_225,Mumbai,Mumbai_Locality_7,Cafe,Vietnamese,11.9,11:00,23:00,361,4.0,2991,3.9,432,3.95,377,Mid-Range,79,79,44,52,19.0,21.0,12,13,151,147,46110,43781,40146,37974,46.0,54.0,Swiggy Better,Rooftop; Live Music; Outdoor Seating; Parking; Private Room; Alcohol; Takeaway; Family Friendly,8,True,True,False,2022-09-11,1342
REST000226,Restaurant_226,Mumbai,Mumbai_Locality_2,QSR (Quick Service),Thai; Desserts,1.4,10:00,23:00,1444,3.2,3861,4.0,4367,3.6,1241,Luxury,30,30,32,24,21.0,21.0,6,16,172,215,168627,210783,166047,207558,52.0,48.0,Zomato Better,Takeaway; Smoking Area; AC; Outdoor Seating; WiFi; Private Room,6,True,True,True,2023-03-12,1160
REST000227,Restaurant_227,Mumbai,Mumbai_Locality_7,Cafe,Continental,8.0,07:00,23:00,2599,3.5,1091,4.3,3892,3.9,860,Premium,60,60,33,44,18.0,17.0,8,20,170,209,119884,149184,114784,142914,45.0,55.0,Zomato Better,Vegan Options; Parking; Dessert Bar; Rooftop; Private Room; Family Friendly,6,False,False,True,2022-11-17,1275
REST000228,Restaurant_228,Mumbai,Mumbai_Locality_16,QSR (Quick Service),Fast Food; Cafe,5.9,07:00,22:00,1210,3.7,1372,4.4,1327,4.05,1246,Luxury,49,49,33,49,21.0,21.0,7,15,194,230,190961,226398,186208,220763,62.0,38.0,Zomato Better,Takeaway; Dine-in; Parking; Vegan Options,4,True,False,False,2023-05-15,1096
REST000229,Restaurant_229,Mumbai,Mumbai_Locality_2,Casual Dining,Bakery,10.2,08:00,23:00,1438,3.0,4381,4.3,2480,3.65,398,Mid-Range,71,71,49,42,18.0,20.0,10,14,161,231,52543,73550,46828,65349,47.0,53.0,Zomato Better,Bar; Alcohol; Private Room,3,False,False,False,2020-12-21,1971
REST000230,Restaurant_230,Mumbai,Mumbai_Locality_19,Food Truck,Biryani,11.1,09:00,22:00,1840,3.9,1152,3.1,4523,3.5,389,Mid-Range,75,75,45,51,20.0,18.0,5,14,117,93,36410,29665,32022,26177,62.0,38.0,Swiggy Better,Live Music; Vegan Options; Alcohol; Smoking Area; WiFi; Bar; Dine-in; Takeaway,8,False,True,False,2020-07-19,2126
REST000231,Restaurant_231,Mumbai,Mumbai_Locality_20,Casual Dining,Multi-Cuisine,7.9,12:00,23:00,259,3.5,3513,4.4,3038,3.95,940,Premium,59,59,37,43,23.0,22.0,6,16,163,205,117979,150306,113170,144258,45.0,55.0,Zomato Better,Smoking Area; Family Friendly; Bar; AC; Private Room; WiFi; Outdoor Seating; Rooftop,8,False,True,True,2016-12-01,3452
REST000232,Restaurant_232,Mumbai,Mumbai_Locality_17,Casual Dining,Bakery,14.8,11:00,23:00,300,4.3,2249,4.2,3405,4.25,508,Mid-Range,94,94,47,51,18.0,18.0,22,19,201,196,83728,81645,74281,72433,51.0,49.0,Swiggy Better,Family Friendly; Dine-in; WiFi; Vegan Options; Rooftop; Smoking Area; Alcohol,7,False,True,True,2025-12-27,139
REST000233,Restaurant_233,Mumbai,Mumbai_Locality_16,Casual Dining,Desserts,2.3,09:00,23:00,2757,4.4,2014,4.8,243,4.6,394,Mid-Range,31,31,30,23,21.0,19.0,25,23,272,297,84662,94784,80446,90181,55.0,45.0,Zomato Better,Dessert Bar; Smoking Area; Family Friendly; Bar; Takeaway,5,False,True,False,2016-10-22,3492
REST000234,Restaurant_234,Mumbai,Mumbai_Locality_11,Casual Dining,Korean,7.2,08:00,23:00,2869,4.2,3446,4.3,2926,4.25,249,Budget,56,56,37,45,20.0,22.0,15,13,263,269,52389,52245,45025,44713,54.0,46.0,Swiggy Better,Rooftop; Outdoor Seating; Alcohol; Parking; Bar; WiFi; Vegan Options,7,False,True,False,2020-04-18,2218
REST000235,Restaurant_235,Mumbai,Mumbai_Locality_10,Casual Dining,North Indian,5.9,10:00,23:00,2016,4.2,1794,3.9,1276,4.05,1180,Premium,49,49,37,39,21.0,22.0,13,11,241,223,224660,205249,218755,199785,53.0,47.0,Swiggy Better,Smoking Area; Takeaway; Private Room; Outdoor Seating; Dine-in; Family Friendly,6,False,False,False,2018-07-16,2860
REST000236,Restaurant_236,Mumbai,Mumbai_Locality_17,Casual Dining,Street Food; Vietnamese,11.6,08:00,23:00,1431,4.7,1831,4.1,1064,4.4,441,Mid-Range,78,78,46,44,23.0,20.0,23,12,252,220,85571,77616,75743,69036,43.0,57.0,Swiggy Better,Rooftop; Family Friendly; Smoking Area,3,False,True,True,2024-02-01,834
REST000237,Restaurant_237,Mumbai,Mumbai_Locality_2,Fine Dine,Biryani,7.3,07:00,22:00,1066,4.0,800,4.1,1024,4.05,1382,Luxury,56,56,42,49,14.0,13.0,18,21,137,140,162827,168327,158991,164407,43.0,57.0,Zomato Better,Outdoor Seating; Private Room; Alcohol; Bar; Vegan Options,5,True,True,True,2025-03-06,435
REST000238,Restaurant_238,Mumbai,Mumbai_Locality_6,Food Truck,Bakery; Seafood,13.6,07:00,22:00,2230,4.8,3898,3.6,3012,4.2,1357,Luxury,88,88,55,59,22.0,23.0,33,8,150,112,158769,117027,152169,112099,47.0,53.0,Swiggy Better,Live Music; AC; Takeaway; Parking; Rooftop; Family Friendly; Dessert Bar,7,True,False,False,2017-09-27,3152
REST000239,Restaurant_239,Mumbai,Mumbai_Locality_2,Cafe,Seafood,1.7,07:00,23:00,2052,3.9,2565,4.5,3646,4.2,612,Mid-Range,30,30,24,27,18.0,17.0,12,31,179,207,89829,105147,87144,102042,62.0,38.0,Zomato Better,Dine-in; Dessert Bar; Family Friendly; Private Room,4,True,False,True,2021-05-17,1824
REST000240,Restaurant_240,Mumbai,Mumbai_Locality_19,Fine Dine,Continental,14.7,08:00,22:00,3066,3.8,1650,4.2,4883,4.0,977,Premium,93,93,61,61,14.0,16.0,14,18,161,178,135275,146081,127788,137804,51.0,49.0,Zomato Better,AC; Parking; Family Friendly; Dessert Bar; Vegan Options; Smoking Area; Rooftop; WiFi,8,True,False,True,2025-01-28,472
REST000241,Restaurant_241,Mumbai,Mumbai_Locality_5,QSR (Quick Service),Multi-Cuisine,0.9,07:00,22:00,3052,3.9,1477,4.0,3144,3.95,1388,Luxury,30,30,25,24,18.0,17.0,13,25,248,255,282263,293770,278543,289945,57.0,43.0,Zomato Better,Live Music; WiFi; Dessert Bar; Family Friendly; Bar; Alcohol,6,False,False,True,2017-03-18,3345
REST000242,Restaurant_242,Mumbai,Mumbai_Locality_13,Fine Dine,Mexican; Italian,7.0,10:00,23:00,3523,3.9,4570,4.0,2492,3.95,486,Mid-Range,55,55,36,39,15.0,13.0,15,25,173,177,71466,74839,66708,69971,51.0,49.0,Zomato Better,Alcohol; Dessert Bar; Smoking Area; Vegan Options; Family Friendly; Private Room; Rooftop; Outdoor Seating,8,True,False,False,2023-05-03,1108
REST000243,Restaurant_243,Mumbai,Mumbai_Locality_10,Food Truck,Mediterranean; Pan-Asian,5.1,11:00,22:00,145,4.3,4793,4.3,230,4.3,1430,Luxury,45,45,33,37,19.0,19.0,17,17,105,105,121621,121621,119259,119259,52.0,48.0,Balanced,Dessert Bar; WiFi; Vegan Options; Takeaway,4,True,False,False,2025-01-02,498
REST000244,Restaurant_244,Mumbai,Mumbai_Locality_2,Casual Dining,North Indian,7.2,10:00,23:00,3566,3.9,4826,4.6,192,4.25,798,Premium,56,56,35,42,22.0,18.0,15,8,261,308,162456,201542,155148,192918,49.0,51.0,Zomato Better,Family Friendly; Alcohol; Rooftop; Dessert Bar; Parking,5,True,False,False,2022-03-19,1518
REST000245,Restaurant_245,Mumbai,Mumbai_Locality_18,Casual Dining,Multi-Cuisine; Chinese,3.6,07:00,23:00,1116,4.4,1860,4.0,763,4.2,1334,Luxury,38,38,35,34,22.0,20.0,16,21,228,207,237238,220910,232906,216977,41.0,59.0,Swiggy Better,Dessert Bar; Private Room; WiFi,3,False,False,False,2018-11-06,2747
REST000246,Restaurant_246,Mumbai,Mumbai_Locality_20,Casual Dining,Mexican,8.0,11:00,22:00,2780,4.4,4238,3.6,1538,4.0,1331,Luxury,60,60,33,41,23.0,19.0,23,14,273,223,279789,240418,271599,233728,52.0,48.0,Swiggy Better,Dessert Bar; Dine-in; Alcohol; Live Music; Parking; Family Friendly; Outdoor Seating; Bar,8,True,False,False,2016-10-27,3487
REST000247,Restaurant_247,Mumbai,Mumbai_Locality_7,Cloud Kitchen,Mughlai; Chinese,12.8,09:00,22:00,1123,4.0,3334,4.5,1963,4.25,382,Mid-Range,84,84,51,51,24.0,25.0,23,33,276,311,80128,89101,68536,76039,71.0,29.0,Zomato Better,Smoking Area; Dine-in; Live Music; Outdoor Seating; WiFi; Bar; Private Room; Dessert Bar,8,False,True,True,2019-01-23,2669
REST000248,Restaurant_248,Mumbai,Mumbai_Locality_3,Cafe,Multi-Cuisine; South Indian,5.1,07:00,23:00,1250,4.5,749,3.6,3261,4.05,437,Mid-Range,45,45,35,41,18.0,21.0,38,13,189,151,67726,52129,63473,48732,55.0,45.0,Swiggy Better,Family Friendly; Takeaway; Live Music; Vegan Options; Private Room,5,False,False,False,2016-12-14,3439
REST000249,Restaurant_249,Mumbai,Mumbai_Locality_5,Cafe,Cafe; Bakery,2.0,09:00,23:00,906,3.3,468,4.4,4027,3.85,1242,Luxury,30,30,20,37,20.0,21.0,9,14,133,178,132148,174650,130153,171980,51.0,49.0,Zomato Better,Family Friendly; Bar; Parking; WiFi; Dine-in,5,True,True,True,2018-07-17,2859
REST000250,Restaurant_250,Mumbai,Mumbai_Locality_12,QSR (Quick Service),Japanese,13.6,07:00,22:00,2836,4.2,3229,3.7,2103,3.95,766,Premium,88,88,60,57,18.0,22.0,24,15,262,231,164567,138017,153039,127853,50.0,50.0,Swiggy Better,Smoking Area; Rooftop; Private Room; Dessert Bar; AC,5,True,False,True,2016-07-28,3578
REST000251,Restaurant_251,Mumbai,Mumbai_Locality_14,Cloud Kitchen,Multi-Cuisine; Mughlai,13.2,07:00,22:00,3389,3.8,2892,3.5,3457,3.65,1383,Luxury,86,86,50,45,26.0,27.0,15,15,333,307,340798,309944,326479,296743,62.0,38.0,Swiggy Better,Dessert Bar; Family Friendly; Rooftop; Smoking Area,4,True,True,True,2021-10-17,1671
REST000252,Restaurant_252,Mumbai,Mumbai_Locality_3,Cafe,Seafood,2.1,11:00,22:00,1052,4.3,2626,3.5,3708,3.9,1129,Premium,30,30,31,27,21.0,19.0,19,8,177,144,157868,131686,155213,129526,48.0,52.0,Swiggy Better,AC; Parking; Outdoor Seating,3,False,False,True,2016-12-05,3448
REST000253,Restaurant_253,Mumbai,Mumbai_Locality_20,Fine Dine,North Indian; Lebanese,9.6,10:00,22:00,394,3.9,417,4.8,3295,4.35,1415,Luxury,68,68,40,45,14.0,18.0,6,20,123,151,149678,175205,145496,170071,41.0,59.0,Zomato Better,Alcohol; AC; Rooftop; Family Friendly; Dessert Bar; Bar; Takeaway; Live Music,8,True,True,False,2016-08-15,3560
REST000254,Restaurant_254,Mumbai,Mumbai_Locality_14,QSR (Quick Service),Multi-Cuisine,12.9,08:00,23:00,2487,4.0,1487,3.7,3356,3.85,448,Mid-Range,84,84,64,53,20.0,18.0,24,6,241,223,86374,81921,76252,72555,50.0,50.0,Swiggy Better,Family Friendly; Outdoor Seating; Parking,3,False,True,False,2018-04-16,2951
REST000255,Restaurant_255,Mumbai,Mumbai_Locality_3,Cafe,Mexican; Desserts,1.9,07:00,23:00,270,4.4,2912,3.8,4977,4.1,1375,Luxury,30,30,26,19,20.0,19.0,22,15,164,141,180400,157038,177940,154923,45.0,55.0,Swiggy Better,Outdoor Seating; Alcohol; Dine-in; Vegan Options; Smoking Area,5,False,True,False,2020-08-21,2093
REST000256,Restaurant_256,Mumbai,Mumbai_Locality_11,QSR (Quick Service),Street Food,10.8,08:00,23:00,1803,4.1,1057,4.1,4099,4.1,725,Premium,74,74,46,35,22.0,21.0,18,20,230,230,130065,131732,121555,123222,51.0,49.0,Zomato Better,Smoking Area; Outdoor Seating; Parking; Bar; Family Friendly; Private Room,6,False,True,True,2024-03-03,803
REST000257,Restaurant_257,Mumbai,Mumbai_Locality_16,Fine Dine,Cafe,4.3,10:00,23:00,2921,4.6,4064,4.6,344,4.6,1054,Premium,41,41,28,39,15.0,17.0,24,13,193,193,172908,168840,168952,164883,47.0,53.0,Swiggy Better,Takeaway; Live Music; WiFi; Outdoor Seating; Bar,5,False,True,True,2019-09-29,2420
REST000258,Restaurant_258,Mumbai,Mumbai_Locality_3,Food Truck,Korean,4.1,12:00,22:00,2070,4.1,1009,3.9,3239,4.0,915,Premium,40,40,22,26,18.0,17.0,25,12,126,120,94537,91134,92017,88734,62.0,38.0,Swiggy Better,WiFi; Vegan Options; Dessert Bar; Dine-in; Parking; Bar; Family Friendly; Rooftop,8,True,True,True,2016-08-10,3565
REST000259,Restaurant_259,Mumbai,Mumbai_Locality_2,Cafe,Seafood,11.3,11:00,23:00,2271,4.3,1976,4.2,3277,4.25,332,Mid-Range,76,76,50,48,19.0,21.0,14,13,202,198,54321,51931,46645,44407,53.0,47.0,Swiggy Better,Family Friendly; Rooftop; AC; Bar; WiFi,5,True,False,True,2018-10-29,2755
REST000260,Restaurant_260,Mumbai,Mumbai_Locality_15,QSR (Quick Service),Thai,13.3,09:00,23:00,1981,4.4,3026,4.2,1536,4.3,1039,Premium,86,86,50,49,23.0,21.0,14,25,251,240,200807,196994,190014,186674,55.0,45.0,Swiggy Better,Dessert Bar; Smoking Area; Alcohol; Takeaway; WiFi; Family Friendly; AC,7,True,False,True,2022-12-02,1260
REST000261,Restaurant_261,Mumbai,Mumbai_Locality_17,Casual Dining,Biryani; Cafe,6.7,07:00,22:00,2358,4.4,4193,3.8,3490,4.1,995,Premium,53,53,44,42,19.0,19.0,12,13,261,226,210352,182144,203436,176155,49.0,51.0,Swiggy Better,Takeaway; Bar; Dessert Bar,3,False,True,True,2017-06-21,3250
REST000262,Restaurant_262,Mumbai,Mumbai_Locality_10,Cloud Kitchen,South Indian,5.1,10:00,23:00,2995,3.8,1543,3.8,1739,3.8,529,Mid-Range,45,45,47,41,26.0,25.0,5,5,321,321,125658,127356,118436,120134,60.0,40.0,Zomato Better,Takeaway; Dine-in; Outdoor Seating; Dessert Bar; Family Friendly; Bar,6,False,False,False,2022-11-22,1270
REST000263,Restaurant_263,Mumbai,Mumbai_Locality_13,Cafe,Biryani; Biryani,12.2,08:00,22:00,388,4.2,140,4.0,1551,4.1,204,Budget,81,81,51,56,20.0,21.0,13,16,159,151,25948,24335,19509,18219,58.0,42.0,Swiggy Better,WiFi; Rooftop; Family Friendly,3,True,False,True,2021-07-22,1758
REST000264,Restaurant_264,Mumbai,Mumbai_Locality_16,Fine Dine,Fast Food; Street Food,7.3,10:00,22:00,3551,4.2,3219,4.5,427,4.35,833,Premium,56,56,46,39,18.0,17.0,19,11,187,200,127732,138278,122496,132678,51.0,49.0,Zomato Better,AC; Family Friendly; Alcohol; Vegan Options; Bar; Private Room,6,True,True,True,2020-05-13,2193
REST000265,Restaurant_265,Mumbai,Mumbai_Locality_3,Cloud Kitchen,Korean,4.4,10:00,23:00,2685,4.4,2850,4.4,3682,4.4,1043,Premium,42,42,37,34,24.0,23.0,17,20,361,361,286157,289922,278576,282341,59.0,41.0,Zomato Better,Private Room; Smoking Area; Bar; Dessert Bar; Family Friendly; Outdoor Seating; WiFi,7,False,False,False,2016-12-11,3442
REST000266,Restaurant_266,Mumbai,Mumbai_Locality_3,Cloud Kitchen,Fast Food; Seafood,10.2,08:00,22:00,558,4.3,3417,4.4,4054,4.35,771,Premium,71,71,46,51,24.0,24.0,15,15,277,284,162310,166412,152477,156330,75.0,25.0,Zomato Better,Dine-in; Rooftop; Takeaway; Parking; AC; Private Room; Live Music,7,True,True,False,2020-10-31,2022
REST000267,Restaurant_267,Mumbai,Mumbai_Locality_9,QSR (Quick Service),Pan-Asian; Japanese,13.5,12:00,22:00,3525,3.8,3596,3.1,3754,3.45,377,Mid-Range,87,87,60,50,22.0,18.0,13,5,253,206,74397,63682,63391,54721,57.0,43.0,Swiggy Better,Takeaway; Outdoor Seating; Dessert Bar; Smoking Area; Live Music; Parking; Private Room,7,False,False,False,2017-09-28,3151
REST000268,Restaurant_268,Mumbai,Mumbai_Locality_12,Cafe,Italian,5.4,07:00,22:00,594,3.6,63,4.2,2019,3.9,1120,Premium,47,47,32,40,19.0,22.0,10,17,140,163,127008,142396,123718,138566,47.0,53.0,Zomato Better,Rooftop; Smoking Area; Alcohol; AC,4,True,True,False,2017-04-18,3314
REST000269,Restaurant_269,Mumbai,Mumbai_Locality_12,Cloud Kitchen,Mexican; Thai,14.2,08:00,22:00,1842,3.9,580,3.5,704,3.7,842,Premium,91,91,47,66,22.0,27.0,15,15,293,262,192430,161040,179099,149119,58.0,42.0,Swiggy Better,Smoking Area; Vegan Options; Dine-in; Dessert Bar,4,False,False,False,2021-10-12,1676
REST000270,Restaurant_270,Mumbai,Mumbai_Locality_9,Cafe,Mughlai; North Indian,13.6,08:00,23:00,2530,3.7,4469,4.1,3632,3.9,857,Premium,88,88,58,46,18.0,19.0,5,20,179,198,125790,137445,117914,128733,53.0,47.0,Zomato Better,Bar; Smoking Area; Private Room; Outdoor Seating; Alcohol; Dessert Bar,6,False,True,False,2025-03-31,410
REST000271,Restaurant_271,Mumbai,Mumbai_Locality_1,Food Truck,Mughlai; Fast Food,0.9,11:00,23:00,3292,4.0,3473,4.7,4149,4.35,376,Mid-Range,30,30,25,17,20.0,18.0,13,34,139,163,41811,50256,39726,47811,50.0,50.0,Zomato Better,Vegan Options; Bar; Dine-in; Family Friendly; Parking,5,True,True,False,2022-05-12,1464
REST000272,Restaurant_272,Mumbai,Mumbai_Locality_5,QSR (Quick Service),Biryani; Korean,10.9,12:00,22:00,2158,4.4,1587,4.3,2969,4.35,1080,Premium,74,74,53,51,17.0,17.0,14,25,256,250,229478,224100,220006,214850,62.0,38.0,Swiggy Better,Family Friendly; Takeaway; Parking; Dessert Bar,4,False,False,False,2016-07-05,3601
REST000273,Restaurant_273,Mumbai,Mumbai_Locality_16,Food Truck,Multi-Cuisine; Street Food,11.1,08:00,22:00,1737,3.5,3759,4.0,1069,3.75,1201,Luxury,75,75,48,45,20.0,21.0,13,21,103,118,98962,111957,95099,107532,49.0,51.0,Zomato Better,Vegan Options; Private Room; AC,3,True,True,False,2022-02-22,1543
REST000274,Restaurant_274,Mumbai,Mumbai_Locality_12,Fine Dine,Thai,4.9,09:00,23:00,1563,3.3,1174,4.1,4840,3.7,1013,Premium,44,44,44,37,13.0,17.0,12,10,120,149,105757,125277,103117,121999,53.0,47.0,Zomato Better,Alcohol; Parking; Takeaway,3,True,False,False,2020-11-22,2000
REST000275,Restaurant_275,Mumbai,Mumbai_Locality_16,Food Truck,Street Food; Mediterranean,12.6,11:00,22:00,3444,4.0,3785,3.5,3695,3.75,1069,Premium,83,83,54,56,21.0,21.0,22,8,141,123,119075,103874,113224,98770,47.0,53.0,Swiggy Better,Parking; Alcohol; Dine-in; Dessert Bar; Family Friendly; WiFi,6,True,True,True,2018-05-11,2926
REST000276,Restaurant_276,Mumbai,Mumbai_Locality_18,Food Truck,Lebanese; Seafood,9.9,11:00,22:00,2667,4.2,4735,4.5,443,4.35,1317,Luxury,69,69,36,43,17.0,21.0,15,10,137,147,149756,152943,145029,147871,55.0,45.0,Zomato Better,Rooftop; Live Music; Private Room; Bar; Vegan Options,5,False,True,False,2017-03-28,3335
REST000277,Restaurant_277,Mumbai,Mumbai_Locality_1,Cloud Kitchen,Korean,5.4,10:00,22:00,769,4.2,2116,3.7,755,3.95,384,Mid-Range,47,47,41,35,23.0,27.0,14,9,278,245,82199,68678,75666,62920,61.0,39.0,Swiggy Better,Dessert Bar; Outdoor Seating; Dine-in; Vegan Options; Parking; Private Room,6,True,True,False,2022-12-12,1250
REST000278,Restaurant_278,Mumbai,Mumbai_Locality_11,Fine Dine,Mughlai,4.2,07:00,22:00,3420,4.2,4810,4.6,1947,4.4,1159,Premium,41,41,27,33,14.0,14.0,23,22,185,202,184396,201341,180604,197200,54.0,46.0,Zomato Better,Dine-in; AC; Dessert Bar; Live Music; Smoking Area; WiFi,6,True,True,True,2017-09-24,3155
REST000279,Restaurant_279,Mumbai,Mumbai_Locality_3,QSR (Quick Service),Korean,12.8,08:00,22:00,2079,3.2,2018,4.8,4413,4.0,1017,Premium,84,84,56,49,22.0,23.0,14,29,185,277,146753,216915,138983,205281,46.0,54.0,Zomato Better,Outdoor Seating; Dine-in; Private Room; Family Friendly; WiFi; Vegan Options; Dessert Bar; AC,8,False,True,False,2019-09-23,2426
REST000280,Restaurant_280,Mumbai,Mumbai_Locality_3,Fine Dine,Fast Food; Korean,4.9,12:00,22:00,1649,4.3,2299,3.4,3548,3.85,581,Mid-Range,44,44,25,26,16.0,14.0,18,12,158,125,77110,62457,73634,59707,45.0,55.0,Swiggy Better,Live Music; Dessert Bar; Parking; Rooftop; Smoking Area,5,False,False,True,2026-02-09,95
REST000281,Restaurant_281,Mumbai,Mumbai_Locality_1,Cafe,North Indian; North Indian,10.3,11:00,23:00,1722,4.0,645,3.5,4422,3.75,213,Budget,71,71,52,39,18.0,23.0,22,14,177,155,30914,25421,24631,19919,54.0,46.0,Swiggy Better,AC; Outdoor Seating; Rooftop; Bar; Dine-in,5,True,False,True,2022-02-18,1547
REST000282,Restaurant_282,Mumbai,Mumbai_Locality_1,Cloud Kitchen,North Indian,11.5,12:00,23:00,2817,4.3,2493,4.7,1821,4.5,629,Mid-Range,77,77,60,46,25.0,26.0,16,20,357,390,168414,181529,154670,166514,56.0,44.0,Zomato Better,Private Room; Dessert Bar; AC; Takeaway,4,False,False,True,2024-05-17,728
REST000283,Restaurant_283,Mumbai,Mumbai_Locality_19,Cafe,Korean; Vietnamese,3.0,08:00,22:00,2439,4.6,1877,4.7,4295,4.65,711,Premium,35,35,33,38,21.0,20.0,28,37,220,225,123571,127980,119721,124042,65.0,35.0,Zomato Better,Dine-in; AC; Dessert Bar; Rooftop; Bar; Smoking Area,6,False,False,False,2016-10-26,3488
REST000284,Restaurant_284,Mumbai,Mumbai_Locality_16,QSR (Quick Service),Italian; Street Food,5.7,07:00,22:00,3138,4.9,4371,4.3,3687,4.6,797,Premium,48,48,39,36,20.0,17.0,27,23,315,276,200844,182576,193284,175952,47.0,53.0,Swiggy Better,Smoking Area; Live Music; Private Room,3,True,False,True,2022-10-20,1303
REST000285,Restaurant_285,Mumbai,Mumbai_Locality_16,Cafe,Lebanese,6.8,11:00,23:00,128,4.2,3889,3.7,1962,3.95,847,Premium,54,54,43,30,18.0,17.0,24,6,153,135,106264,94906,102133,91261,55.0,45.0,Swiggy Better,Family Friendly; Vegan Options; Takeaway; Rooftop; Dine-in; Dessert Bar; AC; Parking,8,True,True,False,2025-08-05,283
REST000286,Restaurant_286,Mumbai,Mumbai_Locality_3,Fine Dine,Seafood; Mexican,2.0,11:00,22:00,258,3.9,795,4.4,3377,4.15,627,Mid-Range,30,30,34,22,15.0,15.0,11,13,121,136,64486,72481,62671,70441,49.0,51.0,Zomato Better,Dessert Bar; Smoking Area; Rooftop; Dine-in; Family Friendly,5,False,True,True,2025-01-28,472
REST000287,Restaurant_287,Mumbai,Mumbai_Locality_7,Fine Dine,Vietnamese; Korean,13.6,12:00,23:00,546,3.7,3652,4.4,1533,4.05,647,Mid-Range,88,88,53,53,16.0,15.0,15,21,119,141,64674,77542,59438,71338,42.0,58.0,Zomato Better,Vegan Options; Alcohol; Rooftop; Outdoor Seating; Bar,5,False,False,False,2019-07-10,2501
REST000288,Restaurant_288,Mumbai,Mumbai_Locality_19,QSR (Quick Service),Pan-Asian; Thai,10.0,07:00,22:00,622,3.2,457,4.0,3467,3.6,854,Premium,70,70,46,48,22.0,19.0,15,25,156,195,103914,134889,98454,128064,63.0,37.0,Zomato Better,Bar; Family Friendly; Vegan Options; Smoking Area; Parking; Rooftop; Dessert Bar; WiFi,8,False,False,True,2024-06-20,694
REST000289,Restaurant_289,Mumbai,Mumbai_Locality_1,Cloud Kitchen,South Indian,9.8,08:00,23:00,2869,3.8,2725,3.8,3089,3.8,570,Mid-Range,69,69,37,50,22.0,24.0,13,6,317,317,140938,137324,130001,126387,55.0,45.0,Swiggy Better,WiFi; Family Friendly; Live Music; Dessert Bar,4,False,True,True,2025-12-15,151
REST000290,Restaurant_290,Mumbai,Mumbai_Locality_9,Casual Dining,Seafood,10.9,11:00,22:00,1421,4.0,2154,4.1,838,4.05,192,Budget,74,74,48,44,22.0,19.0,16,19,215,220,32198,34214,24243,26074,50.0,50.0,Zomato Better,Live Music; Parking; Rooftop; Private Room; Dessert Bar; Outdoor Seating,6,False,True,True,2024-12-16,515
REST000291,Restaurant_291,Mumbai,Mumbai_Locality_13,Casual Dining,Bakery,10.6,11:00,23:00,1332,4.3,388,4.0,4821,4.15,537,Mid-Range,73,73,48,42,18.0,21.0,18,14,228,212,100397,89936,92075,82198,42.0,58.0,Swiggy Better,Vegan Options; Family Friendly; Live Music; Bar; Takeaway; Private Room; Dessert Bar,7,True,False,False,2017-11-11,3107
REST000292,Restaurant_292,Mumbai,Mumbai_Locality_11,Cloud Kitchen,Thai,10.8,12:00,23:00,2182,3.9,2208,3.5,4771,3.7,971,Premium,74,74,40,39,23.0,27.0,12,8,303,272,226544,192801,215333,182737,68.0,32.0,Swiggy Better,Live Music; WiFi; AC; Rooftop; Vegan Options; Outdoor Seating,6,False,False,True,2020-02-11,2285
REST000293,Restaurant_293,Mumbai,Mumbai_Locality_17,Casual Dining,Chinese,5.6,07:00,23:00,2421,3.6,3705,4.0,3840,3.8,1035,Premium,48,48,28,41,19.0,18.0,8,18,215,239,180245,202839,175085,197103,45.0,55.0,Zomato Better,Takeaway; Parking; Smoking Area; WiFi; Alcohol; Dessert Bar; Vegan Options; Rooftop,8,False,True,True,2025-03-08,433
REST000294,Restaurant_294,Mumbai,Mumbai_Locality_7,Fine Dine,Pan-Asian,5.3,09:00,23:00,2795,3.8,2258,4.7,1571,4.25,1387,Luxury,46,46,53,35,16.0,17.0,5,29,157,194,182917,223334,179306,218872,51.0,49.0,Zomato Better,Private Room; Parking; Rooftop; AC; Bar,5,True,False,True,2018-12-14,2709
REST000295,Restaurant_295,Mumbai,Mumbai_Locality_7,Cloud Kitchen,Cafe,7.4,11:00,23:00,2142,3.9,713,3.6,2574,3.75,534,Mid-Range,57,57,29,44,25.0,27.0,5,10,302,279,120951,108759,112344,100808,63.0,37.0,Swiggy Better,Vegan Options; Private Room; Outdoor Seating; WiFi,4,True,False,False,2017-03-14,3349
REST000296,Restaurant_296,Mumbai,Mumbai_Locality_13,QSR (Quick Service),Cafe,11.6,11:00,23:00,2858,4.0,273,4.1,1149,4.05,464,Mid-Range,78,78,64,45,22.0,22.0,22,22,250,256,90480,92651,80730,82667,56.0,44.0,Zomato Better,AC; Takeaway; Alcohol; Smoking Area,4,True,False,False,2025-01-26,474
REST000297,Restaurant_297,Mumbai,Mumbai_Locality_3,Food Truck,Street Food; Seafood,3.0,11:00,22:00,2794,4.6,4012,4.1,229,4.35,532,Mid-Range,35,35,34,41,18.0,19.0,36,12,152,136,66308,58605,63648,56225,53.0,47.0,Swiggy Better,Dine-in; Parking; Alcohol; Smoking Area; Outdoor Seating; Private Room,6,False,False,True,2024-07-11,673
REST000298,Restaurant_298,Mumbai,Mumbai_Locality_3,Casual Dining,Japanese,6.1,08:00,22:00,3575,4.2,3899,3.7,1310,3.95,1386,Luxury,50,50,33,35,21.0,20.0,16,5,281,248,307678,274982,300653,268782,43.0,57.0,Swiggy Better,Family Friendly; Takeaway; AC; Vegan Options,4,True,False,False,2019-11-27,2361
REST000299,Restaurant_299,Mumbai,Mumbai_Locality_3,Cloud Kitchen,Street Food,4.7,10:00,23:00,3638,3.8,2446,3.4,3213,3.6,1405,Luxury,43,43,38,25,23.0,26.0,11,12,341,305,368910,317108,361579,310551,63.0,37.0,Swiggy Better,Smoking Area; Dessert Bar; Outdoor Seating; Bar; Vegan Options; Takeaway,6,False,True,True,2023-08-08,1011
REST000300,Restaurant_300,Mumbai,Mumbai_Locality_3,QSR (Quick Service),Lebanese,10.6,08:00,23:00,2988,3.4,1003,4.4,3030,3.9,306,Mid-Range,73,73,46,40,19.0,18.0,8,11,215,279,53289,70006,45442,59823,61.0,39.0,Zomato Better,Dine-in; Takeaway; Dessert Bar; Bar; Rooftop; Family Friendly,6,False,False,False,2017-12-03,3085
REST000301,Restaurant_301,Mumbai,Mumbai_Locality_9,Casual Dining,Mediterranean,2.2,09:00,23:00,589,3.9,4502,4.0,1994,3.95,1046,Premium,31,31,35,36,18.0,17.0,6,15,189,194,162109,168426,159179,165419,53.0,47.0,Zomato Better,Takeaway; Alcohol; Bar; AC; Outdoor Seating,5,True,True,False,2018-09-10,2804
REST000302,Restaurant_302,Mumbai,Mumbai_Locality_7,Casual Dining,Street Food,10.9,11:00,22:00,2794,3.9,4293,4.0,852,3.95,949,Premium,74,74,44,41,17.0,19.0,8,17,242,248,190616,190635,181662,181459,49.0,51.0,Swiggy Better,Smoking Area; Live Music; Private Room; Takeaway; Dine-in,5,False,True,False,2026-02-15,89
REST000303,Restaurant_303,Mumbai,Mumbai_Locality_4,Casual Dining,Biryani; Cafe,12.1,12:00,22:00,3431,4.0,4208,3.9,892,3.95,819,Premium,80,80,46,55,23.0,19.0,23,6,264,257,166486,170491,155926,160211,49.0,51.0,Zomato Better,Live Music; Takeaway; Parking; Rooftop,4,True,True,False,2021-10-11,1677
REST000304,Restaurant_304,Mumbai,Mumbai_Locality_8,Fine Dine,Mediterranean,1.5,09:00,23:00,3368,4.8,3377,4.2,2480,4.5,1376,Luxury,30,30,12,28,17.0,18.0,38,15,210,184,239836,207610,236686,204850,51.0,49.0,Swiggy Better,Takeaway; Vegan Options; Parking; Dessert Bar; AC,5,True,False,False,2024-04-27,748
REST000305,Restaurant_305,Mumbai,Mumbai_Locality_1,Cafe,Multi-Cuisine,9.3,10:00,23:00,2426,3.3,4134,4.0,4822,3.65,177,Budget,66,66,44,50,19.0,21.0,8,12,158,191,22652,26707,17438,20404,63.0,37.0,Zomato Better,Outdoor Seating; Parking; Family Friendly,3,False,True,False,2024-08-02,651
REST000306,Restaurant_306,Mumbai,Mumbai_Locality_20,Casual Dining,Lebanese,14.8,12:00,23:00,1847,4.2,334,4.3,4276,4.25,999,Premium,94,94,52,51,22.0,19.0,17,16,236,242,183895,195823,172803,184449,40.0,60.0,Zomato Better,Dine-in; Dessert Bar; Live Music; Private Room; Rooftop; Vegan Options; AC,7,False,True,True,2021-04-30,1841
REST000307,Restaurant_307,Mumbai,Mumbai_Locality_7,Fine Dine,Multi-Cuisine,1.3,08:00,22:00,609,4.4,1684,4.3,1945,4.35,1189,Premium,30,30,34,31,16.0,13.0,15,17,143,139,142822,143785,140677,141700,45.0,55.0,Zomato Better,WiFi; Vegan Options; Family Friendly; Dessert Bar; Live Music,5,False,False,False,2025-05-23,357
REST000308,Restaurant_308,Mumbai,Mumbai_Locality_15,Cloud Kitchen,Mediterranean,6.6,12:00,23:00,2526,4.0,3958,3.3,172,3.65,931,Premium,53,53,36,39,24.0,25.0,15,9,323,266,228541,185734,219982,178685,73.0,27.0,Swiggy Better,Family Friendly; WiFi; Smoking Area; Private Room; AC; Alcohol,6,False,True,True,2022-07-21,1394
REST000309,Restaurant_309,Mumbai,Mumbai_Locality_7,Cafe,Multi-Cuisine,0.6,11:00,23:00,3559,3.1,3242,4.0,3066,3.55,936,Premium,30,30,19,26,19.0,17.0,6,22,166,214,125854,166252,123364,163042,57.0,43.0,Zomato Better,Outdoor Seating; Live Music; Rooftop; AC; WiFi; Parking; Alcohol,7,False,False,True,2018-06-24,2882
REST000310,Restaurant_310,Mumbai,Mumbai_Locality_8,Cafe,Mediterranean; Cafe,7.4,09:00,22:00,3360,3.8,2150,3.5,4969,3.65,1082,Premium,57,57,42,38,20.0,21.0,7,5,199,183,172254,156424,166582,151209,50.0,50.0,Swiggy Better,Rooftop; Takeaway; Dessert Bar,3,False,False,True,2018-05-15,2922
REST000311,Restaurant_311,Mumbai,Mumbai_Locality_14,Food Truck,Bakery; Fast Food,4.2,11:00,23:00,1267,3.4,738,3.7,905,3.55,1452,Luxury,41,41,25,29,19.0,18.0,11,9,95,104,111731,123826,109783,121694,61.0,39.0,Zomato Better,Outdoor Seating; Private Room; Family Friendly,3,True,True,False,2025-07-03,316
REST000312,Restaurant_312,Mumbai,Mumbai_Locality_6,Food Truck,Mexican; Mexican,3.1,12:00,22:00,793,4.1,913,4.2,3701,4.15,1311,Luxury,35,35,32,28,18.0,22.0,18,23,109,111,117177,113506,115269,111563,46.0,54.0,Swiggy Better,Dessert Bar; Vegan Options; Takeaway; Smoking Area; Outdoor Seating; Rooftop,6,False,True,True,2022-01-19,1577
REST000313,Restaurant_313,Mumbai,Mumbai_Locality_19,QSR (Quick Service),Chinese,3.9,12:00,22:00,2017,4.3,69,4.0,4781,4.15,235,Budget,39,39,37,36,21.0,23.0,9,25,246,229,45669,41437,40872,36972,45.0,55.0,Swiggy Better,Rooftop; Parking; Vegan Options; AC; Private Room; Dessert Bar,6,False,False,True,2017-02-16,3375
REST000314,Restaurant_314,Mumbai,Mumbai_Locality_20,QSR (Quick Service),Biryani,1.3,09:00,22:00,1488,4.8,3301,4.0,1147,4.4,202,Budget,30,30,19,21,21.0,22.0,31,24,260,216,41490,34032,37590,30792,51.0,49.0,Swiggy Better,Dessert Bar; Smoking Area; Family Friendly; Alcohol; AC; Live Music; Dine-in,7,False,True,False,2019-03-08,2625
REST000315,Restaurant_315,Mumbai,Mumbai_Locality_20,Fine Dine,Mughlai; Cafe,7.5,11:00,22:00,3057,3.5,3910,4.8,832,4.15,938,Premium,57,57,39,43,15.0,15.0,13,21,148,204,118000,162649,113782,156835,42.0,58.0,Zomato Better,Family Friendly; Rooftop; Takeaway; WiFi,4,False,True,True,2021-04-14,1857
REST000316,Restaurant_316,Mumbai,Mumbai_Locality_8,Cloud Kitchen,Biryani,3.6,12:00,22:00,3115,5.0,249,4.8,1322,4.9,818,Premium,38,38,39,27,24.0,25.0,13,24,428,410,266079,251535,257947,243745,59.0,41.0,Swiggy Better,Dessert Bar; Bar; Family Friendly; Takeaway; Parking; Live Music; Private Room,7,False,False,False,2018-03-30,2968
REST000317,Restaurant_317,Mumbai,Mumbai_Locality_8,Cafe,Lebanese; Mexican,3.7,09:00,22:00,503,4.3,4861,4.2,1551,4.25,387,Mid-Range,38,38,30,31,19.0,21.0,19,11,165,161,51722,49222,48587,46163,51.0,49.0,Swiggy Better,Alcohol; Live Music; AC; Rooftop; Parking; Dessert Bar; Outdoor Seating,7,True,True,True,2021-11-08,1649
REST000318,Restaurant_318,Mumbai,Mumbai_Locality_10,Food Truck,Street Food,12.6,12:00,23:00,2077,4.2,291,4.3,4916,4.25,805,Premium,83,83,44,64,23.0,21.0,25,16,129,132,79960,83945,74607,78467,47.0,53.0,Zomato Better,WiFi; Bar; AC; Dine-in; Parking; Outdoor Seating,6,True,True,True,2018-06-08,2898
REST000319,Restaurant_319,Mumbai,Mumbai_Locality_6,Casual Dining,Multi-Cuisine; Seafood,14.9,10:00,23:00,2274,3.6,2863,4.2,3216,3.9,950,Premium,94,94,62,58,23.0,21.0,13,22,212,247,155078,185373,145114,173764,44.0,56.0,Zomato Better,Outdoor Seating; Parking; Rooftop,3,True,False,True,2021-02-26,1904
REST000320,Restaurant_320,Mumbai,Mumbai_Locality_16,Food Truck,Continental,4.7,08:00,22:00,623,4.1,84,3.8,2977,3.95,1328,Luxury,43,43,41,39,19.0,23.0,15,7,106,98,114022,100210,111743,98103,62.0,38.0,Swiggy Better,Takeaway; Parking; Family Friendly,3,True,True,False,2024-12-21,510
REST000321,Restaurant_321,Mumbai,Mumbai_Locality_13,Food Truck,Mexican; Lebanese,4.1,08:00,23:00,516,3.4,1423,4.0,3085,3.7,1498,Luxury,40,40,37,36,19.0,21.0,12,21,87,102,105564,120708,103824,118668,61.0,39.0,Zomato Better,Takeaway; Smoking Area; Private Room,3,True,False,True,2019-02-04,2657
REST000322,Restaurant_322,Mumbai,Mumbai_Locality_19,Fine Dine,Korean,7.5,12:00,22:00,2871,4.1,3976,3.8,3562,3.95,761,Premium,57,57,37,39,17.0,17.0,15,11,171,158,108008,99797,103135,95294,41.0,59.0,Swiggy Better,Dine-in; AC; Alcohol; Rooftop; Bar; Family Friendly; Takeaway; Dessert Bar,8,True,True,True,2024-04-05,770
REST000323,Restaurant_323,Mumbai,Mumbai_Locality_11,Fine Dine,Japanese,2.3,11:00,22:00,557,3.9,2113,3.9,296,3.9,323,Mid-Range,31,31,35,28,15.0,15.0,15,5,125,125,34318,34318,32381,32381,45.0,55.0,Balanced,WiFi; Dine-in; Alcohol; Smoking Area,4,False,True,False,2019-10-26,2393
REST000324,Restaurant_324,Mumbai,Mumbai_Locality_12,Cafe,Mughlai,9.3,08:00,22:00,2121,3.9,310,3.9,1550,3.9,440,Mid-Range,66,66,40,52,21.0,18.0,10,9,181,181,62915,65304,56942,59331,64.0,36.0,Zomato Better,Bar; Vegan Options; AC; Takeaway,4,False,False,True,2022-01-03,1593
REST000325,Restaurant_325,Mumbai,Mumbai_Locality_9,Cloud Kitchen,Street Food,10.3,08:00,22:00,2874,4.6,1588,4.3,3058,4.45,1304,Luxury,71,71,40,37,25.0,23.0,33,22,384,359,375552,360464,361920,347720,67.0,33.0,Swiggy Better,Vegan Options; Live Music; Takeaway,3,False,True,True,2020-04-30,2206
REST000326,Restaurant_326,Mumbai,Mumbai_Locality_11,Cafe,Japanese,9.8,09:00,23:00,1516,4.4,2251,4.6,90,4.5,350,Mid-Range,69,69,35,53,18.0,23.0,15,13,191,199,54817,53630,48227,46765,53.0,47.0,Swiggy Better,Smoking Area; WiFi; Vegan Options; Family Friendly; Takeaway; Alcohol; Parking; Private Room,8,False,True,True,2025-10-01,226
REST000327,Restaurant_327,Mumbai,Mumbai_Locality_18,QSR (Quick Service),Mediterranean,8.5,10:00,23:00,3642,3.7,4217,3.8,1283,3.75,1496,Luxury,62,62,45,45,17.0,21.0,10,8,249,256,309178,302551,301459,294615,60.0,40.0,Swiggy Better,Vegan Options; AC; Bar; Family Friendly; Outdoor Seating; Rooftop; Parking; Smoking Area,8,False,False,True,2021-06-28,1782
REST000328,Restaurant_328,Mumbai,Mumbai_Locality_14,QSR (Quick Service),Lebanese; Seafood,11.7,07:00,22:00,3492,4.3,777,4.1,1362,4.2,1328,Luxury,78,78,56,51,20.0,22.0,23,14,286,272,303846,281748,292692,271140,56.0,44.0,Swiggy Better,Family Friendly; Alcohol; Dessert Bar; Rooftop; Private Room; Takeaway,6,False,True,True,2019-05-18,2554
REST000329,Restaurant_329,Mumbai,Mumbai_Locality_12,Cafe,North Indian; Japanese,4.0,12:00,22:00,3056,3.2,4298,3.4,1853,3.3,508,Mid-Range,40,40,41,37,23.0,20.0,11,7,163,173,63759,70307,60499,66847,55.0,45.0,Zomato Better,Takeaway; Parking; Dessert Bar; Live Music; Alcohol,5,True,False,False,2022-12-07,1255
REST000330,Restaurant_330,Mumbai,Mumbai_Locality_19,QSR (Quick Service),Desserts,6.2,12:00,22:00,1278,4.8,4009,3.7,481,4.25,878,Premium,51,51,42,37,18.0,19.0,25,11,253,195,182149,138680,175698,133707,51.0,49.0,Swiggy Better,Dine-in; Takeaway; AC; Family Friendly; Live Music,5,True,True,True,2021-09-06,1712
REST000331,Restaurant_331,Mumbai,Mumbai_Locality_9,Cloud Kitchen,North Indian,3.8,09:00,23:00,1649,3.4,4404,4.6,2217,4.0,372,Mid-Range,39,39,39,32,23.0,26.0,5,31,250,338,71610,93044,66735,86453,64.0,36.0,Zomato Better,Live Music; Takeaway; Smoking Area; WiFi; Dine-in; Outdoor Seating; AC; Alcohol,8,False,True,True,2024-06-28,686
REST000332,Restaurant_332,Mumbai,Mumbai_Locality_14,Cloud Kitchen,Biryani; Italian,7.6,12:00,22:00,2059,3.7,3285,4.6,4121,4.15,946,Premium,58,58,48,49,23.0,24.0,5,27,284,353,206871,253792,198635,243555,71.0,29.0,Zomato Better,Dessert Bar; Private Room; Parking,3,False,True,False,2021-06-01,1809
REST000333,Restaurant_333,Mumbai,Mumbai_Locality_14,QSR (Quick Service),Seafood,4.1,12:00,22:00,654,4.0,2168,4.7,2036,4.35,1028,Premium,40,40,35,40,21.0,20.0,15,26,196,230,159175,189152,155255,184552,61.0,39.0,Zomato Better,Dessert Bar; Smoking Area; Outdoor Seating; Live Music; Takeaway; Rooftop; AC,7,True,False,True,2024-02-18,817
REST000334,Restaurant_334,Mumbai,Mumbai_Locality_2,Cloud Kitchen,North Indian; Chinese,6.0,09:00,22:00,2180,4.1,512,4.4,4186,4.25,1024,Premium,50,50,34,33,24.0,24.0,23,17,319,342,248258,266158,240283,257608,60.0,40.0,Zomato Better,Smoking Area; Dine-in; Outdoor Seating; Private Room; Bar,5,True,False,False,2023-11-29,898
REST000335,Restaurant_335,Mumbai,Mumbai_Locality_14,Cloud Kitchen,Desserts; Italian,3.2,09:00,23:00,2042,3.9,121,4.2,4530,4.05,416,Mid-Range,36,36,27,38,27.0,25.0,10,17,299,322,90800,100464,85418,94668,62.0,38.0,Zomato Better,WiFi; Live Music; Vegan Options; AC; Takeaway; Dessert Bar; Outdoor Seating; Rooftop,8,True,True,False,2024-02-15,820
REST000336,Restaurant_336,Mumbai,Mumbai_Locality_11,Fine Dine,Chinese; Vietnamese,4.9,08:00,22:00,1972,4.3,4519,4.1,2078,4.2,1297,Luxury,44,44,45,33,16.0,17.0,12,25,163,156,177585,167935,173999,164503,47.0,53.0,Swiggy Better,Alcohol; Smoking Area; Rooftop; Dine-in; Outdoor Seating; Vegan Options,6,False,True,True,2023-01-15,1216
REST000337,Restaurant_337,Mumbai,Mumbai_Locality_13,Food Truck,South Indian; Bakery,7.7,11:00,22:00,2210,4.3,3156,4.6,4617,4.45,949,Premium,58,58,37,42,18.0,18.0,10,36,134,143,104276,111279,100390,107132,49.0,51.0,Zomato Better,Alcohol; Bar; Private Room; Smoking Area; WiFi; Dessert Bar,6,True,False,False,2018-05-06,2931
REST000338,Restaurant_338,Mumbai,Mumbai_Locality_2,Food Truck,Italian,8.2,07:00,22:00,1225,4.3,1099,3.9,2225,4.1,255,Budget,60,60,39,38,20.0,17.0,21,15,120,109,24480,23069,20880,19799,61.0,39.0,Swiggy Better,Parking; Smoking Area; Takeaway; Bar; Alcohol; WiFi; Outdoor Seating,7,False,False,True,2022-08-25,1359
REST000339,Restaurant_339,Mumbai,Mumbai_Locality_9,Cafe,North Indian; Cafe,3.1,11:00,22:00,94,3.9,2118,3.4,4960,3.65,1278,Luxury,35,35,32,36,18.0,21.0,11,7,142,123,148810,124183,146325,122030,51.0,49.0,Swiggy Better,Live Music; Bar; Private Room; AC; Parking; Outdoor Seating,6,False,True,True,2020-09-22,2061
REST000340,Restaurant_340,Mumbai,Mumbai_Locality_7,Cloud Kitchen,Fast Food; Fast Food,8.8,08:00,23:00,3017,4.2,1465,4.0,3239,4.1,1394,Luxury,64,64,43,45,25.0,26.0,22,13,356,339,372198,349698,360806,338850,64.0,36.0,Swiggy Better,Alcohol; Outdoor Seating; Bar; Dine-in; Vegan Options; Takeaway; AC; Smoking Area,8,True,True,True,2017-01-07,3415
REST000341,Restaurant_341,Mumbai,Mumbai_Locality_3,Cafe,South Indian,4.4,11:00,22:00,2599,4.0,881,3.9,4453,3.95,843,Premium,42,42,35,32,22.0,22.0,15,9,195,190,128220,124932,124125,120942,48.0,52.0,Swiggy Better,Family Friendly; Outdoor Seating; Live Music; Dine-in; Alcohol,5,False,True,True,2026-01-19,116
REST000342,Restaurant_342,Mumbai,Mumbai_Locality_17,Fine Dine,Japanese,13.4,08:00,22:00,1731,4.1,3509,4.0,3167,4.05,451,Mid-Range,87,87,49,55,16.0,16.0,13,25,152,148,57583,56068,50971,49630,54.0,46.0,Swiggy Better,Takeaway; Live Music; Smoking Area; WiFi,4,False,True,False,2019-05-21,2551
REST000343,Restaurant_343,Mumbai,Mumbai_Locality_2,Fine Dine,Pan-Asian; Chinese,9.3,10:00,23:00,759,3.5,1240,3.6,2480,3.55,1429,Luxury,66,66,45,39,17.0,16.0,9,6,115,119,136398,142842,132603,138915,42.0,58.0,Zomato Better,Private Room; Outdoor Seating; Rooftop,3,True,False,False,2024-08-18,635
REST000344,Restaurant_344,Mumbai,Mumbai_Locality_19,Cloud Kitchen,Multi-Cuisine; Italian,6.7,09:00,22:00,3006,5.0,1499,4.7,3164,4.85,872,Premium,53,53,36,43,24.0,27.0,30,24,423,398,280330,253350,269121,242803,69.0,31.0,Swiggy Better,Smoking Area; Live Music; AC; Rooftop; Alcohol; Family Friendly; Dessert Bar; Vegan Options,8,True,False,False,2025-05-08,372
REST000345,Restaurant_345,Mumbai,Mumbai_Locality_3,Food Truck,Korean; Cafe,3.9,08:00,22:00,41,3.7,1104,4.3,912,4.0,272,Budget,39,39,36,30,22.0,18.0,12,14,89,103,18882,22973,17146,20964,62.0,38.0,Zomato Better,Smoking Area; AC; Live Music; Rooftop; Bar; Dine-in; Outdoor Seating,7,True,True,True,2022-01-20,1576
REST000346,Restaurant_346,Mumbai,Mumbai_Locality_4,Cafe,Mexican,10.1,10:00,22:00,332,4.4,657,4.1,2017,4.25,307,Mid-Range,70,70,54,45,22.0,20.0,14,19,165,154,39510,37822,33735,32432,53.0,47.0,Swiggy Better,AC; Bar; Parking; Family Friendly; Dessert Bar; Dine-in,6,False,True,True,2024-07-16,668
REST000347,Restaurant_347,Mumbai,Mumbai_Locality_17,Cafe,South Indian; Fast Food,2.8,10:00,23:00,1653,3.3,4696,3.7,4121,3.5,776,Premium,33,33,29,25,23.0,20.0,7,8,145,163,86640,101190,84247,98500,48.0,52.0,Zomato Better,Vegan Options; Dine-in; Live Music; AC; Outdoor Seating; Alcohol,6,True,False,False,2020-12-07,1985
REST000348,Restaurant_348,Mumbai,Mumbai_Locality_13,Cafe,Lebanese,2.9,09:00,23:00,3320,4.1,647,4.2,2981,4.15,1385,Luxury,34,34,31,26,18.0,18.0,16,10,214,219,243039,248718,239401,244995,50.0,50.0,Zomato Better,Live Music; Alcohol; Smoking Area; Dessert Bar; Dine-in,5,True,False,True,2025-05-02,378
REST000349,Restaurant_349,Mumbai,Mumbai_Locality_11,Food Truck,Multi-Cuisine,1.9,07:00,23:00,1294,4.0,4107,3.0,1606,3.5,794,Premium,30,30,28,20,21.0,18.0,23,13,113,84,70880,54690,69185,53430,64.0,36.0,Swiggy Better,Alcohol; Rooftop; Private Room,3,True,True,False,2019-09-14,2435
REST000350,Restaurant_350,Mumbai,Mumbai_Locality_10,Cloud Kitchen,Korean; South Indian,2.8,10:00,22:00,2825,4.1,1907,3.9,1776,4.0,1489,Luxury,33,33,35,36,25.0,28.0,20,12,341,324,380811,347353,375185,342007,75.0,25.0,Swiggy Better,Parking; WiFi; Smoking Area; Vegan Options,4,False,True,False,2018-04-18,2949
REST000351,Restaurant_351,Mumbai,Mumbai_Locality_3,Casual Dining,Bakery; Vietnamese,14.4,12:00,23:00,2352,4.1,2545,4.0,4492,4.05,328,Mid-Range,92,92,48,53,19.0,17.0,21,21,243,237,64560,64520,53382,53618,43.0,57.0,Zomato Better,Takeaway; Outdoor Seating; Bar,3,False,False,False,2020-12-24,1968
REST000352,Restaurant_352,Mumbai,Mumbai_Locality_19,Cloud Kitchen,Lebanese; Italian,7.6,09:00,23:00,1518,3.5,1066,4.3,3621,3.9,901,Premium,58,58,33,39,23.0,24.0,12,18,253,311,175523,212960,168186,203941,61.0,39.0,Zomato Better,Dine-in; Vegan Options; Dessert Bar; Smoking Area; Live Music; Alcohol; Bar; Outdoor Seating,8,True,False,True,2022-01-27,1569
REST000353,Restaurant_353,Mumbai,Mumbai_Locality_13,Food Truck,Mediterranean; Cafe,13.2,07:00,23:00,2770,3.4,3818,4.1,903,3.75,325,Mid-Range,86,86,52,53,19.0,20.0,11,20,112,135,29484,35100,24668,29295,64.0,36.0,Zomato Better,Parking; Smoking Area; Vegan Options,3,False,True,False,2018-05-31,2906
REST000354,Restaurant_354,Mumbai,Mumbai_Locality_18,Fine Dine,Desserts,2.8,08:00,22:00,1954,4.0,4934,4.1,3125,4.05,277,Budget,33,33,34,28,15.0,12.0,10,23,152,155,35788,37782,33280,35225,46.0,54.0,Zomato Better,WiFi; Dessert Bar; Outdoor Seating; Takeaway; Rooftop,5,True,False,True,2021-09-29,1689
REST000355,Restaurant_355,Mumbai,Mumbai_Locality_7,QSR (Quick Service),Street Food; Thai,10.2,08:00,22:00,1092,4.7,2811,4.5,2442,4.6,486,Mid-Range,71,71,49,56,20.0,22.0,33,31,243,232,94478,87946,85851,79710,55.0,45.0,Swiggy Better,Vegan Options; AC; Dine-in; Alcohol; Smoking Area; Live Music; Takeaway; Outdoor Seating,8,False,False,True,2026-02-16,88
REST000356,Restaurant_356,Mumbai,Mumbai_Locality_11,Cloud Kitchen,Continental,2.1,10:00,23:00,2790,4.0,3700,4.0,1039,4.0,1449,Luxury,30,30,16,33,23.0,28.0,23,15,331,331,369306,345325,364341,340360,57.0,43.0,Swiggy Better,AC; Live Music; Parking; Private Room; Bar; Vegan Options; Dine-in,7,False,False,False,2026-02-08,96
REST000357,Restaurant_357,Mumbai,Mumbai_Locality_16,QSR (Quick Service),Thai; Italian,9.9,10:00,23:00,1897,3.6,3498,4.6,4295,4.1,837,Premium,69,69,47,46,18.0,21.0,13,33,204,260,140013,171919,132975,162949,54.0,46.0,Zomato Better,WiFi; Private Room; Dessert Bar; Bar; Rooftop; AC,6,False,True,True,2025-04-22,388
REST000358,Restaurant_358,Mumbai,Mumbai_Locality_14,Fine Dine,Lebanese,2.0,11:00,22:00,3101,3.7,277,3.6,2384,3.65,1011,Premium,30,30,31,37,13.0,17.0,6,10,158,153,138972,128386,136602,126091,48.0,52.0,Swiggy Better,AC; Private Room; Dessert Bar; Bar; Smoking Area; Dine-in,6,False,True,False,2020-08-06,2108
REST000359,Restaurant_359,Mumbai,Mumbai_Locality_14,QSR (Quick Service),Biryani,10.3,10:00,22:00,47,4.2,3077,4.0,4261,4.1,1378,Luxury,71,71,44,48,20.0,20.0,22,16,190,181,209456,199534,202711,193108,56.0,44.0,Swiggy Better,Dessert Bar; AC; Dine-in; Vegan Options; Private Room; Outdoor Seating; Smoking Area,7,True,False,True,2022-09-20,1333
REST000360,Restaurant_360,Mumbai,Mumbai_Locality_5,Cloud Kitchen,Cafe,7.8,11:00,23:00,2616,4.3,2141,3.5,4539,3.9,475,Mid-Range,59,59,43,39,25.0,26.0,14,5,350,285,124687,100177,114362,91770,57.0,43.0,Swiggy Better,Bar; Alcohol; Takeaway; Vegan Options; AC; Dine-in; Outdoor Seating,7,False,False,True,2024-03-12,794
REST000361,Restaurant_361,Mumbai,Mumbai_Locality_18,Cafe,Cafe,12.7,10:00,23:00,3004,3.8,1187,3.7,199,3.75,1457,Luxury,83,83,60,49,23.0,18.0,7,9,193,188,216524,224611,208515,216809,47.0,53.0,Zomato Better,Smoking Area; Outdoor Seating; Takeaway; Rooftop; Family Friendly,5,False,True,True,2021-11-27,1630
REST000362,Restaurant_362,Mumbai,Mumbai_Locality_16,Cloud Kitchen,North Indian,14.4,08:00,23:00,342,3.8,3703,4.2,1329,4.0,518,Mid-Range,92,92,50,64,26.0,27.0,6,20,238,263,91230,99450,80282,87352,68.0,32.0,Zomato Better,Family Friendly; Vegan Options; Private Room; Alcohol; Dine-in,5,True,False,True,2024-12-03,528
REST000363,Restaurant_363,Mumbai,Mumbai_Locality_17,Food Truck,North Indian,7.9,08:00,23:00,654,4.2,2693,4.2,1145,4.2,600,Mid-Range,59,59,47,44,19.0,18.0,12,21,109,109,52974,53628,49758,50412,48.0,52.0,Zomato Better,Alcohol; Dessert Bar; WiFi; Family Friendly; Bar; AC; Smoking Area; Vegan Options,8,True,False,True,2024-05-07,738
REST000364,Restaurant_364,Mumbai,Mumbai_Locality_19,Cafe,Desserts; Italian,12.0,09:00,22:00,2436,4.3,4006,3.0,3560,3.65,1063,Premium,80,80,41,52,21.0,21.0,23,8,206,144,172992,120926,164752,115166,61.0,39.0,Swiggy Better,Parking; Smoking Area; Dessert Bar; Takeaway; Family Friendly; Outdoor Seating; Dine-in,7,False,False,False,2022-12-30,1232
REST000365,Restaurant_365,Mumbai,Mumbai_Locality_11,Cloud Kitchen,North Indian,6.7,09:00,22:00,791,4.5,3057,4.3,1198,4.4,793,Premium,53,53,41,41,24.0,25.0,30,17,299,285,180201,169503,172277,161951,55.0,45.0,Swiggy Better,Takeaway; AC; WiFi; Vegan Options; Live Music; Alcohol; Dessert Bar,7,True,False,True,2018-04-04,2963
REST000366,Restaurant_366,Mumbai,Mumbai_Locality_14,Food Truck,Lebanese,5.1,08:00,22:00,1341,4.4,393,4.1,2258,4.25,1012,Premium,45,45,39,38,21.0,18.0,10,19,124,116,99135,96261,96345,93651,57.0,43.0,Swiggy Better,Dessert Bar; Rooftop; Vegan Options,3,True,False,True,2023-02-06,1194
REST000367,Restaurant_367,Mumbai,Mumbai_Locality_2,Cloud Kitchen,South Indian; Thai,5.4,07:00,23:00,96,4.6,2475,4.4,2260,4.5,799,Premium,47,47,35,30,24.0,26.0,32,19,279,267,169419,157866,162863,151591,66.0,34.0,Swiggy Better,Family Friendly; Smoking Area; Dessert Bar; Takeaway; Parking; Vegan Options; Bar; Dine-in,8,True,True,True,2017-01-11,3411
REST000368,Restaurant_368,Mumbai,Mumbai_Locality_8,Casual Dining,Italian; Mexican,3.0,12:00,23:00,812,4.2,50,3.5,440,3.85,681,Mid-Range,35,35,32,30,19.0,19.0,14,11,210,175,115838,96531,112163,93469,41.0,59.0,Swiggy Better,Bar; Outdoor Seating; Private Room; Vegan Options; Family Friendly,5,True,True,True,2022-09-16,1337
REST000369,Restaurant_369,Mumbai,Mumbai_Locality_4,Food Truck,Mexican; Biryani,8.1,11:00,23:00,1015,3.4,2647,3.1,3964,3.25,612,Mid-Range,60,60,48,45,19.0,22.0,8,15,92,84,45606,40098,42846,37578,59.0,41.0,Swiggy Better,Bar; Private Room; Live Music; Smoking Area; Takeaway; Dessert Bar; Family Friendly; Dine-in,8,True,True,True,2018-10-08,2776
REST000370,Restaurant_370,Mumbai,Mumbai_Locality_4,Cloud Kitchen,Mediterranean,5.4,11:00,23:00,3364,4.0,3729,3.7,1271,3.85,1183,Premium,47,47,37,37,24.0,25.0,16,11,350,324,314678,287469,306453,279855,73.0,27.0,Swiggy Better,Takeaway; WiFi; AC; Outdoor Seating,4,False,True,False,2024-08-20,633
REST000371,Restaurant_371,Mumbai,Mumbai_Locality_15,Fine Dine,Italian,3.2,10:00,23:00,147,3.9,4518,4.2,698,4.05,875,Premium,36,36,28,32,15.0,12.0,9,21,119,128,88506,98560,86364,96256,48.0,52.0,Zomato Better,Dine-in; Dessert Bar; AC,3,False,True,True,2022-12-28,1234
REST000372,Restaurant_372,Mumbai,Mumbai_Locality_17,Cloud Kitchen,Fast Food,9.3,10:00,22:00,2154,3.8,919,3.5,1808,3.65,385,Mid-Range,66,66,44,44,22.0,23.0,8,14,295,271,88588,80337,78853,71394,60.0,40.0,Swiggy Better,Bar; AC; Private Room; Rooftop; Takeaway; Live Music; WiFi; Family Friendly,8,True,True,True,2017-06-23,3248
REST000373,Restaurant_373,Mumbai,Mumbai_Locality_20,QSR (Quick Service),Lebanese,4.7,07:00,22:00,42,3.4,3915,4.0,2511,3.7,638,Mid-Range,43,43,38,41,19.0,20.0,5,25,153,181,79067,92382,75777,88490,48.0,52.0,Zomato Better,Parking; Dine-in; Outdoor Seating; WiFi; Takeaway; Rooftop,6,True,False,True,2020-12-22,1970
REST000374,Restaurant_374,Mumbai,Mumbai_Locality_2,Cloud Kitchen,Cafe,12.4,12:00,23:00,2353,4.2,1380,3.6,1210,3.9,342,Mid-Range,82,82,57,55,25.0,24.0,18,15,333,285,85414,74077,71761,62392,62.0,38.0,Swiggy Better,WiFi; Parking; Family Friendly; Dine-in; Private Room; Smoking Area,6,False,False,False,2025-01-09,491
REST000375,Restaurant_375,Mumbai,Mumbai_Locality_5,Cafe,Thai; North Indian,14.7,08:00,22:00,3537,3.9,4741,4.1,3538,4.0,886,Premium,93,93,54,56,19.0,18.0,9,24,208,219,149273,159107,139601,148924,63.0,37.0,Zomato Better,Outdoor Seating; WiFi; Dessert Bar; Parking; Bar; AC; Vegan Options,7,False,False,True,2024-02-25,810
REST000376,Restaurant_376,Mumbai,Mumbai_Locality_4,Food Truck,Thai; Vietnamese,6.8,11:00,23:00,1893,3.7,4097,5.0,1215,4.35,1105,Premium,54,54,36,33,20.0,18.0,12,29,111,151,98124,136821,95127,132744,51.0,49.0,Zomato Better,Rooftop; WiFi; Dine-in,3,False,True,False,2023-11-07,920
REST000377,Restaurant_377,Mumbai,Mumbai_Locality_10,Food Truck,Italian,0.6,12:00,22:00,1472,4.2,2330,4.1,4122,4.15,1298,Luxury,30,30,27,27,23.0,18.0,12,19,121,118,120934,125594,119119,123824,50.0,50.0,Zomato Better,Dine-in; Family Friendly; Parking; Live Music,4,False,False,True,2021-10-24,1664
REST000378,Restaurant_378,Mumbai,Mumbai_Locality_6,QSR (Quick Service),Seafood,8.7,09:00,22:00,2810,3.9,1121,3.8,3420,3.85,1285,Luxury,63,63,43,46,23.0,20.0,7,11,243,236,240436,242608,232781,235174,51.0,49.0,Zomato Better,Takeaway; Outdoor Seating; Alcohol; Family Friendly; Parking; Rooftop,6,False,False,False,2022-04-26,1480
REST000379,Restaurant_379,Mumbai,Mumbai_Locality_1,Cloud Kitchen,Mexican; Street Food,13.7,10:00,22:00,138,4.0,2487,3.4,1997,3.7,1338,Luxury,88,88,49,52,25.0,24.0,22,7,244,207,244854,210494,234118,201386,66.0,34.0,Swiggy Better,Dessert Bar; Dine-in; Family Friendly; Alcohol; Rooftop; Private Room,6,True,True,True,2023-04-05,1136
REST000380,Restaurant_380,Mumbai,Mumbai_Locality_10,QSR (Quick Service),Vietnamese,8.7,09:00,22:00,2858,4.4,4194,4.4,444,4.4,569,Mid-Range,63,63,36,41,18.0,22.0,14,19,275,275,128309,122050,119647,113388,64.0,36.0,Swiggy Better,WiFi; Bar; Dine-in; Family Friendly; Vegan Options; Live Music; Takeaway; Alcohol,8,True,True,True,2019-07-08,2503
REST000381,Restaurant_381,Mumbai,Mumbai_Locality_4,Food Truck,Italian,7.4,11:00,23:00,3440,3.3,2466,4.6,3324,3.95,1140,Premium,57,57,49,38,20.0,22.0,15,34,116,162,105792,144050,102486,139433,62.0,38.0,Zomato Better,Vegan Options; Takeaway; AC; Outdoor Seating; Dessert Bar; Dine-in; Bar; Alcohol,8,True,True,True,2020-07-20,2125
REST000382,Restaurant_382,Mumbai,Mumbai_Locality_4,Cloud Kitchen,Multi-Cuisine,14.4,09:00,23:00,2049,3.5,889,4.4,3810,3.95,1003,Premium,92,92,54,51,23.0,24.0,14,19,268,338,206979,257650,194651,242102,61.0,39.0,Zomato Better,Dessert Bar; Smoking Area; Private Room,3,False,True,True,2022-04-24,1482
REST000383,Restaurant_383,Mumbai,Mumbai_Locality_6,Cloud Kitchen,Street Food,5.7,11:00,22:00,3535,3.6,3209,4.5,4212,4.05,278,Budget,48,48,37,38,25.0,25.0,7,28,320,400,66720,83400,59040,73800,68.0,32.0,Zomato Better,WiFi; AC; Takeaway; Dessert Bar; Family Friendly; Private Room; Bar; Outdoor Seating,8,False,True,False,2018-06-18,2888
REST000384,Restaurant_384,Mumbai,Mumbai_Locality_20,Food Truck,Korean,12.5,07:00,22:00,306,4.1,800,3.8,880,3.95,1172,Premium,82,82,55,47,23.0,22.0,17,6,102,95,92048,86845,87866,82950,60.0,40.0,Swiggy Better,Bar; AC; Rooftop; Private Room,4,True,True,False,2019-06-05,2536
REST000385,Restaurant_385,Mumbai,Mumbai_Locality_15,Fine Dine,South Indian; Chinese,11.6,12:00,22:00,2514,4.3,3692,3.8,3103,4.05,422,Mid-Range,78,78,54,47,14.0,15.0,19,8,173,153,62785,54881,56038,48914,43.0,57.0,Swiggy Better,Bar; Outdoor Seating; AC; Alcohol,4,True,True,True,2019-10-05,2414
REST000386,Restaurant_386,Mumbai,Mumbai_Locality_2,Cafe,Biryani,12.2,09:00,23:00,51,3.3,2801,3.7,1528,3.5,1465,Luxury,81,81,46,48,22.0,20.0,10,14,119,134,135981,157048,131161,151621,49.0,51.0,Zomato Better,Private Room; Outdoor Seating; Rooftop; Takeaway; Family Friendly; AC; Vegan Options,7,True,True,False,2024-11-11,550
REST000387,Restaurant_387,Mumbai,Mumbai_Locality_2,Fine Dine,Italian,9.2,07:00,22:00,1385,4.1,2069,3.7,3208,3.9,882,Premium,66,66,52,47,12.0,15.0,19,11,146,132,113319,98960,108501,94604,55.0,45.0,Swiggy Better,Dine-in; Alcohol; Bar; Takeaway; Vegan Options; Family Friendly; WiFi,7,True,True,False,2022-07-01,1414
REST000388,Restaurant_388,Mumbai,Mumbai_Locality_2,QSR (Quick Service),Bakery,2.5,12:00,23:00,2270,4.5,520,3.7,1940,4.1,1160,Premium,32,32,40,35,21.0,22.0,21,10,265,218,242846,197246,238606,193758,63.0,37.0,Swiggy Better,AC; Vegan Options; Bar,3,True,False,False,2024-11-01,560
REST000389,Restaurant_389,Mumbai,Mumbai_Locality_16,Cafe,South Indian,7.9,09:00,23:00,2693,3.3,1875,4.1,185,3.7,263,Budget,59,59,49,42,21.0,19.0,15,5,162,202,33658,43032,28879,37073,49.0,51.0,Zomato Better,Family Friendly; Dine-in; AC; Rooftop; Outdoor Seating; Bar; Vegan Options,7,True,True,True,2021-05-18,1823
REST000390,Restaurant_390,Mumbai,Mumbai_Locality_11,Food Truck,Pan-Asian,6.8,08:00,22:00,267,4.0,3393,4.0,4402,4.0,1313,Luxury,54,54,47,41,18.0,17.0,11,14,99,99,106589,107889,103916,105216,62.0,38.0,Zomato Better,Outdoor Seating; WiFi; Dine-in; Parking; Bar; Vegan Options,6,True,False,False,2024-10-31,561
REST000391,Restaurant_391,Mumbai,Mumbai_Locality_3,Cloud Kitchen,Biryani,1.6,08:00,23:00,2256,3.8,1814,3.3,3643,3.55,769,Premium,30,30,36,25,26.0,25.0,9,10,298,259,169579,149378,165109,145493,61.0,39.0,Swiggy Better,Alcohol; Smoking Area; Takeaway; Dine-in; Parking; AC; Family Friendly; WiFi,8,True,True,True,2024-10-01,591
REST000392,Restaurant_392,Mumbai,Mumbai_Locality_12,QSR (Quick Service),Japanese,11.0,08:00,22:00,3257,4.6,3727,3.9,945,4.25,193,Budget,75,75,45,47,19.0,22.0,22,5,299,253,46742,38086,35530,28599,51.0,49.0,Swiggy Better,Private Room; Vegan Options; AC; Family Friendly; Dine-in,5,False,False,True,2021-04-23,1848
REST000393,Restaurant_393,Mumbai,Mumbai_Locality_14,Casual Dining,Bakery,8.2,09:00,22:00,2735,3.6,222,3.9,4996,3.75,838,Premium,60,60,51,36,21.0,22.0,10,14,222,241,146968,157527,140308,150297,52.0,48.0,Zomato Better,Private Room; AC; Rooftop; Bar; Dine-in; Takeaway,6,False,False,False,2016-08-29,3546
REST000394,Restaurant_394,Mumbai,Mumbai_Locality_9,Cloud Kitchen,Korean; Thai,2.9,10:00,22:00,1591,4.0,2257,4.1,710,4.05,661,Mid-Range,34,34,31,26,22.0,24.0,18,18,292,299,150549,150205,145585,145122,66.0,34.0,Swiggy Better,Rooftop; Smoking Area; Vegan Options; Dine-in; Takeaway; WiFi; Parking; Private Room,8,True,False,True,2021-02-05,1925
REST000395,Restaurant_395,Mumbai,Mumbai_Locality_12,Cloud Kitchen,North Indian,7.5,11:00,22:00,3488,3.6,661,4.3,2274,3.95,1399,Luxury,57,57,28,36,24.0,27.0,9,25,319,381,339173,389103,330082,378245,64.0,36.0,Zomato Better,Live Music; Dessert Bar; Outdoor Seating; Rooftop,4,True,True,True,2025-01-02,498
REST000396,Restaurant_396,Mumbai,Mumbai_Locality_15,Casual Dining,Biryani,8.9,11:00,22:00,201,4.6,2132,4.2,2118,4.4,183,Budget,64,64,38,33,21.0,21.0,31,13,212,194,30648,28046,23864,21838,45.0,55.0,Swiggy Better,Alcohol; Family Friendly; Takeaway,3,True,True,False,2024-01-01,865
REST000397,Restaurant_397,Mumbai,Mumbai_Locality_14,Food Truck,Pan-Asian; Biryani,1.5,09:00,22:00,1776,4.5,2961,4.1,2754,4.3,985,Premium,30,30,31,25,19.0,17.0,31,11,134,122,106911,99741,104901,97911,64.0,36.0,Swiggy Better,Smoking Area; Outdoor Seating; Vegan Options; Dine-in; Takeaway,5,True,False,False,2020-07-23,2122
REST000398,Restaurant_398,Mumbai,Mumbai_Locality_5,Casual Dining,Mediterranean; South Indian,6.0,07:00,22:00,2689,5.0,4641,3.7,4134,4.35,1326,Luxury,50,50,31,31,18.0,22.0,21,14,307,227,333807,234781,326132,229106,48.0,52.0,Swiggy Better,Dessert Bar; Alcohol; Private Room; Family Friendly; Parking; WiFi,6,True,False,False,2023-07-21,1029
REST000399,Restaurant_399,Mumbai,Mumbai_Locality_11,Casual Dining,Pan-Asian,11.3,12:00,22:00,502,3.1,3368,4.3,2974,3.7,313,Mid-Range,76,76,44,52,21.0,21.0,12,23,149,206,36843,50937,31181,43109,54.0,46.0,Zomato Better,Vegan Options; Private Room; Outdoor Seating; Alcohol,4,True,False,True,2018-09-23,2791
REST000400,Restaurant_400,Mumbai,Mumbai_Locality_11,Food Truck,Desserts; Mughlai,2.2,10:00,22:00,1703,3.5,1632,3.7,1483,3.6,1079,Premium,31,31,31,29,20.0,23.0,6,7,103,109,88909,90560,87313,88870,50.0,50.0,Zomato Better,Private Room; AC; Dine-in,3,True,True,False,2024-10-20,572
REST000401,Restaurant_401,Mumbai,Mumbai_Locality_18,Cloud Kitchen,Pan-Asian,4.0,07:00,23:00,1231,4.7,4855,3.5,4996,4.1,1412,Luxury,40,40,39,38,28.0,28.0,33,15,329,245,334474,249076,327894,244176,56.0,44.0,Swiggy Better,Bar; Private Room; AC; WiFi; Family Friendly; Outdoor Seating,6,True,True,True,2024-07-31,653
REST000402,Restaurant_402,Mumbai,Mumbai_Locality_15,Food Truck,Korean,6.0,08:00,23:00,1826,4.2,2445,3.9,4051,4.05,848,Premium,50,50,42,38,20.0,23.0,19,10,126,117,85478,76396,82328,73471,56.0,44.0,Swiggy Better,Parking; Rooftop; Outdoor Seating; Private Room; Dine-in; Live Music,6,False,False,False,2019-11-03,2385
REST000403,Restaurant_403,Mumbai,Mumbai_Locality_4,Fine Dine,Pan-Asian,4.7,10:00,22:00,2023,4.2,2135,3.8,4975,4.0,367,Mid-Range,43,43,40,31,13.0,17.0,15,5,160,145,51086,44168,47646,41050,42.0,58.0,Swiggy Better,Smoking Area; Dine-in; Alcohol; Rooftop; Live Music; Private Room; Family Friendly,7,True,False,False,2024-01-04,862
REST000404,Restaurant_404,Mumbai,Mumbai_Locality_5,Food Truck,Mexican; Thai,12.6,07:00,22:00,1238,3.6,2164,4.1,721,3.85,430,Mid-Range,83,83,58,49,19.0,17.0,8,12,101,115,35178,41043,30986,36271,47.0,53.0,Zomato Better,Outdoor Seating; Alcohol; Parking; WiFi; Family Friendly,5,True,False,False,2025-11-09,187
REST000405,Restaurant_405,Mumbai,Mumbai_Locality_18,Fine Dine,Thai,10.1,12:00,22:00,3624,4.5,2024,3.8,1131,4.15,1350,Luxury,70,70,36,53,14.0,13.0,25,12,202,170,234522,199665,227452,193715,50.0,50.0,Swiggy Better,Outdoor Seating; Live Music; Dessert Bar; Takeaway; Alcohol,5,True,True,True,2021-06-02,1808
REST000406,Restaurant_406,Mumbai,Mumbai_Locality_2,Cloud Kitchen,Japanese; Fast Food,6.6,11:00,23:00,1107,3.8,2866,3.8,3976,3.8,1236,Luxury,53,53,36,35,23.0,24.0,12,12,262,262,249350,246112,242407,239169,61.0,39.0,Swiggy Better,AC; Vegan Options; Parking; Alcohol; Family Friendly; WiFi; Takeaway; Live Music,8,True,False,False,2021-08-01,1748
REST000407,Restaurant_407,Mumbai,Mumbai_Locality_6,QSR (Quick Service),Cafe; Italian,7.2,12:00,22:00,1336,3.8,1059,4.3,3972,4.05,1151,Premium,56,56,33,34,19.0,18.0,11,11,202,228,188326,215190,182670,208806,46.0,54.0,Zomato Better,Rooftop; Parking; WiFi; Dessert Bar; Private Room; AC; Vegan Options,7,False,False,False,2021-10-26,1662
REST000408,Restaurant_408,Mumbai,Mumbai_Locality_8,Fine Dine,Desserts,5.4,07:00,23:00,3382,3.7,1374,4.1,4401,3.9,572,Mid-Range,47,47,36,33,16.0,13.0,13,10,162,179,77837,89077,74030,84871,55.0,45.0,Zomato Better,Dine-in; Rooftop; AC; Takeaway; Parking; Dessert Bar; Alcohol; Bar,8,True,True,True,2022-03-24,1513
REST000409,Restaurant_409,Mumbai,Mumbai_Locality_8,Casual Dining,Japanese,4.7,09:00,23:00,691,3.6,2047,4.3,121,3.95,223,Budget,43,43,39,27,20.0,22.0,5,7,177,211,31576,36701,27771,32164,48.0,52.0,Zomato Better,WiFi; Dine-in; Live Music; Dessert Bar; Rooftop,5,True,False,True,2017-11-17,3101
REST000410,Restaurant_410,Mumbai,Mumbai_Locality_9,Cloud Kitchen,Lebanese,13.0,07:00,23:00,343,4.7,4447,4.1,4965,4.4,460,Mid-Range,85,85,56,54,27.0,27.0,30,23,295,257,99061,86300,86523,75378,63.0,37.0,Swiggy Better,Bar; Dine-in; WiFi; Rooftop; Family Friendly; Live Music; Takeaway,7,False,False,False,2022-01-24,1572
REST000411,Restaurant_411,Mumbai,Mumbai_Locality_14,Cloud Kitchen,Chinese,8.6,09:00,22:00,2009,3.1,3234,4.9,3063,4.0,1269,Luxury,63,63,40,36,22.0,27.0,12,31,237,374,234587,346462,227121,334681,67.0,33.0,Zomato Better,Vegan Options; Takeaway; Dessert Bar; WiFi; Parking; Outdoor Seating,6,True,True,True,2019-12-31,2327
REST000412,Restaurant_412,Mumbai,Mumbai_Locality_3,Casual Dining,Multi-Cuisine,2.5,10:00,22:00,2555,4.4,3383,4.2,2561,4.3,841,Premium,32,32,30,28,21.0,22.0,18,16,267,255,177392,167274,173120,163194,50.0,50.0,Swiggy Better,Rooftop; Family Friendly; Alcohol; Private Room; Parking; Live Music; Dessert Bar,7,False,False,True,2020-07-08,2137
REST000413,Restaurant_413,Mumbai,Mumbai_Locality_5,Fine Dine,Mexican; Mediterranean,11.5,11:00,22:00,693,4.2,941,4.4,329,4.3,1018,Premium,77,77,40,48,13.0,17.0,23,22,137,144,121335,121671,116060,116127,48.0,52.0,Zomato Better,WiFi; Takeaway; AC,3,False,False,False,2020-06-05,2170
REST000414,Restaurant_414,Mumbai,Mumbai_Locality_6,Food Truck,Pan-Asian,2.6,12:00,22:00,2173,4.3,3051,3.1,4264,3.7,1388,Luxury,33,33,30,35,23.0,21.0,14,7,133,96,142145,105265,139950,103681,64.0,36.0,Swiggy Better,Bar; Private Room; Family Friendly; Dine-in; Parking; AC; Outdoor Seating,7,True,False,True,2025-07-15,304
REST000415,Restaurant_415,Mumbai,Mumbai_Locality_4,QSR (Quick Service),Bakery,8.3,07:00,22:00,1385,3.6,556,3.6,2880,3.6,1453,Luxury,61,61,38,40,23.0,19.0,11,14,192,192,214811,225970,208955,220114,58.0,42.0,Zomato Better,WiFi; Parking; Vegan Options; AC; Smoking Area; Alcohol; Rooftop; Live Music,8,True,True,True,2025-02-18,451
REST000416,Restaurant_416,Mumbai,Mumbai_Locality_4,QSR (Quick Service),Fast Food,2.3,11:00,23:00,2169,3.7,4861,4.6,4964,4.15,717,Premium,31,31,37,27,22.0,18.0,5,27,215,268,120240,157567,116908,153413,57.0,43.0,Zomato Better,Takeaway; Rooftop; Vegan Options; Outdoor Seating,4,True,True,True,2020-12-15,1977
REST000417,Restaurant_417,Mumbai,Mumbai_Locality_5,QSR (Quick Service),Chinese; South Indian,7.9,10:00,23:00,1830,3.8,970,4.4,1982,4.1,1297,Luxury,59,59,34,46,19.0,22.0,10,12,213,247,223771,249880,217487,242593,59.0,41.0,Zomato Better,Private Room; Live Music; Outdoor Seating; Dessert Bar; WiFi; Rooftop; AC,7,False,False,False,2018-06-29,2877
REST000418,Restaurant_418,Mumbai,Mumbai_Locality_14,Cafe,Italian,10.0,07:00,23:00,759,4.4,2844,3.5,3484,3.95,587,Mid-Range,70,70,37,38,18.0,19.0,10,8,174,139,83753,66090,77663,61225,63.0,37.0,Swiggy Better,Parking; Alcohol; Live Music; Dine-in; Vegan Options; WiFi,6,False,True,False,2022-02-25,1540
REST000419,Restaurant_419,Mumbai,Mumbai_Locality_9,Food Truck,North Indian; South Indian,9.8,07:00,23:00,1661,4.0,4697,4.1,259,4.05,1114,Premium,69,69,51,44,20.0,22.0,13,11,117,120,104270,104270,100233,100130,55.0,45.0,Swiggy Better,Dine-in; Vegan Options; Bar; Outdoor Seating; Rooftop,5,True,True,True,2021-08-01,1748
REST000420,Restaurant_420,Mumbai,Mumbai_Locality_11,Fine Dine,Street Food; South Indian,1.9,09:00,22:00,2258,3.6,2735,3.5,2602,3.55,496,Mid-Range,30,30,34,25,15.0,18.0,11,11,141,137,59445,55720,57330,53665,54.0,46.0,Swiggy Better,Dessert Bar; Dine-in; Takeaway; Live Music; Alcohol; Outdoor Seating; WiFi; Rooftop,8,True,False,False,2025-10-15,212
REST000421,Restaurant_421,Mumbai,Mumbai_Locality_6,Food Truck,Bakery; Mexican,9.7,07:00,23:00,3479,3.9,2807,4.4,3829,4.15,1313,Luxury,68,68,45,42,18.0,23.0,7,12,138,155,148579,156706,143887,151436,64.0,36.0,Zomato Better,Parking; Vegan Options; Dessert Bar; Dine-in,4,True,True,False,2023-11-07,920
REST000422,Restaurant_422,Mumbai,Mumbai_Locality_10,Cloud Kitchen,Chinese; Cafe,12.6,08:00,22:00,2660,3.9,2361,4.4,1468,4.15,721,Premium,83,83,52,53,23.0,27.0,7,19,319,360,177099,189478,163860,174538,60.0,40.0,Zomato Better,Bar; Family Friendly; WiFi; Takeaway; Private Room,5,False,False,False,2022-05-18,1458
REST000423,Restaurant_423,Mumbai,Mumbai_Locality_19,Cafe,Biryani; South Indian,6.1,11:00,22:00,2233,4.4,2374,4.0,1709,4.2,850,Premium,50,50,35,31,22.0,18.0,16,18,206,188,136578,131036,131428,126336,62.0,38.0,Swiggy Better,Family Friendly; WiFi; Dine-in; Takeaway,4,True,False,False,2024-09-20,602
REST000424,Restaurant_424,Mumbai,Mumbai_Locality_13,Food Truck,Mughlai,10.0,09:00,22:00,168,3.4,74,3.4,1310,3.4,1013,Premium,70,70,40,45,18.0,19.0,7,12,83,83,68944,68103,66039,65198,63.0,37.0,Swiggy Better,Outdoor Seating; Rooftop; Dine-in; Family Friendly; Vegan Options; Bar; AC,7,False,False,True,2016-12-07,3446
REST000425,Restaurant_425,Mumbai,Mumbai_Locality_13,QSR (Quick Service),Pan-Asian; Multi-Cuisine,4.9,08:00,22:00,3623,3.4,4740,4.3,3292,3.85,1364,Luxury,44,44,40,35,22.0,23.0,13,16,228,289,242573,303530,237557,297172,63.0,37.0,Zomato Better,Rooftop; Outdoor Seating; Private Room; Dessert Bar; Parking; Dine-in; Takeaway,7,False,True,False,2017-04-20,3312
REST000426,Restaurant_426,Mumbai,Mumbai_Locality_1,Cloud Kitchen,Mediterranean,10.0,08:00,23:00,850,3.9,1675,4.2,3586,4.05,334,Mid-Range,70,70,44,42,27.0,22.0,7,21,261,281,63637,73206,54502,63371,66.0,34.0,Zomato Better,Family Friendly; Alcohol; Dessert Bar,3,False,True,False,2020-12-28,1964
REST000427,Restaurant_427,Mumbai,Mumbai_Locality_13,Cloud Kitchen,Cafe; Italian,2.4,08:00,23:00,3155,4.1,3488,3.2,4900,3.65,956,Premium,31,31,25,28,28.0,22.0,15,8,352,274,242288,204316,236832,200069,68.0,32.0,Swiggy Better,Parking; Smoking Area; Alcohol; Dine-in; Vegan Options,5,False,True,True,2019-01-18,2674
REST000428,Restaurant_428,Mumbai,Mumbai_Locality_7,Casual Dining,Multi-Cuisine,4.9,09:00,23:00,410,3.8,2344,3.7,2558,3.75,942,Premium,44,44,32,29,23.0,18.0,11,15,180,175,130561,135177,126601,131327,44.0,56.0,Zomato Better,Private Room; Takeaway; Family Friendly; Smoking Area; Parking; Bar; AC,7,True,True,True,2022-09-17,1336
REST000429,Restaurant_429,Mumbai,Mumbai_Locality_15,Food Truck,Thai,0.7,12:00,23:00,2708,3.9,3491,4.1,2128,4.0,1448,Luxury,30,30,33,32,20.0,22.0,10,21,128,134,148275,151344,146355,149334,63.0,37.0,Zomato Better,Rooftop; Outdoor Seating; AC,3,False,True,True,2024-08-08,645
REST000430,Restaurant_430,Mumbai,Mumbai_Locality_17,QSR (Quick Service),Korean,12.3,10:00,23:00,3010,4.3,1005,4.1,4020,4.2,1092,Premium,81,81,42,57,19.0,19.0,19,10,273,260,241473,229975,230417,219445,59.0,41.0,Swiggy Better,WiFi; Outdoor Seating; Smoking Area; Parking; AC; Dine-in; Family Friendly,7,False,False,True,2019-02-27,2634
REST000431,Restaurant_431,Mumbai,Mumbai_Locality_2,Food Truck,Italian,8.2,08:00,22:00,1652,4.2,1194,4.1,4052,4.15,1032,Premium,60,60,44,38,21.0,23.0,24,11,123,120,100279,95356,96589,91756,54.0,46.0,Swiggy Better,Parking; Smoking Area; Dine-in,3,True,True,True,2022-01-02,1594
REST000432,Restaurant_432,Mumbai,Mumbai_Locality_13,QSR (Quick Service),Lebanese; Mexican,0.8,09:00,22:00,3088,4.2,963,3.6,1579,3.9,1319,Luxury,30,30,26,30,22.0,18.0,11,10,268,230,275723,248763,271703,245313,55.0,45.0,Swiggy Better,Family Friendly; Live Music; Rooftop; AC; WiFi; Outdoor Seating; Dessert Bar,7,True,False,False,2024-04-03,772
REST000433,Restaurant_433,Mumbai,Mumbai_Locality_1,QSR (Quick Service),North Indian,11.8,08:00,23:00,2721,3.9,2616,4.5,805,4.2,603,Mid-Range,79,79,49,56,21.0,21.0,14,34,240,277,114328,131954,104848,121012,49.0,51.0,Zomato Better,AC; Dessert Bar; Vegan Options; Parking; Alcohol; Smoking Area; Family Friendly,7,True,False,False,2022-06-20,1425
REST000434,Restaurant_434,Mumbai,Mumbai_Locality_16,QSR (Quick Service),Street Food,3.6,08:00,23:00,2887,4.0,4690,4.1,653,4.05,1443,Luxury,38,38,17,33,21.0,20.0,19,19,251,257,286132,296680,281363,291797,47.0,53.0,Zomato Better,Family Friendly; Dessert Bar; Smoking Area; Dine-in; Outdoor Seating,5,True,False,False,2019-12-15,2343
REST000435,Restaurant_435,Mumbai,Mumbai_Locality_18,Cloud Kitchen,North Indian; Seafood,11.3,10:00,22:00,991,3.3,1021,4.7,804,4.0,960,Premium,76,76,50,62,23.0,23.0,11,37,224,320,165580,236544,157068,224384,66.0,34.0,Zomato Better,Parking; Rooftop; Live Music; AC; Vegan Options; WiFi,6,False,False,True,2019-03-22,2611
REST000436,Restaurant_436,Mumbai,Mumbai_Locality_11,Cafe,Biryani; Lebanese,7.8,10:00,22:00,2211,4.3,3810,3.6,2355,3.95,1070,Premium,59,59,46,49,17.0,22.0,24,15,201,168,178508,140212,172578,135256,53.0,47.0,Swiggy Better,Dessert Bar; Takeaway; AC; Vegan Options,4,False,False,True,2021-09-08,1710
REST000437,Restaurant_437,Mumbai,Mumbai_Locality_20,Cafe,North Indian; Continental,9.5,11:00,23:00,359,4.3,2057,3.9,1373,4.1,1315,Luxury,67,67,38,38,17.0,21.0,22,13,162,147,176814,152710,171387,147786,64.0,36.0,Swiggy Better,Private Room; Live Music; Outdoor Seating; Family Friendly; Parking; Smoking Area; Rooftop,7,False,True,True,2022-09-02,1351
REST000438,Restaurant_438,Mumbai,Mumbai_Locality_19,QSR (Quick Service),Chinese; Bakery,7.2,12:00,23:00,1033,4.7,3789,4.0,4107,4.35,1463,Luxury,56,56,44,43,23.0,18.0,34,12,241,205,271488,245930,264740,240190,52.0,48.0,Swiggy Better,Bar; Dine-in; Dessert Bar,3,False,False,False,2016-08-14,3561
REST000439,Restaurant_439,Mumbai,Mumbai_Locality_4,Fine Dine,Mexican; Japanese,10.9,12:00,22:00,2516,3.3,499,4.3,2409,3.8,965,Premium,74,74,50,39,14.0,18.0,15,24,133,173,110376,136894,105455,130493,41.0,59.0,Zomato Better,Rooftop; Takeaway; Private Room; Outdoor Seating; WiFi; Vegan Options,6,True,True,False,2022-03-06,1531
REST000440,Restaurant_440,Mumbai,Mumbai_Locality_8,Cafe,Mughlai,12.0,09:00,22:00,890,3.7,3763,4.5,4036,4.1,651,Mid-Range,80,80,49,44,19.0,20.0,9,38,149,181,78569,94264,72609,87024,59.0,41.0,Zomato Better,Vegan Options; Dine-in; Rooftop; Outdoor Seating; Bar,5,False,True,False,2023-10-23,935
REST000441,Restaurant_441,Mumbai,Mumbai_Locality_6,Food Truck,Pan-Asian; Seafood,8.7,10:00,23:00,1278,3.9,1063,3.8,1210,3.85,1394,Luxury,63,63,41,47,17.0,18.0,9,7,109,107,126115,122309,122681,118939,58.0,42.0,Swiggy Better,Dine-in; WiFi; Parking; Bar; Alcohol; Dessert Bar; AC,7,False,True,True,2022-06-06,1439
REST000442,Restaurant_442,Mumbai,Mumbai_Locality_12,Food Truck,Thai,6.0,12:00,22:00,2017,4.3,3974,3.7,3121,4.0,179,Budget,50,50,36,35,18.0,18.0,13,15,131,113,19228,16586,15953,13761,49.0,51.0,Swiggy Better,Parking; Family Friendly; Private Room; Vegan Options,4,True,True,True,2017-12-22,3066
REST000443,Restaurant_443,Mumbai,Mumbai_Locality_4,QSR (Quick Service),Biryani,14.3,07:00,23:00,2108,3.5,4415,3.8,660,3.65,264,Budget,91,91,47,55,22.0,18.0,15,8,202,220,41595,47625,32404,37615,50.0,50.0,Zomato Better,Bar; Smoking Area; Family Friendly; Outdoor Seating,4,True,False,False,2020-02-06,2290
REST000444,Restaurant_444,Mumbai,Mumbai_Locality_5,Fine Dine,Bakery; Chinese,8.1,08:00,22:00,279,4.0,3919,4.7,3813,4.35,351,Mid-Range,60,60,32,39,16.0,13.0,13,34,124,146,36560,44584,32840,40204,45.0,55.0,Zomato Better,Family Friendly; Live Music; Takeaway,3,True,False,True,2022-12-04,1258
REST000445,Restaurant_445,Mumbai,Mumbai_Locality_15,Food Truck,Mexican; Italian,11.8,11:00,23:00,827,4.3,3345,4.0,4936,4.15,704,Premium,79,79,45,48,20.0,23.0,19,18,114,106,64204,57460,59701,53273,55.0,45.0,Swiggy Better,Live Music; Parking; WiFi; Dessert Bar; Alcohol; Bar; Rooftop,7,False,True,True,2017-10-20,3129
REST000446,Restaurant_446,Mumbai,Mumbai_Locality_17,Cloud Kitchen,North Indian,7.3,08:00,22:00,698,4.0,784,3.4,3640,3.7,851,Premium,56,56,35,34,27.0,27.0,16,9,262,223,162762,138534,155426,132290,59.0,41.0,Swiggy Better,WiFi; Parking; Rooftop; Alcohol; Family Friendly; Takeaway; Smoking Area,7,True,True,True,2022-08-28,1356
REST000447,Restaurant_447,Mumbai,Mumbai_Locality_20,Casual Dining,Mediterranean; Fast Food,10.1,11:00,23:00,1363,3.6,2216,3.4,1883,3.5,688,Mid-Range,70,70,35,46,18.0,19.0,10,10,192,181,108318,100867,101598,94532,45.0,55.0,Swiggy Better,WiFi; AC; Vegan Options; Private Room; Bar; Dine-in,6,False,True,False,2021-09-14,1704
REST000448,Restaurant_448,Mumbai,Mumbai_Locality_1,Cafe,Continental; Desserts,12.4,08:00,23:00,858,3.9,2646,4.4,3512,4.15,933,Premium,82,82,46,55,18.0,20.0,9,13,156,177,119349,132112,112953,124855,49.0,51.0,Zomato Better,Live Music; Outdoor Seating; Parking,3,False,False,False,2025-10-09,218
REST000449,Restaurant_449,Mumbai,Mumbai_Locality_20,Cafe,Multi-Cuisine,9.0,07:00,22:00,272,3.8,3036,3.8,3599,3.8,732,Premium,65,65,45,44,19.0,22.0,11,7,141,141,83601,80505,79019,75922,60.0,40.0,Swiggy Better,Vegan Options; WiFi; Smoking Area; Live Music,4,True,False,False,2023-07-16,1034
REST000450,Restaurant_450,Mumbai,Mumbai_Locality_18,Food Truck,Japanese; Desserts,8.2,12:00,22:00,1223,4.4,2581,4.5,2969,4.45,1063,Premium,60,60,41,37,18.0,19.0,16,28,123,126,107214,108489,103524,104709,51.0,49.0,Zomato Better,Vegan Options; Bar; Dine-in; Outdoor Seating; Takeaway,5,False,False,False,2021-11-04,1653
REST000451,Restaurant_451,Bangalore,Bangalore_Locality_17,Fine Dine,Thai,5.9,10:00,22:00,2347,4.8,2689,3.8,4423,4.3,1157,Premium,49,49,35,41,12.0,13.0,37,6,190,150,193450,150988,188795,147313,41.0,59.0,Swiggy Better,Outdoor Seating; Rooftop; Alcohol; Takeaway; Vegan Options; Family Friendly; Live Music,7,True,False,False,2017-02-12,3379
REST000452,Restaurant_452,Bangalore,Bangalore_Locality_11,Cloud Kitchen,Street Food; Continental,1.6,11:00,23:00,2683,3.3,3552,4.2,185,3.75,972,Premium,30,30,27,27,22.0,23.0,11,7,270,344,204703,257463,200653,252303,72.0,28.0,Zomato Better,Private Room; Live Music; Vegan Options; Dessert Bar; Parking,5,False,True,False,2017-08-27,3183
REST000453,Restaurant_453,Bangalore,Bangalore_Locality_5,Cafe,Korean,3.5,07:00,22:00,773,3.1,333,3.8,1053,3.45,1256,Luxury,37,37,30,33,23.0,21.0,8,9,123,151,118955,149828,116680,147034,62.0,38.0,Zomato Better,AC; WiFi; Live Music; Rooftop,4,False,True,False,2024-09-30,592
REST000454,Restaurant_454,Bangalore,Bangalore_Locality_7,Fine Dine,Mediterranean,6.0,10:00,23:00,1860,4.2,4845,4.7,1031,4.45,340,Mid-Range,50,50,42,35,15.0,13.0,16,23,158,176,45662,52060,41712,47660,49.0,51.0,Zomato Better,Bar; Vegan Options; Parking; Smoking Area; Rooftop; AC,6,True,True,False,2025-04-09,401
REST000455,Restaurant_455,Bangalore,Bangalore_Locality_15,Cloud Kitchen,Desserts,0.7,10:00,23:00,1586,4.2,2962,4.0,2549,4.1,283,Budget,30,30,17,30,28.0,23.0,22,25,306,292,62350,63629,57760,59249,61.0,39.0,Zomato Better,WiFi; Bar; Dessert Bar,3,False,True,True,2024-09-16,606
REST000456,Restaurant_456,Bangalore,Bangalore_Locality_17,Casual Dining,Korean,2.8,10:00,22:00,2877,4.7,2410,4.3,3054,4.5,1414,Luxury,33,33,28,32,23.0,23.0,25,21,294,269,320101,292881,315250,288443,43.0,57.0,Swiggy Better,Rooftop; Outdoor Seating; Dine-in,3,False,True,False,2022-11-09,1283
REST000457,Restaurant_457,Bangalore,Bangalore_Locality_20,Cafe,Pan-Asian; Desserts,5.2,07:00,23:00,3238,4.4,1192,4.1,3349,4.25,245,Budget,46,46,27,33,18.0,18.0,21,17,228,213,45805,42791,40561,37892,59.0,41.0,Swiggy Better,AC; Takeaway; Private Room,3,False,False,False,2021-08-19,1730
REST000458,Restaurant_458,Bangalore,Bangalore_Locality_10,Casual Dining,Vietnamese; North Indian,7.4,08:00,23:00,1082,3.8,799,3.7,3924,3.75,1159,Premium,57,57,39,30,18.0,18.0,7,8,196,191,186274,181522,180688,176079,43.0,57.0,Swiggy Better,Takeaway; Bar; Smoking Area; Private Room; AC; WiFi; Rooftop; Live Music,8,True,False,False,2024-03-20,786
REST000459,Restaurant_459,Bangalore,Bangalore_Locality_17,QSR (Quick Service),Street Food; Thai,8.9,09:00,22:00,3649,3.8,1199,4.3,4756,4.05,220,Budget,64,64,42,33,22.0,23.0,5,14,256,290,43929,49126,35737,39846,58.0,42.0,Zomato Better,Dine-in; Private Room; Rooftop; Live Music; Outdoor Seating; AC; Parking; Smoking Area,8,False,False,False,2016-09-01,3543
REST000460,Restaurant_460,Bangalore,Bangalore_Locality_13,Casual Dining,Lebanese; Korean,7.1,10:00,23:00,909,3.8,2298,3.9,4224,3.85,840,Premium,55,55,33,48,22.0,20.0,13,12,192,197,125798,132384,120518,126966,44.0,56.0,Zomato Better,Takeaway; Dessert Bar; Parking; Alcohol; WiFi; Smoking Area; Rooftop; AC,8,True,True,True,2025-03-24,417
REST000461,Restaurant_461,Bangalore,Bangalore_Locality_10,Cloud Kitchen,Italian,2.3,09:00,23:00,1453,2.9,689,4.5,4144,3.7,523,Mid-Range,31,31,20,36,23.0,27.0,8,20,208,323,83763,123318,80539,118311,75.0,25.0,Zomato Better,Bar; Smoking Area; Parking; Alcohol,4,True,True,False,2017-04-25,3307
REST000462,Restaurant_462,Bangalore,Bangalore_Locality_6,Food Truck,Cafe; Thai,5.9,12:00,22:00,440,3.5,1863,3.4,1255,3.45,1257,Luxury,49,49,43,34,19.0,23.0,11,9,89,86,90617,83238,88436,81131,62.0,38.0,Swiggy Better,Smoking Area; Alcohol; AC; Family Friendly; Bar; Parking,6,True,False,True,2026-04-14,31
REST000463,Restaurant_463,Bangalore,Bangalore_Locality_20,QSR (Quick Service),Japanese; Bakery,9.1,07:00,23:00,303,4.3,1322,4.4,1996,4.35,951,Premium,65,65,44,36,18.0,22.0,12,17,201,206,156743,152806,150211,146111,53.0,47.0,Swiggy Better,Outdoor Seating; AC; Takeaway; Bar; Vegan Options,5,True,True,True,2021-04-25,1846
REST000464,Restaurant_464,Bangalore,Bangalore_Locality_4,Cafe,Desserts; North Indian,8.0,07:00,23:00,2177,4.0,1032,4.4,4443,4.2,1399,Luxury,60,60,39,41,22.0,19.0,18,11,186,205,202966,232303,197386,226153,65.0,35.0,Zomato Better,Private Room; WiFi; Takeaway; Dessert Bar; Family Friendly; AC,6,True,False,False,2017-10-13,3136
REST000465,Restaurant_465,Bangalore,Bangalore_Locality_20,Casual Dining,Thai,14.4,09:00,22:00,3573,4.4,3552,3.6,3464,4.0,266,Budget,92,92,47,46,21.0,19.0,18,15,294,241,61781,51925,48257,40839,44.0,56.0,Swiggy Better,Parking; AC; Dessert Bar; WiFi; Smoking Area; Takeaway; Dine-in,7,True,False,False,2023-07-26,1024
REST000466,Restaurant_466,Bangalore,Bangalore_Locality_9,Casual Dining,Korean,2.0,12:00,23:00,3228,3.3,3088,3.7,4979,3.5,1212,Luxury,30,30,34,23,18.0,22.0,15,6,214,240,212681,226886,209471,223286,41.0,59.0,Zomato Better,Takeaway; Smoking Area; Rooftop; Live Music; Parking; Vegan Options; AC,7,False,True,False,2022-05-24,1452
REST000467,Restaurant_467,Bangalore,Bangalore_Locality_13,Cloud Kitchen,Korean; South Indian,12.3,12:00,23:00,2602,4.0,4654,3.9,1490,3.95,199,Budget,81,81,46,46,24.0,22.0,24,9,325,317,49153,49204,35990,36366,61.0,39.0,Zomato Better,Private Room; Dessert Bar; Parking; Rooftop; Live Music,5,False,False,True,2017-07-01,3240
REST000468,Restaurant_468,Bangalore,Bangalore_Locality_9,QSR (Quick Service),Street Food; Lebanese,11.6,08:00,23:00,687,4.0,1419,3.3,4104,3.65,332,Mid-Range,78,78,44,54,22.0,18.0,19,6,196,162,50756,44102,43112,37784,60.0,40.0,Swiggy Better,Takeaway; Dessert Bar; AC; Parking; Vegan Options; Family Friendly; Outdoor Seating; Rooftop,8,True,False,False,2016-09-08,3536
REST000469,Restaurant_469,Bangalore,Bangalore_Locality_6,QSR (Quick Service),Mughlai; Pan-Asian,14.4,07:00,22:00,1352,4.1,4156,4.3,4601,4.2,756,Premium,92,92,54,47,21.0,18.0,12,22,218,229,130198,141961,120170,131427,53.0,47.0,Zomato Better,Outdoor Seating; Bar; Parking; Alcohol; Rooftop,5,False,True,True,2021-12-20,1607
REST000470,Restaurant_470,Bangalore,Bangalore_Locality_11,Cafe,Seafood; Chinese,15.0,07:00,22:00,1842,3.4,2252,3.8,225,3.6,1162,Premium,95,95,56,62,22.0,20.0,8,7,153,171,138673,158961,131405,150839,49.0,51.0,Zomato Better,WiFi; Live Music; Dine-in,3,False,False,True,2021-08-22,1727
REST000471,Restaurant_471,Bangalore,Bangalore_Locality_13,Cloud Kitchen,Fast Food; Korean,9.6,12:00,23:00,1615,3.7,2169,2.9,3543,3.3,908,Premium,68,68,36,52,25.0,22.0,7,10,271,212,184551,150146,175337,142938,60.0,40.0,Swiggy Better,Live Music; Rooftop; Alcohol; Vegan Options; Outdoor Seating; Takeaway; Private Room; Family Friendly,8,False,True,True,2017-03-27,3336
REST000472,Restaurant_472,Bangalore,Bangalore_Locality_18,Cafe,Pan-Asian; Lebanese,12.4,10:00,23:00,947,3.9,3597,3.9,4082,3.9,1360,Luxury,82,82,38,54,20.0,20.0,5,10,158,158,171904,171904,165426,165426,48.0,52.0,Balanced,Private Room; Bar; Outdoor Seating; Takeaway; Dessert Bar; Parking,6,True,False,False,2019-11-25,2363
REST000473,Restaurant_473,Bangalore,Bangalore_Locality_14,Cafe,North Indian; Multi-Cuisine,10.7,10:00,22:00,576,3.8,2505,3.7,2717,3.75,626,Mid-Range,73,73,37,42,18.0,20.0,15,14,147,143,75458,71614,70092,66394,64.0,36.0,Swiggy Better,Private Room; Dine-in; Vegan Options; Smoking Area; Parking,5,True,True,True,2019-05-28,2544
REST000474,Restaurant_474,Bangalore,Bangalore_Locality_8,Food Truck,Mexican; Bakery,14.7,08:00,22:00,3199,4.9,988,4.2,2728,4.55,332,Mid-Range,93,93,58,57,21.0,22.0,32,25,169,144,44325,37290,36466,30594,59.0,41.0,Swiggy Better,Private Room; Parking; Outdoor Seating; Takeaway,4,False,False,False,2024-04-19,756
REST000475,Restaurant_475,Bangalore,Bangalore_Locality_9,QSR (Quick Service),Multi-Cuisine,6.3,09:00,22:00,958,3.6,4301,4.6,2121,4.1,191,Budget,51,51,38,36,21.0,18.0,5,36,183,234,27612,36649,22946,30682,56.0,44.0,Zomato Better,Dine-in; Parking; AC,3,False,True,False,2017-04-26,3306
REST000476,Restaurant_476,Bangalore,Bangalore_Locality_20,Fine Dine,Fast Food,7.7,08:00,23:00,2222,4.5,1277,4.3,4922,4.4,916,Premium,58,58,30,35,17.0,13.0,24,24,176,168,133809,133882,128705,129010,51.0,49.0,Zomato Better,Vegan Options; Dine-in; Alcohol,3,True,False,True,2023-01-08,1223
REST000477,Restaurant_477,Bangalore,Bangalore_Locality_17,QSR (Quick Service),Biryani,2.9,10:00,22:00,438,2.9,2773,3.2,3734,3.05,1498,Luxury,34,34,26,29,18.0,20.0,10,8,138,152,169513,182156,167167,179572,54.0,46.0,Zomato Better,Outdoor Seating; Live Music; Family Friendly; Private Room; AC,5,True,False,False,2025-08-18,270
REST000478,Restaurant_478,Bangalore,Bangalore_Locality_17,Cafe,Korean,1.8,09:00,23:00,2712,4.0,2324,3.4,2634,3.7,427,Mid-Range,30,30,25,29,20.0,20.0,12,12,197,167,67295,57047,64340,54542,64.0,36.0,Swiggy Better,Family Friendly; Takeaway; Parking,3,False,False,False,2022-11-10,1282
REST000479,Restaurant_479,Bangalore,Bangalore_Locality_2,QSR (Quick Service),Biryani; Thai,3.2,09:00,22:00,395,3.6,4386,3.5,239,3.55,246,Budget,36,36,36,30,20.0,22.0,15,11,170,166,33456,31852,30396,28864,52.0,48.0,Swiggy Better,Alcohol; Smoking Area; Outdoor Seating; Private Room; Parking; Dine-in; Live Music; Takeaway,8,False,True,False,2023-10-21,937
REST000480,Restaurant_480,Bangalore,Bangalore_Locality_19,Fine Dine,Bakery,9.8,07:00,23:00,93,4.2,2389,4.6,48,4.4,642,Mid-Range,69,69,38,35,13.0,14.0,17,10,127,139,70934,76744,66553,71949,45.0,55.0,Zomato Better,Dine-in; Outdoor Seating; Private Room; Vegan Options; Live Music; Bar,6,False,False,False,2018-08-29,2816
REST000481,Restaurant_481,Bangalore,Bangalore_Locality_14,Casual Dining,Lebanese; Desserts,10.5,10:00,23:00,1733,3.8,4009,4.8,2086,4.3,1379,Luxury,72,72,53,46,22.0,18.0,8,22,211,267,226955,301918,219359,292306,41.0,59.0,Zomato Better,Takeaway; Smoking Area; Outdoor Seating; Family Friendly; Private Room; Rooftop; Alcohol; Parking,8,True,False,False,2018-08-27,2818
REST000482,Restaurant_482,Bangalore,Bangalore_Locality_19,QSR (Quick Service),Japanese,4.3,07:00,23:00,3147,4.4,718,3.3,4554,3.85,1169,Premium,41,41,35,39,20.0,18.0,11,11,283,212,264661,203218,258860,198872,46.0,54.0,Swiggy Better,Takeaway; Rooftop; Bar; Smoking Area,4,True,False,False,2019-05-22,2550
REST000483,Restaurant_483,Bangalore,Bangalore_Locality_2,Cloud Kitchen,Continental,10.1,08:00,22:00,2092,4.0,126,3.9,1261,3.95,849,Premium,70,70,47,42,25.0,27.0,5,11,308,301,196119,186550,185339,176015,59.0,41.0,Swiggy Better,Outdoor Seating; WiFi; Alcohol; Takeaway; Live Music; Smoking Area,6,True,False,False,2018-11-28,2725
REST000484,Restaurant_484,Bangalore,Bangalore_Locality_8,Fine Dine,Street Food,9.2,11:00,22:00,1208,4.6,474,4.8,922,4.7,283,Budget,66,66,38,46,13.0,18.0,21,21,160,167,39393,38754,34113,33243,49.0,51.0,Swiggy Better,Smoking Area; Takeaway; Dessert Bar; Live Music,4,True,False,True,2026-04-01,44
REST000485,Restaurant_485,Bangalore,Bangalore_Locality_8,Cloud Kitchen,Korean,11.6,11:00,22:00,174,4.7,3912,4.1,4691,4.4,1470,Luxury,78,78,42,53,27.0,23.0,35,18,288,251,309052,284106,297820,274317,63.0,37.0,Swiggy Better,Dessert Bar; Family Friendly; Private Room; Outdoor Seating; Rooftop,5,False,True,False,2024-09-01,621
REST000486,Restaurant_486,Bangalore,Bangalore_Locality_9,Cafe,Fast Food; Mediterranean,13.3,12:00,22:00,1537,3.7,358,4.1,3777,3.9,990,Premium,86,86,50,45,19.0,22.0,10,16,161,178,129105,137451,122182,129797,50.0,50.0,Zomato Better,AC; Smoking Area; Family Friendly; Bar; Rooftop; Dessert Bar,6,False,False,False,2022-03-18,1519
REST000487,Restaurant_487,Bangalore,Bangalore_Locality_17,QSR (Quick Service),Biryani,3.5,12:00,22:00,918,3.1,2987,3.6,3805,3.35,1272,Luxury,37,37,37,25,19.0,19.0,12,6,157,182,161760,187518,158855,184151,52.0,48.0,Zomato Better,Dessert Bar; Family Friendly; WiFi; Vegan Options; AC; Dine-in; Live Music,7,True,False,True,2020-02-07,2289
REST000488,Restaurant_488,Bangalore,Bangalore_Locality_6,Cafe,Mediterranean; Mexican,14.2,12:00,22:00,127,3.6,2249,4.4,4625,4.0,469,Mid-Range,91,91,49,48,18.0,19.0,8,14,131,161,50379,61162,44419,53836,61.0,39.0,Zomato Better,Parking; Vegan Options; Rooftop; Private Room; Alcohol; Dine-in,6,True,True,True,2025-04-29,381
REST000489,Restaurant_489,Bangalore,Bangalore_Locality_3,Fine Dine,South Indian,5.0,08:00,22:00,1491,4.3,550,3.9,2983,4.1,1426,Luxury,45,45,40,31,15.0,16.0,19,9,155,140,187875,167697,184388,164547,52.0,48.0,Swiggy Better,Rooftop; Alcohol; Outdoor Seating,3,True,True,True,2021-08-19,1730
REST000490,Restaurant_490,Bangalore,Bangalore_Locality_18,Food Truck,Vietnamese,8.5,12:00,23:00,1953,3.7,938,3.2,1211,3.45,1061,Premium,62,62,43,42,20.0,20.0,5,14,112,97,95065,82333,91593,79326,63.0,37.0,Swiggy Better,Private Room; Parking; Family Friendly; Vegan Options; Bar; Outdoor Seating; Rooftop; Dine-in,8,False,False,True,2022-06-24,1421
REST000491,Restaurant_491,Bangalore,Bangalore_Locality_20,QSR (Quick Service),Chinese,4.9,08:00,22:00,1642,4.7,1624,4.0,2637,4.35,748,Premium,44,44,31,22,21.0,22.0,20,23,259,220,153048,128356,147350,123516,47.0,53.0,Swiggy Better,Parking; Private Room; WiFi; Live Music,4,False,True,False,2020-10-18,2035
REST000492,Restaurant_492,Bangalore,Bangalore_Locality_9,Casual Dining,South Indian; Seafood,7.0,09:00,22:00,1803,3.8,3762,5.0,667,4.4,831,Premium,55,55,36,38,21.0,21.0,5,29,213,280,139832,183817,133974,176117,55.0,45.0,Zomato Better,Live Music; Family Friendly; AC; Rooftop; Dine-in; WiFi,6,False,False,False,2022-03-05,1532
REST000493,Restaurant_493,Bangalore,Bangalore_Locality_12,Cloud Kitchen,Mughlai,10.9,08:00,23:00,2292,4.0,3695,4.2,704,4.1,802,Premium,74,74,53,38,23.0,27.0,17,12,315,331,194525,193787,182870,181540,55.0,45.0,Swiggy Better,Parking; Takeaway; Outdoor Seating; Vegan Options,4,True,True,True,2016-08-08,3567
REST000494,Restaurant_494,Bangalore,Bangalore_Locality_20,Fine Dine,North Indian; Mughlai,1.5,12:00,23:00,2416,3.8,876,3.7,1009,3.75,265,Budget,30,30,27,24,12.0,13.0,6,5,151,147,35213,33890,32948,31685,51.0,49.0,Swiggy Better,Rooftop; Dessert Bar; Live Music; Smoking Area; Dine-in; Takeaway,6,False,False,True,2019-04-11,2591
REST000495,Restaurant_495,Bangalore,Bangalore_Locality_20,Cloud Kitchen,Bakery; Multi-Cuisine,10.7,09:00,22:00,1951,3.6,661,4.2,1450,3.9,554,Mid-Range,73,73,45,56,23.0,23.0,6,16,273,319,116456,136079,106491,124435,67.0,33.0,Zomato Better,Private Room; Parking; Rooftop; Live Music,4,True,False,False,2019-03-01,2632
REST000496,Restaurant_496,Bangalore,Bangalore_Locality_10,Food Truck,Mexican,3.7,09:00,22:00,1057,3.4,2071,3.9,2315,3.65,480,Mid-Range,38,38,34,33,21.0,21.0,11,6,93,107,35265,40574,33498,38541,52.0,48.0,Zomato Better,Rooftop; Bar; Family Friendly; Dine-in; Dessert Bar; Takeaway; Parking; Alcohol,8,True,False,False,2018-02-18,3008
REST000497,Restaurant_497,Bangalore,Bangalore_Locality_12,Cloud Kitchen,Pan-Asian; Multi-Cuisine,7.7,10:00,23:00,3156,3.4,1878,3.8,4820,3.6,499,Mid-Range,58,58,44,41,25.0,28.0,11,12,292,326,109281,117125,100813,107671,64.0,36.0,Zomato Better,Family Friendly; Outdoor Seating; Private Room; Bar; AC; Dessert Bar,6,True,True,False,2017-06-13,3258
REST000498,Restaurant_498,Bangalore,Bangalore_Locality_12,Cloud Kitchen,Lebanese,0.7,12:00,22:00,3271,4.6,1787,4.8,786,4.7,183,Budget,30,30,24,28,22.0,24.0,29,37,399,417,56953,57996,50968,51741,62.0,38.0,Zomato Better,Live Music; Smoking Area; Family Friendly; Vegan Options; Rooftop,5,False,False,True,2016-09-26,3518
REST000499,Restaurant_499,Bangalore,Bangalore_Locality_4,Cloud Kitchen,Biryani,1.5,12:00,23:00,1354,3.8,4259,3.9,4058,3.85,593,Mid-Range,30,30,27,28,23.0,26.0,15,14,270,277,123284,121553,119234,117398,61.0,39.0,Swiggy Better,Vegan Options; Takeaway; Smoking Area; Outdoor Seating; Alcohol; WiFi,6,False,False,True,2017-03-28,3335
REST000500,Restaurant_500,Bangalore,Bangalore_Locality_1,QSR (Quick Service),Korean; Chinese,7.0,08:00,22:00,1738,4.6,2570,3.8,3910,4.2,724,Premium,55,55,32,36,18.0,18.0,30,15,256,211,151982,125266,144942,119463,52.0,48.0,Swiggy Better,Smoking Area; Live Music; Bar; Vegan Options; Rooftop; Private Room; Dessert Bar,7,False,False,False,2026-01-26,109
REST000501,Restaurant_501,Bangalore,Bangalore_Locality_5,Food Truck,Italian,9.5,11:00,23:00,363,3.2,2189,4.2,558,3.7,1070,Premium,67,67,41,46,21.0,19.0,5,25,80,105,67624,91003,64944,87486,60.0,40.0,Zomato Better,Live Music; Dessert Bar; Dine-in; Parking,4,False,False,True,2019-12-27,2331
REST000502,Restaurant_502,Bangalore,Bangalore_Locality_11,QSR (Quick Service),Mughlai,9.3,08:00,22:00,2226,4.5,996,3.9,2431,4.2,274,Budget,66,66,43,40,19.0,22.0,33,5,264,229,58592,48941,49880,41384,61.0,39.0,Swiggy Better,WiFi; Live Music; Outdoor Seating; Smoking Area; Dine-in,5,True,False,False,2025-05-28,352
REST000503,Restaurant_503,Bangalore,Bangalore_Locality_13,Cloud Kitchen,Continental,8.6,10:00,23:00,2462,4.2,2270,4.2,1630,4.2,1392,Luxury,63,63,39,43,28.0,23.0,20,25,336,336,336752,360138,326168,349554,58.0,42.0,Zomato Better,Outdoor Seating; Parking; Bar; AC; Alcohol,5,True,False,False,2019-01-15,2677
REST000504,Restaurant_504,Bangalore,Bangalore_Locality_2,Cloud Kitchen,Fast Food,9.8,11:00,22:00,1357,4.1,1090,3.9,4078,4.0,280,Budget,69,69,47,43,23.0,26.0,12,10,291,277,62739,57394,52700,47837,57.0,43.0,Swiggy Better,Parking; Takeaway; AC; Smoking Area; Private Room,5,False,False,True,2020-03-05,2262
REST000505,Restaurant_505,Bangalore,Bangalore_Locality_5,Food Truck,Mexican; Mediterranean,8.4,08:00,23:00,396,4.4,2146,4.6,1872,4.5,640,Mid-Range,62,62,48,44,21.0,21.0,25,21,111,116,56121,58649,52680,55053,45.0,55.0,Zomato Better,Live Music; Rooftop; Smoking Area,3,True,True,False,2020-09-03,2080
REST000506,Restaurant_506,Bangalore,Bangalore_Locality_13,QSR (Quick Service),Mediterranean; Biryani,0.8,09:00,23:00,3165,4.6,3409,4.1,4515,4.35,289,Budget,30,30,33,28,20.0,17.0,22,21,296,264,68435,63325,63995,59365,49.0,51.0,Swiggy Better,Smoking Area; Private Room; Outdoor Seating; AC; Live Music; Rooftop; Alcohol,7,True,False,False,2023-04-23,1118
REST000507,Restaurant_507,Bangalore,Bangalore_Locality_7,Food Truck,Mediterranean,11.4,09:00,22:00,1079,3.9,986,4.3,2347,4.1,1074,Premium,77,77,54,49,20.0,19.0,7,13,107,118,91934,102652,87814,98109,58.0,42.0,Zomato Better,AC; Rooftop; Takeaway,3,True,True,False,2017-10-08,3141
REST000508,Restaurant_508,Bangalore,Bangalore_Locality_19,Cafe,Biryani,12.4,10:00,22:00,1508,3.8,2077,3.8,1786,3.8,1196,Premium,82,82,50,49,22.0,18.0,11,10,165,165,153925,161818,147160,155053,62.0,38.0,Zomato Better,AC; Vegan Options; Rooftop; Outdoor Seating; Family Friendly; Dessert Bar,6,False,True,True,2025-06-01,348
REST000509,Restaurant_509,Bangalore,Bangalore_Locality_9,Fine Dine,North Indian; North Indian,14.0,10:00,23:00,1272,3.9,806,3.0,448,3.45,903,Premium,90,90,53,56,17.0,12.0,11,15,137,105,102680,83437,96515,78712,46.0,54.0,Swiggy Better,WiFi; Rooftop; Dine-in,3,True,False,False,2024-09-12,610
REST000510,Restaurant_510,Bangalore,Bangalore_Locality_1,Cloud Kitchen,Bakery,13.3,08:00,22:00,1981,4.5,3739,4.4,4759,4.45,1291,Luxury,86,86,51,52,22.0,26.0,26,12,343,335,345394,320038,330645,305633,66.0,34.0,Swiggy Better,Dessert Bar; AC; Dine-in; Rooftop; Family Friendly; Private Room,6,False,False,True,2024-04-29,746
REST000511,Restaurant_511,Bangalore,Bangalore_Locality_10,Food Truck,South Indian; Desserts,10.9,09:00,22:00,860,3.5,1550,3.1,1933,3.3,1067,Premium,74,74,52,31,20.0,22.0,13,12,93,83,79384,69077,75943,66006,46.0,54.0,Swiggy Better,Bar; Private Room; Smoking Area; Dine-in,4,False,False,False,2025-04-18,392
REST000512,Restaurant_512,Bangalore,Bangalore_Locality_12,Cloud Kitchen,Multi-Cuisine,10.0,12:00,22:00,1550,3.8,3344,4.5,1435,4.15,1338,Luxury,70,70,40,48,24.0,27.0,12,37,276,327,280658,319393,270998,307948,62.0,38.0,Zomato Better,Parking; AC; Takeaway; Vegan Options; WiFi; Outdoor Seating,6,False,False,False,2019-01-19,2673
REST000513,Restaurant_513,Bangalore,Bangalore_Locality_2,Cloud Kitchen,Japanese; Fast Food,5.5,12:00,22:00,3551,3.6,1316,3.7,4709,3.65,435,Mid-Range,47,47,44,34,24.0,27.0,6,13,321,329,106122,104473,98579,96742,71.0,29.0,Swiggy Better,Dine-in; Alcohol; Takeaway; Vegan Options; Smoking Area; WiFi; Private Room,7,True,True,False,2018-08-14,2831
REST000514,Restaurant_514,Bangalore,Bangalore_Locality_12,Cloud Kitchen,Italian,8.5,11:00,23:00,1647,4.1,3352,4.4,881,4.25,612,Mid-Range,62,62,38,37,27.0,23.0,10,13,301,323,134474,152210,125143,142197,72.0,28.0,Zomato Better,Outdoor Seating; Takeaway; Bar; WiFi; Live Music; AC,6,False,True,True,2020-03-18,2249
REST000515,Restaurant_515,Bangalore,Bangalore_Locality_10,Casual Dining,North Indian,2.3,12:00,22:00,790,4.4,984,4.2,3466,4.3,882,Premium,31,31,29,28,19.0,19.0,19,23,219,209,156457,149313,153063,146074,49.0,51.0,Swiggy Better,Vegan Options; Family Friendly; Dessert Bar; Smoking Area; Bar; Dine-in; Private Room,7,True,False,False,2022-09-14,1339
REST000516,Restaurant_516,Bangalore,Bangalore_Locality_18,Fine Dine,Desserts; Mediterranean,11.7,12:00,23:00,1761,4.6,233,3.8,3122,4.2,229,Budget,78,78,56,46,14.0,13.0,17,15,171,141,33676,28091,27007,22592,41.0,59.0,Swiggy Better,Family Friendly; AC; Bar,3,False,True,False,2019-07-09,2502
REST000517,Restaurant_517,Bangalore,Bangalore_Locality_15,Fine Dine,Mughlai,3.6,07:00,22:00,1711,3.8,241,3.5,4157,3.65,1060,Premium,38,38,35,33,15.0,17.0,13,15,140,129,126140,113494,123480,111043,44.0,56.0,Swiggy Better,Dine-in; WiFi; Vegan Options; Takeaway; Alcohol; Family Friendly; Outdoor Seating; Rooftop,8,False,True,False,2025-11-03,193
REST000518,Restaurant_518,Bangalore,Bangalore_Locality_5,Food Truck,Mughlai,14.5,08:00,23:00,344,4.0,1456,4.0,3096,4.0,239,Budget,92,92,52,57,21.0,20.0,24,13,100,100,18881,19120,14281,14520,62.0,38.0,Zomato Better,Outdoor Seating; Smoking Area; Private Room,3,True,False,False,2020-09-21,2062
REST000519,Restaurant_519,Bangalore,Bangalore_Locality_17,Cafe,Mexican,13.5,12:00,22:00,1538,3.9,3584,4.1,4575,4.0,1014,Premium,87,87,53,52,21.0,20.0,13,17,169,178,135379,144393,128027,136650,63.0,37.0,Zomato Better,Takeaway; Dine-in; Outdoor Seating; Smoking Area,4,True,True,False,2021-04-14,1857
REST000520,Restaurant_520,Bangalore,Bangalore_Locality_6,Food Truck,Desserts,8.9,11:00,22:00,504,4.0,1101,4.2,3210,4.1,172,Budget,64,64,38,47,20.0,19.0,10,19,102,107,14035,14907,10771,11483,45.0,55.0,Zomato Better,Parking; Live Music; Family Friendly; Private Room,4,True,False,False,2020-12-03,1989
REST000521,Restaurant_521,Bangalore,Bangalore_Locality_18,Casual Dining,Italian,9.7,07:00,22:00,2247,3.6,1201,3.3,567,3.45,1128,Premium,68,68,29,43,18.0,22.0,15,10,211,194,195166,170688,187992,164092,48.0,52.0,Swiggy Better,Private Room; WiFi; AC; Dine-in,4,False,True,False,2016-07-10,3596
REST000522,Restaurant_522,Bangalore,Bangalore_Locality_12,Cloud Kitchen,North Indian,6.2,08:00,22:00,2513,3.0,4184,4.1,3340,3.55,1473,Luxury,51,51,42,32,25.0,25.0,6,23,241,330,266244,364567,260099,356152,60.0,40.0,Zomato Better,Dine-in; AC; Takeaway; Alcohol; Rooftop; Outdoor Seating; Smoking Area,7,False,False,False,2021-11-17,1640
REST000523,Restaurant_523,Bangalore,Bangalore_Locality_10,Cloud Kitchen,Lebanese; Mughlai,12.6,09:00,23:00,2509,4.3,4005,3.6,3172,3.95,1357,Luxury,83,83,46,39,26.0,25.0,25,10,346,290,347446,295147,333087,283112,67.0,33.0,Swiggy Better,Bar; Family Friendly; Parking,3,True,False,False,2019-03-27,2606
REST000524,Restaurant_524,Bangalore,Bangalore_Locality_8,QSR (Quick Service),Seafood,5.0,08:00,22:00,1357,3.8,2754,4.3,4250,4.05,992,Premium,45,45,33,41,18.0,21.0,7,19,202,229,164314,179462,159769,174310,58.0,42.0,Zomato Better,Dessert Bar; Smoking Area; Parking; Bar,4,False,True,False,2017-05-04,3298
REST000525,Restaurant_525,Bangalore,Bangalore_Locality_10,Food Truck,Thai,9.8,11:00,23:00,872,4.2,4081,4.5,3081,4.35,653,Mid-Range,69,69,38,49,20.0,19.0,18,39,112,120,58508,63471,54644,59331,64.0,36.0,Zomato Better,WiFi; Takeaway; AC,3,False,True,True,2025-07-17,302
REST000526,Restaurant_526,Bangalore,Bangalore_Locality_18,QSR (Quick Service),Multi-Cuisine,9.0,11:00,23:00,1164,4.0,3513,4.1,4020,4.05,1369,Luxury,65,65,47,46,18.0,18.0,11,11,208,213,233496,239109,226736,232187,51.0,49.0,Zomato Better,WiFi; Takeaway; Alcohol,3,False,True,True,2017-07-01,3240
REST000527,Restaurant_527,Bangalore,Bangalore_Locality_2,Cafe,Biryani,13.4,07:00,22:00,2350,4.8,2280,4.7,2338,4.75,1030,Premium,87,87,52,55,22.0,23.0,31,27,228,223,183175,176861,173257,167160,57.0,43.0,Swiggy Better,Dine-in; Alcohol; Vegan Options; Parking,4,True,True,False,2017-04-02,3330
REST000528,Restaurant_528,Bangalore,Bangalore_Locality_3,Casual Dining,Japanese; Fast Food,8.8,09:00,23:00,2545,4.2,3339,4.2,1820,4.2,645,Mid-Range,64,64,39,43,18.0,18.0,17,19,254,254,134340,134340,126212,126212,43.0,57.0,Balanced,Vegan Options; Private Room; Smoking Area; AC; Family Friendly; Live Music,6,True,True,True,2016-10-14,3500
REST000529,Restaurant_529,Bangalore,Bangalore_Locality_13,Cloud Kitchen,Street Food,12.8,10:00,22:00,3104,3.7,4036,3.9,3587,3.8,1223,Luxury,84,84,50,51,24.0,25.0,8,10,316,333,293715,305444,280443,291458,65.0,35.0,Zomato Better,Bar; Takeaway; Vegan Options; Smoking Area,4,False,True,False,2017-06-14,3257
REST000530,Restaurant_530,Bangalore,Bangalore_Locality_13,Casual Dining,Bakery,4.5,09:00,22:00,2958,3.4,208,4.6,4624,4.0,649,Mid-Range,42,42,32,32,17.0,20.0,10,32,214,290,115275,150568,110781,144478,51.0,49.0,Zomato Better,Family Friendly; AC; Bar,3,False,False,False,2025-04-14,396
REST000531,Restaurant_531,Bangalore,Bangalore_Locality_12,QSR (Quick Service),Pan-Asian,13.7,10:00,22:00,1094,4.4,4246,4.7,4917,4.55,1237,Luxury,88,88,55,43,19.0,22.0,12,25,227,243,227447,234460,217459,223768,65.0,35.0,Zomato Better,Vegan Options; Bar; Alcohol,3,True,False,False,2025-05-26,354
REST000532,Restaurant_532,Bangalore,Bangalore_Locality_14,Cloud Kitchen,Continental,4.5,08:00,23:00,791,3.8,1909,4.4,765,4.1,1421,Luxury,42,42,40,36,28.0,28.0,7,19,252,292,257826,298751,252534,292619,71.0,29.0,Zomato Better,Family Friendly; AC; Outdoor Seating; Live Music; Dine-in; Bar; Takeaway,7,True,True,True,2023-04-09,1132
REST000533,Restaurant_533,Bangalore,Bangalore_Locality_12,Food Truck,Italian; Japanese,11.0,11:00,22:00,655,4.0,1417,4.1,2240,4.05,1201,Luxury,75,75,49,41,19.0,18.0,25,14,104,107,101172,105375,97272,101363,63.0,37.0,Zomato Better,Live Music; Private Room; Vegan Options; Parking,4,False,False,False,2023-07-14,1036
REST000534,Restaurant_534,Bangalore,Bangalore_Locality_20,Casual Dining,Italian; Fast Food,11.4,10:00,22:00,304,4.4,4023,4.0,3245,4.2,1277,Luxury,77,77,42,46,23.0,23.0,21,22,206,187,202557,183875,194626,176675,48.0,52.0,Swiggy Better,Alcohol; AC; Outdoor Seating; Smoking Area; Family Friendly,5,True,True,True,2023-12-20,877
REST000535,Restaurant_535,Bangalore,Bangalore_Locality_20,Food Truck,Pan-Asian; Italian,13.6,10:00,23:00,1597,3.8,1637,4.2,141,4.0,591,Mid-Range,88,88,45,55,22.0,22.0,7,15,111,122,51168,56239,46284,50871,48.0,52.0,Zomato Better,AC; Live Music; Outdoor Seating; Dine-in; Private Room,5,False,False,False,2020-10-30,2023
REST000536,Restaurant_536,Bangalore,Bangalore_Locality_7,Cloud Kitchen,Street Food,7.2,07:00,22:00,1733,4.8,839,3.7,2430,4.25,916,Premium,56,56,44,41,26.0,25.0,39,9,356,274,241311,188238,231343,180566,63.0,37.0,Swiggy Better,Private Room; Alcohol; Smoking Area; Family Friendly; Dine-in,5,False,True,False,2022-05-03,1473
REST000537,Restaurant_537,Bangalore,Bangalore_Locality_1,Casual Dining,Seafood; Fast Food,14.9,12:00,23:00,627,4.4,4278,4.2,3051,4.3,199,Budget,94,94,50,56,19.0,19.0,21,11,215,205,34655,33043,24550,23408,49.0,51.0,Swiggy Better,Vegan Options; Takeaway; Family Friendly; Rooftop; AC; Alcohol; Dine-in,7,True,True,False,2017-01-14,3408
REST000538,Restaurant_538,Bangalore,Bangalore_Locality_9,QSR (Quick Service),Biryani; Lebanese,2.6,08:00,22:00,3151,3.8,1814,3.8,353,3.8,240,Budget,33,33,26,41,20.0,20.0,7,11,244,244,46848,46848,42822,42822,49.0,51.0,Balanced,Vegan Options; WiFi; Live Music; Dine-in; Takeaway; Outdoor Seating; Bar,7,False,False,True,2017-06-18,3253
REST000539,Restaurant_539,Bangalore,Bangalore_Locality_16,Casual Dining,Street Food; Fast Food,2.2,10:00,23:00,2771,3.2,3851,3.3,2124,3.25,1331,Luxury,31,31,19,25,19.0,21.0,13,7,198,204,213465,214503,210396,211341,52.0,48.0,Zomato Better,Dessert Bar; Private Room; Bar; Vegan Options; Alcohol; WiFi; Live Music; Smoking Area,8,True,False,False,2020-11-13,2009
REST000540,Restaurant_540,Bangalore,Bangalore_Locality_13,QSR (Quick Service),Thai,1.2,09:00,23:00,2453,4.2,1841,4.1,1803,4.15,659,Mid-Range,30,30,24,28,20.0,19.0,22,23,252,246,132854,131312,129074,127622,47.0,53.0,Swiggy Better,Parking; WiFi; Takeaway; Live Music; Outdoor Seating; Vegan Options; Family Friendly,7,True,False,False,2025-08-25,263
REST000541,Restaurant_541,Bangalore,Bangalore_Locality_16,Cloud Kitchen,Mexican,14.7,09:00,22:00,1397,3.8,4039,4.4,3256,4.1,1355,Luxury,93,93,55,59,23.0,27.0,10,15,271,314,282747,310593,270146,295992,60.0,40.0,Zomato Better,Parking; Vegan Options; AC; Takeaway; Bar; Dessert Bar; Private Room,7,True,True,False,2020-03-24,2243
REST000542,Restaurant_542,Bangalore,Bangalore_Locality_5,Cloud Kitchen,Chinese; Lebanese,14.9,10:00,22:00,38,4.3,3014,4.1,2936,4.2,1321,Luxury,94,94,57,56,23.0,28.0,12,11,259,247,263447,234926,251274,223317,61.0,39.0,Swiggy Better,Dine-in; Private Room; Live Music; Outdoor Seating; AC; Family Friendly; Takeaway,7,False,False,True,2019-05-22,2550
REST000543,Restaurant_543,Bangalore,Bangalore_Locality_15,Food Truck,Seafood,9.3,08:00,22:00,1094,3.7,2334,4.0,272,3.85,955,Premium,66,66,48,37,22.0,19.0,13,19,102,110,75979,85090,72613,81460,59.0,41.0,Zomato Better,Dessert Bar; Bar; AC; Rooftop; Live Music,5,False,False,True,2023-12-05,892
REST000544,Restaurant_544,Bangalore,Bangalore_Locality_3,Cloud Kitchen,Continental; South Indian,1.4,07:00,22:00,3614,4.3,1233,4.3,611,4.3,728,Premium,30,30,28,20,26.0,25.0,13,19,385,385,207407,210210,201632,204435,67.0,33.0,Zomato Better,Live Music; Family Friendly; Dessert Bar; Dine-in; Parking; Outdoor Seating; AC; Smoking Area,8,False,True,True,2025-09-27,230
REST000545,Restaurant_545,Bangalore,Bangalore_Locality_16,QSR (Quick Service),Mediterranean,7.2,12:00,23:00,1658,3.3,3469,4.2,2588,3.75,1310,Luxury,56,56,41,37,18.0,19.0,6,25,182,231,195504,245114,190408,238646,62.0,38.0,Zomato Better,Outdoor Seating; Dine-in; Smoking Area; Live Music; Alcohol,5,False,False,True,2024-01-08,858
REST000546,Restaurant_546,Bangalore,Bangalore_Locality_12,Cloud Kitchen,South Indian; Lebanese,10.8,11:00,23:00,3307,3.9,4114,4.2,1662,4.05,582,Mid-Range,74,74,51,52,26.0,24.0,11,16,340,366,146431,161889,133851,148347,72.0,28.0,Zomato Better,Rooftop; Bar; Smoking Area; Dine-in; Family Friendly; Vegan Options,6,False,False,False,2025-10-15,212
REST000547,Restaurant_547,Bangalore,Bangalore_Locality_3,QSR (Quick Service),North Indian,7.4,10:00,23:00,3627,4.5,1901,3.7,2591,4.1,1360,Luxury,57,57,40,43,22.0,22.0,38,9,303,249,321422,264139,312786,257042,63.0,37.0,Swiggy Better,WiFi; Dine-in; Alcohol; Live Music; Private Room; Bar,6,False,True,True,2021-11-01,1656
REST000548,Restaurant_548,Bangalore,Bangalore_Locality_18,Cloud Kitchen,South Indian; Desserts,12.3,10:00,22:00,2268,3.0,2518,4.0,4927,3.5,254,Budget,81,81,43,49,25.0,27.0,8,22,235,314,44767,58221,35250,45504,66.0,34.0,Zomato Better,Bar; Parking; Outdoor Seating; Alcohol; Dessert Bar; Live Music; Dine-in,7,False,True,True,2022-08-08,1376
REST000549,Restaurant_549,Bangalore,Bangalore_Locality_9,Cloud Kitchen,North Indian,3.0,12:00,23:00,1227,3.2,1681,4.4,1352,3.8,890,Premium,35,35,40,37,25.0,25.0,6,12,224,308,149520,205590,145600,200200,61.0,39.0,Zomato Better,Private Room; Takeaway; Dine-in; Live Music,4,True,False,True,2024-04-12,763
REST000550,Restaurant_550,Bangalore,Bangalore_Locality_18,Cloud Kitchen,Mughlai,7.2,10:00,23:00,530,4.1,763,3.6,2903,3.85,511,Mid-Range,56,56,36,41,26.0,27.0,12,6,263,231,99450,86169,92086,79701,74.0,26.0,Swiggy Better,Outdoor Seating; Parking; Smoking Area; Alcohol,4,True,False,False,2017-10-18,3131
REST000551,Restaurant_551,Bangalore,Bangalore_Locality_4,Fine Dine,Mughlai; Mexican,12.2,10:00,22:00,3207,4.3,3970,4.5,4813,4.4,287,Budget,81,81,57,48,18.0,17.0,24,32,185,194,43537,46212,36045,38355,53.0,47.0,Zomato Better,Dessert Bar; Parking; Live Music; Dine-in; Bar,5,False,True,False,2026-03-31,45
REST000552,Restaurant_552,Bangalore,Bangalore_Locality_11,Fine Dine,Biryani; Lebanese,6.5,07:00,23:00,3460,4.1,796,3.9,4881,4.0,1216,Luxury,52,52,35,37,15.0,18.0,20,6,181,172,187081,171504,182375,167032,42.0,58.0,Swiggy Better,Rooftop; Dine-in; Smoking Area; Dessert Bar; Parking; Live Music; WiFi,7,False,False,True,2025-11-07,189
REST000553,Restaurant_553,Bangalore,Bangalore_Locality_9,Fine Dine,Seafood; Continental,12.3,09:00,23:00,656,4.7,4359,3.1,2990,3.9,303,Mid-Range,81,81,41,49,12.0,14.0,25,6,153,101,40795,26318,34599,22228,46.0,54.0,Swiggy Better,Smoking Area; Alcohol; Vegan Options; Rooftop,4,True,False,True,2025-01-06,494
REST000554,Restaurant_554,Bangalore,Bangalore_Locality_4,QSR (Quick Service),Mughlai,3.1,11:00,22:00,899,4.0,4517,4.3,4444,4.15,313,Mid-Range,35,35,33,25,21.0,19.0,19,13,202,217,49948,55016,46413,51218,57.0,43.0,Zomato Better,Rooftop; Dine-in; WiFi; AC; Takeaway; Parking,6,False,True,True,2024-10-02,590
REST000555,Restaurant_555,Bangalore,Bangalore_Locality_16,Fine Dine,Korean,1.1,09:00,23:00,3345,3.7,4850,3.9,4607,3.8,657,Mid-Range,30,30,29,28,15.0,17.0,15,5,161,170,89910,92702,87495,90152,50.0,50.0,Zomato Better,Live Music; Bar; Private Room; Outdoor Seating; Rooftop; Alcohol,6,True,False,False,2026-03-25,51
REST000556,Restaurant_556,Bangalore,Bangalore_Locality_8,Food Truck,Bakery,1.4,11:00,23:00,894,4.2,2830,4.5,1125,4.35,978,Premium,30,30,32,26,19.0,21.0,13,33,113,121,89516,93487,87821,91672,57.0,43.0,Zomato Better,Dessert Bar; Vegan Options; Family Friendly; Dine-in; Takeaway,5,False,True,False,2017-11-30,3088
REST000557,Restaurant_557,Bangalore,Bangalore_Locality_19,Cafe,Continental,2.2,08:00,22:00,2778,3.9,2057,3.7,391,3.8,297,Budget,31,31,28,26,23.0,20.0,15,8,193,183,44137,43480,41145,40644,49.0,51.0,Swiggy Better,Takeaway; Private Room; Bar; Dine-in; AC; Smoking Area; Parking; Live Music,8,False,True,True,2024-08-21,632
REST000558,Restaurant_558,Bangalore,Bangalore_Locality_17,QSR (Quick Service),Mughlai; Mediterranean,10.4,12:00,22:00,1846,4.1,3198,3.8,2903,3.95,535,Mid-Range,72,72,52,38,20.0,23.0,23,5,231,214,98868,88157,90552,80453,58.0,42.0,Swiggy Better,Dine-in; AC; Family Friendly; Outdoor Seating; Smoking Area,5,True,False,False,2020-05-29,2177
REST000559,Restaurant_559,Bangalore,Bangalore_Locality_10,Casual Dining,Mexican,2.5,08:00,23:00,1174,4.1,4348,3.6,544,3.85,1351,Luxury,32,32,25,31,18.0,22.0,25,11,214,188,237073,198110,233649,195102,43.0,57.0,Swiggy Better,Outdoor Seating; Family Friendly; Live Music; Private Room; Smoking Area,5,True,True,False,2019-01-20,2672
REST000560,Restaurant_560,Bangalore,Bangalore_Locality_17,Cloud Kitchen,Cafe; Japanese,9.8,07:00,23:00,622,3.9,819,3.5,2236,3.7,1498,Luxury,69,69,40,44,22.0,28.0,6,8,253,227,295615,244833,286886,237001,63.0,37.0,Swiggy Better,WiFi; Rooftop; Live Music; Dessert Bar; Alcohol,5,True,False,True,2020-05-12,2194
REST000561,Restaurant_561,Bangalore,Bangalore_Locality_18,Casual Dining,North Indian,6.6,07:00,23:00,1427,4.1,2519,4.2,3490,4.15,664,Mid-Range,53,53,36,34,19.0,22.0,21,13,220,225,118324,116532,112494,110569,43.0,57.0,Swiggy Better,Family Friendly; Vegan Options; Live Music; Rooftop; Parking; Dine-in,6,False,False,True,2021-01-01,1960
REST000562,Restaurant_562,Bangalore,Bangalore_Locality_14,Food Truck,Mughlai,14.4,12:00,22:00,97,4.7,1904,4.5,3374,4.6,239,Budget,92,92,55,58,17.0,21.0,37,34,114,109,22614,20580,17370,15566,65.0,35.0,Swiggy Better,Outdoor Seating; Live Music; Bar; Private Room; Rooftop; Parking; Takeaway; Dine-in,8,False,True,False,2019-09-13,2436
REST000563,Restaurant_563,Bangalore,Bangalore_Locality_7,Fine Dine,Desserts; Street Food,1.9,11:00,22:00,999,4.3,4911,4.2,4408,4.25,1438,Luxury,30,30,32,27,14.0,13.0,10,25,146,143,180555,178901,178365,176756,47.0,53.0,Swiggy Better,Rooftop; AC; Parking; Takeaway,4,True,True,False,2019-11-01,2387
REST000564,Restaurant_564,Bangalore,Bangalore_Locality_15,Fine Dine,Mexican; Pan-Asian,8.6,07:00,22:00,702,4.5,2264,3.9,1587,4.2,502,Mid-Range,63,63,43,38,13.0,17.0,26,7,147,128,64200,53332,59570,49300,41.0,59.0,Swiggy Better,Family Friendly; Dine-in; Dessert Bar; Smoking Area; Live Music,5,True,True,True,2024-12-19,512
REST000565,Restaurant_565,Bangalore,Bangalore_Locality_14,QSR (Quick Service),Lebanese; Seafood,2.7,08:00,23:00,289,3.8,297,4.2,4376,4.0,508,Mid-Range,33,33,26,20,22.0,18.0,7,23,177,196,70134,81645,67213,78411,47.0,53.0,Zomato Better,AC; Live Music; Bar,3,True,False,False,2018-04-14,2953
REST000566,Restaurant_566,Bangalore,Bangalore_Locality_18,Cloud Kitchen,Fast Food; Vietnamese,10.1,10:00,23:00,913,4.4,3656,4.7,2297,4.55,796,Premium,70,70,44,48,27.0,22.0,22,29,297,317,172580,196818,162185,185723,70.0,30.0,Zomato Better,Rooftop; Alcohol; Family Friendly; Takeaway; Vegan Options; Bar,6,True,True,True,2023-09-17,971
REST000567,Restaurant_567,Bangalore,Bangalore_Locality_19,Food Truck,Multi-Cuisine,10.8,08:00,22:00,3375,3.5,1908,3.9,1045,3.7,642,Mid-Range,74,74,51,43,22.0,18.0,13,6,122,136,61092,71595,56578,66563,57.0,43.0,Zomato Better,Alcohol; Smoking Area; Takeaway; WiFi; Bar,5,False,True,True,2017-01-01,3421
REST000568,Restaurant_568,Bangalore,Bangalore_Locality_7,Fine Dine,Mexican,2.5,08:00,22:00,3265,3.4,595,3.9,3468,3.65,1448,Luxury,32,32,22,27,13.0,14.0,10,5,147,169,185184,210452,182832,207748,45.0,55.0,Zomato Better,Rooftop; Dine-in; Smoking Area,3,True,True,True,2016-08-11,3564
REST000569,Restaurant_569,Bangalore,Bangalore_Locality_19,Fine Dine,Mughlai,1.7,08:00,23:00,2847,4.2,4425,3.9,3053,4.05,267,Budget,30,30,30,20,16.0,18.0,20,11,175,162,39249,35468,36624,33038,49.0,51.0,Swiggy Better,Takeaway; Rooftop; Alcohol; Dessert Bar; WiFi; Bar; Vegan Options; Outdoor Seating,8,True,True,False,2019-07-22,2489
REST000570,Restaurant_570,Bangalore,Bangalore_Locality_3,QSR (Quick Service),Multi-Cuisine,2.7,09:00,22:00,3406,3.8,4164,4.4,3570,4.1,1107,Premium,33,33,37,31,19.0,18.0,10,20,250,290,224167,263244,220042,258459,45.0,55.0,Zomato Better,Parking; Bar; Alcohol,3,False,True,False,2021-09-29,1689
REST000571,Restaurant_571,Bangalore,Bangalore_Locality_5,Food Truck,Italian,12.1,08:00,23:00,2125,3.9,2550,4.1,1404,4.0,1331,Luxury,80,80,48,50,21.0,17.0,8,17,120,127,126178,140300,121378,135220,59.0,41.0,Zomato Better,Vegan Options; Private Room; Smoking Area; Alcohol; Family Friendly; Rooftop,6,False,True,True,2017-08-17,3193
REST000572,Restaurant_572,Bangalore,Bangalore_Locality_2,Casual Dining,Chinese,14.0,10:00,23:00,3574,4.1,4563,3.8,4345,3.95,160,Budget,90,90,52,61,21.0,20.0,25,12,274,254,34633,32512,22303,21082,54.0,46.0,Swiggy Better,Alcohol; Live Music; AC; Bar,4,True,True,False,2021-10-21,1667
REST000573,Restaurant_573,Bangalore,Bangalore_Locality_13,Casual Dining,Continental; Continental,9.5,12:00,22:00,1238,3.4,2529,3.9,3349,3.65,759,Premium,67,67,46,47,21.0,19.0,13,11,178,205,106730,126031,100767,119164,46.0,54.0,Zomato Better,Takeaway; WiFi; Rooftop; Private Room,4,True,False,True,2016-06-29,3607
REST000574,Restaurant_574,Bangalore,Bangalore_Locality_13,Cloud Kitchen,Seafood; Lebanese,2.8,09:00,23:00,3103,4.1,3313,3.9,1886,4.0,905,Premium,33,33,26,37,28.0,27.0,10,15,350,333,228060,219996,222285,214501,61.0,39.0,Swiggy Better,Family Friendly; AC; WiFi,3,False,False,False,2016-08-10,3565
REST000575,Restaurant_575,Bangalore,Bangalore_Locality_17,Food Truck,Korean; Thai,13.8,08:00,22:00,122,3.7,4113,4.4,4259,4.05,515,Mid-Range,89,89,54,49,18.0,21.0,5,20,90,107,38007,43532,34002,38771,60.0,40.0,Zomato Better,WiFi; Dessert Bar; Private Room,3,True,False,True,2023-08-11,1008
REST000576,Restaurant_576,Bangalore,Bangalore_Locality_7,Casual Dining,Bakery; Pan-Asian,12.5,11:00,23:00,1085,4.2,1827,3.9,1168,4.05,359,Mid-Range,82,82,56,54,20.0,22.0,13,13,217,201,62322,56284,53425,48043,47.0,53.0,Swiggy Better,Vegan Options; Live Music; Private Room,3,True,True,True,2020-10-06,2047
REST000577,Restaurant_577,Bangalore,Bangalore_Locality_2,Casual Dining,Mediterranean; Cafe,13.3,07:00,22:00,3531,4.9,4146,3.8,4078,4.35,820,Premium,86,86,53,51,22.0,22.0,36,5,327,253,209149,161818,195088,150939,54.0,46.0,Swiggy Better,Smoking Area; Outdoor Seating; Live Music,3,True,True,True,2019-09-19,2430
REST000578,Restaurant_578,Bangalore,Bangalore_Locality_5,QSR (Quick Service),Mexican,12.6,07:00,22:00,2175,3.9,4084,3.7,2171,3.8,730,Premium,83,83,53,44,22.0,23.0,14,15,227,216,129253,121413,119833,112449,64.0,36.0,Swiggy Better,AC; Parking; Vegan Options; Private Room,4,True,True,False,2025-06-07,342
REST000579,Restaurant_579,Bangalore,Bangalore_Locality_19,Food Truck,Chinese; Thai,4.7,09:00,22:00,2238,4.1,2819,4.5,226,4.3,1351,Luxury,43,43,45,47,22.0,18.0,16,14,128,141,134883,156202,132131,153171,49.0,51.0,Zomato Better,Live Music; Family Friendly; WiFi,3,False,False,True,2021-08-06,1743
REST000580,Restaurant_580,Bangalore,Bangalore_Locality_5,Fine Dine,Desserts; Seafood,8.0,12:00,22:00,1698,4.3,2774,3.5,1956,3.9,1158,Premium,60,60,45,38,16.0,15.0,13,6,159,129,154662,126974,149892,123104,54.0,46.0,Swiggy Better,Outdoor Seating; AC; Rooftop; Dine-in; Bar; Live Music; Dessert Bar; Vegan Options,8,False,False,True,2021-10-29,1659
REST000581,Restaurant_581,Bangalore,Bangalore_Locality_15,Fine Dine,Mediterranean,1.6,08:00,22:00,3082,4.7,2090,3.8,2799,4.25,878,Premium,30,30,33,29,15.0,13.0,40,12,200,162,149260,123745,146260,121315,48.0,52.0,Swiggy Better,Rooftop; Alcohol; Dessert Bar; Outdoor Seating; Vegan Options; Live Music,6,False,False,True,2017-11-18,3100
REST000582,Restaurant_582,Bangalore,Bangalore_Locality_18,Fine Dine,Cafe,0.6,10:00,22:00,2191,3.8,4517,4.2,4340,4.0,429,Mid-Range,30,30,23,28,16.0,13.0,6,21,148,163,53333,60836,51113,58391,50.0,50.0,Zomato Better,Bar; Smoking Area; Dine-in; Vegan Options; Rooftop; Alcohol,6,False,True,False,2017-04-12,3320
REST000583,Restaurant_583,Bangalore,Bangalore_Locality_1,QSR (Quick Service),Korean,10.9,09:00,22:00,1885,3.6,4702,4.3,3456,3.95,1428,Luxury,74,74,42,44,19.0,20.0,14,24,203,243,234806,277603,227295,268612,61.0,39.0,Zomato Better,Smoking Area; Alcohol; WiFi,3,True,False,False,2019-10-17,2402
REST000584,Restaurant_584,Bangalore,Bangalore_Locality_11,Cafe,Korean,8.7,07:00,23:00,1235,3.4,1602,3.7,1444,3.55,539,Mid-Range,63,63,49,48,18.0,22.0,11,11,143,155,63203,65165,58698,60282,61.0,39.0,Zomato Better,Alcohol; Dine-in; AC; Vegan Options; Private Room; Smoking Area; Family Friendly,7,True,False,True,2019-02-09,2652
REST000585,Restaurant_585,Bangalore,Bangalore_Locality_15,Cloud Kitchen,Mexican; North Indian,3.0,09:00,22:00,914,3.7,4944,4.0,2973,3.85,1481,Luxury,35,35,31,43,27.0,27.0,9,10,249,270,269201,291905,264843,287180,58.0,42.0,Zomato Better,AC; Dessert Bar; Takeaway; Outdoor Seating; Vegan Options,5,False,False,True,2025-12-14,152
REST000586,Restaurant_586,Bangalore,Bangalore_Locality_5,Cloud Kitchen,Korean; Japanese,6.8,07:00,23:00,1119,3.7,606,3.8,1784,3.75,180,Budget,54,54,30,35,27.0,27.0,8,13,256,262,33638,34426,26726,27352,57.0,43.0,Zomato Better,Vegan Options; Parking; Rooftop; Takeaway; WiFi,5,True,False,True,2021-10-26,1662
REST000587,Restaurant_587,Bangalore,Bangalore_Locality_17,Casual Dining,Korean; Seafood,4.4,07:00,22:00,196,3.7,63,4.0,4219,3.85,1039,Premium,42,42,24,27,23.0,18.0,11,16,170,184,136005,156764,132435,152900,46.0,54.0,Zomato Better,Takeaway; Dessert Bar; Live Music,3,False,True,True,2025-10-01,226
REST000588,Restaurant_588,Bangalore,Bangalore_Locality_9,Cloud Kitchen,Thai,1.7,11:00,22:00,2609,4.2,3722,3.7,3350,3.95,512,Mid-Range,30,30,32,23,28.0,26.0,14,5,342,301,126074,114042,120944,109527,72.0,28.0,Swiggy Better,Parking; Live Music; Dessert Bar; WiFi; Bar; Dine-in; Family Friendly; Alcohol,8,False,False,True,2021-11-27,1630
REST000589,Restaurant_589,Bangalore,Bangalore_Locality_14,Fine Dine,Street Food; Mediterranean,10.2,08:00,23:00,2472,4.7,4041,4.1,3894,4.4,937,Premium,71,71,57,38,18.0,12.0,28,10,188,164,144447,135227,137773,129405,48.0,52.0,Swiggy Better,Smoking Area; Alcohol; Dessert Bar; Private Room; WiFi; Takeaway,6,True,True,False,2024-01-06,860
REST000590,Restaurant_590,Bangalore,Bangalore_Locality_12,Casual Dining,Chinese; Mughlai,10.9,08:00,23:00,731,4.3,3837,3.8,4472,4.05,312,Mid-Range,74,74,43,47,22.0,21.0,12,14,212,188,51592,46338,43748,39382,55.0,45.0,Swiggy Better,Dine-in; AC; Takeaway; Live Music,4,False,True,False,2017-01-13,3409
REST000591,Restaurant_591,Bangalore,Bangalore_Locality_19,Casual Dining,Street Food,14.7,07:00,22:00,1570,4.0,4476,4.2,2440,4.1,778,Premium,93,93,54,55,22.0,19.0,14,22,218,229,132291,144311,122154,133662,54.0,46.0,Zomato Better,Alcohol; Dine-in; Takeaway; AC; WiFi,5,False,True,False,2023-08-21,998
REST000592,Restaurant_592,Bangalore,Bangalore_Locality_4,Casual Dining,Biryani,6.3,07:00,22:00,2218,4.5,4103,3.6,4215,4.05,498,Mid-Range,51,51,39,36,21.0,22.0,38,13,264,211,103862,81960,97130,76580,53.0,47.0,Swiggy Better,Takeaway; Dessert Bar; Live Music; WiFi,4,False,True,False,2019-11-13,2375
REST000593,Restaurant_593,Bangalore,Bangalore_Locality_20,Cafe,Multi-Cuisine; Biryani,6.8,10:00,22:00,3134,4.4,951,3.6,4231,4.0,512,Mid-Range,54,54,22,34,19.0,20.0,24,5,226,185,93726,75776,87624,70781,53.0,47.0,Swiggy Better,Rooftop; Bar; Vegan Options; Alcohol; Dessert Bar; AC,6,False,True,False,2021-03-15,1887
REST000594,Restaurant_594,Bangalore,Bangalore_Locality_16,Cafe,South Indian,3.9,11:00,22:00,1689,4.0,28,3.9,3091,3.95,1257,Luxury,39,39,37,38,18.0,19.0,15,7,177,172,182440,175125,178989,171771,48.0,52.0,Swiggy Better,AC; Dessert Bar; Private Room,3,False,True,False,2017-07-28,3213
REST000595,Restaurant_595,Bangalore,Bangalore_Locality_9,Food Truck,Street Food; Biryani,6.4,12:00,22:00,645,3.3,1437,3.9,605,3.6,1318,Luxury,52,52,41,42,22.0,23.0,13,14,86,101,88411,102500,86175,99874,64.0,36.0,Zomato Better,Rooftop; Dessert Bar; WiFi; Live Music; AC; Vegan Options; Alcohol,7,False,True,True,2024-07-06,678
REST000596,Restaurant_596,Bangalore,Bangalore_Locality_8,Fine Dine,Mughlai; Vietnamese,10.1,10:00,23:00,2251,3.7,1074,4.0,2452,3.85,1390,Luxury,70,70,40,52,16.0,16.0,9,21,145,157,169302,183313,164227,177818,48.0,52.0,Zomato Better,Dessert Bar; Alcohol; Private Room; Family Friendly; Dine-in; Bar,6,True,False,True,2024-04-12,763
REST000597,Restaurant_597,Bangalore,Bangalore_Locality_16,Food Truck,Mediterranean,3.3,12:00,22:00,3180,4.5,2261,4.1,3126,4.3,309,Mid-Range,36,36,33,31,23.0,20.0,37,25,155,141,36879,34855,34089,32317,58.0,42.0,Swiggy Better,Alcohol; Outdoor Seating; Vegan Options; Rooftop; AC; Smoking Area,6,False,True,True,2016-11-25,3458
REST000598,Restaurant_598,Bangalore,Bangalore_Locality_16,QSR (Quick Service),Thai,14.9,12:00,23:00,186,4.0,1535,4.0,1955,4.0,905,Premium,94,94,58,56,22.0,19.0,22,22,184,184,129885,134881,121237,126233,46.0,54.0,Zomato Better,Vegan Options; Parking; Dessert Bar; Family Friendly; Smoking Area; Dine-in; Rooftop; Takeaway,8,True,False,True,2020-03-18,2249
REST000599,Restaurant_599,Bangalore,Bangalore_Locality_9,Cafe,Mughlai; Desserts,3.1,10:00,23:00,2174,3.8,2901,3.9,2419,3.85,530,Mid-Range,35,35,26,25,20.0,20.0,9,11,177,182,75048,77168,71950,73983,48.0,52.0,Zomato Better,Private Room; Live Music; Alcohol; Vegan Options,4,True,False,True,2021-09-30,1688
REST000600,Restaurant_600,Bangalore,Bangalore_Locality_6,QSR (Quick Service),Chinese; Mughlai,8.2,12:00,23:00,1413,4.4,3197,4.9,1383,4.65,1328,Luxury,60,60,47,52,21.0,19.0,21,23,236,263,247592,282903,240512,275013,49.0,51.0,Zomato Better,Private Room; Alcohol; Takeaway; Smoking Area,4,False,False,True,2022-03-09,1528
REST000601,Restaurant_601,Bangalore,Bangalore_Locality_13,Cafe,Multi-Cuisine,14.3,09:00,22:00,2318,3.5,2363,3.6,2153,3.55,609,Mid-Range,91,91,57,53,22.0,22.0,14,6,166,170,78853,80753,71300,73018,57.0,43.0,Zomato Better,Smoking Area; Family Friendly; Vegan Options,3,False,True,True,2025-10-05,222
REST000602,Restaurant_602,Bangalore,Bangalore_Locality_9,Food Truck,Mughlai,12.0,09:00,22:00,382,3.9,2415,4.1,3726,4.0,370,Mid-Range,80,80,46,52,21.0,19.0,8,23,98,103,28645,30869,24725,26749,47.0,53.0,Zomato Better,Bar; Private Room; Alcohol; Takeaway; Live Music; AC,6,False,False,True,2025-10-10,217
REST000603,Restaurant_603,Bangalore,Bangalore_Locality_4,Food Truck,Desserts; Continental,4.6,07:00,22:00,3182,4.0,3146,3.8,4345,3.9,399,Mid-Range,42,42,32,28,21.0,22.0,25,5,137,130,43183,40458,40306,37728,56.0,44.0,Swiggy Better,Parking; Outdoor Seating; Live Music; Alcohol; Bar,5,False,False,True,2024-06-18,696
REST000604,Restaurant_604,Bangalore,Bangalore_Locality_14,QSR (Quick Service),Japanese; Mexican,1.3,11:00,23:00,1358,4.1,3632,3.6,2299,3.85,761,Premium,30,30,29,25,20.0,23.0,18,13,218,192,132718,112506,129448,109626,59.0,41.0,Swiggy Better,Parking; Bar; Vegan Options; AC; Smoking Area; Dessert Bar; WiFi; Outdoor Seating,8,True,False,True,2019-05-26,2546
REST000605,Restaurant_605,Bangalore,Bangalore_Locality_5,Fine Dine,Mexican; North Indian,14.0,07:00,22:00,55,4.2,1890,4.3,4813,4.25,1475,Luxury,90,90,54,51,16.0,17.0,13,20,126,129,156114,157928,150444,152123,44.0,56.0,Zomato Better,Takeaway; Live Music; Dine-in; Parking; Bar,5,False,True,True,2020-06-08,2167
REST000606,Restaurant_606,Bangalore,Bangalore_Locality_6,Cafe,Lebanese,10.4,09:00,23:00,1192,4.3,3148,3.6,3170,3.95,1351,Luxury,72,72,40,40,23.0,21.0,17,11,180,150,187248,160093,180768,154693,48.0,52.0,Swiggy Better,Smoking Area; Dessert Bar; Rooftop; Family Friendly; WiFi; AC,6,True,True,False,2024-10-31,561
REST000607,Restaurant_607,Bangalore,Bangalore_Locality_7,Food Truck,Fast Food; Seafood,14.3,11:00,22:00,315,4.1,4461,3.8,877,3.95,423,Mid-Range,91,91,54,55,18.0,22.0,10,15,102,95,35379,31344,30738,27021,49.0,51.0,Swiggy Better,Vegan Options; Takeaway; Dine-in; AC; Rooftop,5,True,True,False,2021-08-18,1731
REST000608,Restaurant_608,Bangalore,Bangalore_Locality_18,Cloud Kitchen,Fast Food,7.2,11:00,22:00,129,4.0,723,3.6,3745,3.8,512,Mid-Range,56,56,41,28,24.0,26.0,21,13,244,219,94945,82974,88113,76842,65.0,35.0,Swiggy Better,WiFi; Family Friendly; Outdoor Seating; AC; Rooftop; Vegan Options; Dine-in; Parking,8,True,True,False,2020-07-23,2122
REST000609,Restaurant_609,Bangalore,Bangalore_Locality_4,Cloud Kitchen,Biryani,6.2,08:00,23:00,2280,4.6,1448,3.9,528,4.25,1086,Premium,51,51,36,34,26.0,28.0,40,14,362,307,290917,240049,281686,232220,71.0,29.0,Swiggy Better,Private Room; Dine-in; Parking; Outdoor Seating,4,True,True,True,2019-10-28,2391
REST000610,Restaurant_610,Bangalore,Bangalore_Locality_14,Cafe,Mexican; Italian,12.1,11:00,22:00,2722,3.8,4520,3.8,1188,3.8,634,Mid-Range,80,80,52,46,23.0,22.0,13,8,187,187,91289,92475,83809,84995,52.0,48.0,Zomato Better,Alcohol; WiFi; Private Room; AC; Takeaway,5,False,False,False,2018-01-08,3049
REST000611,Restaurant_611,Bangalore,Bangalore_Locality_8,Casual Dining,Fast Food; Seafood,14.2,09:00,23:00,2368,4.3,4090,3.6,964,3.95,519,Mid-Range,91,91,58,49,20.0,17.0,15,12,256,214,106291,92184,94643,82447,53.0,47.0,Swiggy Better,Outdoor Seating; Dine-in; Parking,3,True,False,False,2017-10-08,3141
REST000612,Restaurant_612,Bangalore,Bangalore_Locality_11,Cafe,Italian,2.5,11:00,22:00,2316,4.1,817,4.1,1113,4.1,896,Premium,32,32,22,35,20.0,18.0,11,18,194,194,139059,142535,135955,139431,62.0,38.0,Zomato Better,Family Friendly; Vegan Options; Rooftop; Dessert Bar; Smoking Area; Alcohol; Private Room,7,False,False,True,2018-08-15,2830
REST000613,Restaurant_613,Bangalore,Bangalore_Locality_6,Cafe,Pan-Asian; Pan-Asian,3.9,10:00,22:00,2221,4.3,341,3.1,1664,3.7,185,Budget,39,39,32,36,21.0,22.0,20,6,201,145,29376,20923,25456,18096,63.0,37.0,Swiggy Better,Takeaway; Parking; Outdoor Seating; Live Music; Vegan Options; Smoking Area,6,True,True,True,2019-01-29,2663
REST000614,Restaurant_614,Bangalore,Bangalore_Locality_1,Cafe,Korean; Biryani,1.8,10:00,23:00,844,3.6,1589,3.5,474,3.55,1403,Luxury,30,30,33,18,23.0,17.0,15,14,144,140,155564,163028,153404,160928,57.0,43.0,Zomato Better,Takeaway; Vegan Options; Smoking Area; Outdoor Seating; AC; Dine-in,6,True,True,True,2024-12-28,503
REST000615,Restaurant_615,Bangalore,Bangalore_Locality_14,Casual Dining,Italian; Street Food,7.3,08:00,22:00,2734,4.5,741,4.5,959,4.5,380,Mid-Range,56,56,37,41,17.0,21.0,21,34,278,278,87681,83455,79897,75671,54.0,46.0,Swiggy Better,Bar; Parking; Dessert Bar; Smoking Area,4,False,True,True,2024-01-26,840
REST000616,Restaurant_616,Bangalore,Bangalore_Locality_14,Fine Dine,Seafood,6.0,11:00,22:00,883,3.8,2479,3.6,4277,3.7,362,Mid-Range,50,50,42,44,13.0,12.0,13,15,127,121,39997,38545,36822,35520,43.0,57.0,Swiggy Better,Dessert Bar; Alcohol; Outdoor Seating; Parking; Dine-in; Vegan Options,6,False,True,False,2024-08-09,644
REST000617,Restaurant_617,Bangalore,Bangalore_Locality_19,Cloud Kitchen,Continental,3.3,09:00,23:00,3498,3.9,550,3.2,20,3.55,589,Mid-Range,36,36,30,25,27.0,26.0,5,6,346,284,148769,123784,142541,118672,62.0,38.0,Swiggy Better,Family Friendly; Takeaway; Outdoor Seating; WiFi,4,True,False,False,2022-04-06,1500
REST000618,Restaurant_618,Bangalore,Bangalore_Locality_5,Food Truck,Pan-Asian,3.6,09:00,22:00,140,4.5,220,3.6,1163,4.05,1136,Premium,38,38,36,29,18.0,18.0,25,9,110,88,102467,81973,100377,80301,52.0,48.0,Swiggy Better,Outdoor Seating; Vegan Options; Private Room,3,True,False,True,2018-03-24,2974
REST000619,Restaurant_619,Bangalore,Bangalore_Locality_14,Cloud Kitchen,Mexican; North Indian,3.8,09:00,22:00,548,3.8,1309,4.3,72,4.05,604,Mid-Range,39,39,29,23,22.0,22.0,10,11,245,277,115424,130500,110646,125098,56.0,44.0,Zomato Better,Vegan Options; Rooftop; Dessert Bar; Family Friendly; Parking; AC,6,False,True,False,2022-02-16,1549
REST000620,Restaurant_620,Bangalore,Bangalore_Locality_12,Food Truck,Biryani; Pan-Asian,4.6,08:00,22:00,3484,4.0,1131,4.8,2067,4.4,1095,Premium,42,42,31,35,22.0,22.0,13,21,141,170,120428,145197,117467,141627,56.0,44.0,Zomato Better,Dine-in; Rooftop; Bar; AC,4,True,True,False,2021-04-01,1870
REST000621,Restaurant_621,Bangalore,Bangalore_Locality_14,QSR (Quick Service),Chinese,8.0,07:00,22:00,2259,4.2,3678,3.4,889,3.8,453,Mid-Range,60,60,32,35,19.0,17.0,12,8,247,200,90631,75198,83221,69198,47.0,53.0,Swiggy Better,Dine-in; AC; Family Friendly; Takeaway; Live Music; Smoking Area; Rooftop,7,True,False,True,2025-05-24,356
REST000622,Restaurant_622,Bangalore,Bangalore_Locality_16,QSR (Quick Service),Pan-Asian; Desserts,4.9,10:00,22:00,3311,4.2,152,4.2,4639,4.2,1041,Premium,44,44,37,40,19.0,20.0,11,18,274,274,231039,228187,225011,222159,56.0,44.0,Swiggy Better,Dine-in; Live Music; Takeaway; Alcohol; Smoking Area; Parking,6,True,True,False,2019-06-25,2516
REST000623,Restaurant_623,Bangalore,Bangalore_Locality_13,Casual Dining,Street Food; Mexican,6.8,07:00,23:00,639,3.6,1142,3.8,3901,3.7,188,Budget,54,54,52,41,20.0,19.0,10,15,176,185,26470,28171,21718,23176,46.0,54.0,Zomato Better,Dine-in; Rooftop; Takeaway; Private Room; Smoking Area; Family Friendly; Vegan Options,7,False,True,True,2023-06-17,1063
REST000624,Restaurant_624,Bangalore,Bangalore_Locality_8,Fine Dine,Lebanese,8.4,07:00,23:00,2291,3.7,548,3.8,2604,3.75,502,Mid-Range,62,62,48,43,17.0,14.0,14,12,145,149,60415,64326,55920,59707,48.0,52.0,Zomato Better,Rooftop; Vegan Options; Alcohol; Family Friendly; Dessert Bar; Live Music,6,True,True,False,2021-02-03,1927
REST000625,Restaurant_625,Bangalore,Bangalore_Locality_20,Cafe,Italian; Mediterranean,8.6,07:00,23:00,1228,4.8,1226,3.5,1781,4.15,1143,Premium,63,63,41,43,19.0,18.0,25,10,201,147,186091,137777,179760,133146,55.0,45.0,Swiggy Better,Outdoor Seating; Live Music; Bar; Rooftop; Alcohol; Vegan Options,6,False,True,False,2019-06-11,2530
REST000626,Restaurant_626,Bangalore,Bangalore_Locality_6,Fine Dine,Chinese; Desserts,13.3,12:00,22:00,3503,4.4,4233,4.1,3784,4.25,1257,Luxury,86,86,52,49,17.0,16.0,10,18,195,182,203445,192170,195060,184344,46.0,54.0,Swiggy Better,Private Room; Alcohol; Rooftop,3,True,True,False,2022-02-23,1542
REST000627,Restaurant_627,Bangalore,Bangalore_Locality_15,Casual Dining,Italian,14.5,11:00,23:00,3023,4.4,588,3.8,4487,4.1,967,Premium,92,92,57,51,22.0,20.0,21,13,279,241,210438,186437,197604,175351,42.0,58.0,Swiggy Better,Bar; Live Music; Vegan Options; Family Friendly; Alcohol; Parking; Smoking Area,7,True,True,True,2025-08-06,282
REST000628,Restaurant_628,Bangalore,Bangalore_Locality_16,QSR (Quick Service),Japanese,5.1,07:00,22:00,2760,4.2,707,3.7,2463,3.95,1369,Luxury,45,45,28,40,23.0,20.0,25,15,260,229,274073,250800,268223,245648,58.0,42.0,Swiggy Better,WiFi; Rooftop; Outdoor Seating; Vegan Options; Dessert Bar; AC; Alcohol,7,True,False,False,2018-02-22,3004
REST000629,Restaurant_629,Bangalore,Bangalore_Locality_2,Food Truck,Biryani; Multi-Cuisine,4.4,09:00,22:00,2441,3.9,734,3.7,4769,3.8,1017,Premium,42,42,37,37,20.0,18.0,12,9,124,118,100886,98404,98282,95926,55.0,45.0,Swiggy Better,Smoking Area; Rooftop; Bar; Alcohol; Private Room; Live Music; Parking; AC,8,False,True,False,2017-07-21,3220
REST000630,Restaurant_630,Bangalore,Bangalore_Locality_6,Food Truck,Biryani; Mediterranean,4.7,11:00,23:00,215,3.9,3092,3.7,3153,3.8,1269,Luxury,43,43,34,38,17.0,20.0,9,7,96,91,101113,92383,99049,90426,57.0,43.0,Swiggy Better,Family Friendly; Dine-in; Outdoor Seating,3,False,True,True,2021-12-17,1610
REST000631,Restaurant_631,Bangalore,Bangalore_Locality_8,Casual Dining,Pan-Asian,12.5,09:00,22:00,1695,5.0,1828,4.0,2188,4.5,1244,Luxury,82,82,43,54,17.0,20.0,28,22,277,221,286008,219939,274651,210878,43.0,57.0,Swiggy Better,Outdoor Seating; Rooftop; Alcohol; Family Friendly; Vegan Options; Dessert Bar,6,True,False,True,2026-01-15,120
REST000632,Restaurant_632,Bangalore,Bangalore_Locality_4,Fine Dine,Seafood,9.0,12:00,22:00,3129,3.6,4922,4.5,1347,4.05,568,Mid-Range,65,65,42,40,16.0,17.0,10,25,154,192,73476,90516,68471,84276,43.0,57.0,Zomato Better,Dine-in; WiFi; Parking; Alcohol,4,True,False,True,2022-07-24,1391
REST000633,Restaurant_633,Bangalore,Bangalore_Locality_10,Casual Dining,Pan-Asian; Desserts,7.7,07:00,22:00,1103,3.5,1593,4.3,2378,3.9,710,Premium,58,58,46,41,17.0,22.0,12,12,181,222,106663,122943,101414,116505,46.0,54.0,Zomato Better,Outdoor Seating; Bar; WiFi; Vegan Options; Alcohol; Private Room; Dessert Bar,7,True,True,False,2016-07-28,3578
REST000634,Restaurant_634,Bangalore,Bangalore_Locality_9,Cloud Kitchen,Japanese,1.7,10:00,22:00,1139,4.2,1523,3.3,3241,3.75,1433,Luxury,30,30,25,31,26.0,26.0,17,14,291,228,308582,241775,304217,238355,63.0,37.0,Swiggy Better,Bar; Vegan Options; Alcohol; Family Friendly; WiFi; Rooftop,6,False,False,True,2018-07-26,2850
REST000635,Restaurant_635,Bangalore,Bangalore_Locality_11,QSR (Quick Service),Mughlai,12.2,07:00,22:00,231,3.5,1489,3.6,489,3.55,1128,Premium,81,81,53,49,22.0,17.0,6,6,162,167,142534,156352,135973,149588,64.0,36.0,Zomato Better,Takeaway; AC; Dessert Bar; Bar; Dine-in; Live Music,6,False,True,False,2021-07-25,1755
REST000636,Restaurant_636,Bangalore,Bangalore_Locality_5,Casual Dining,Mexican; Lebanese,2.0,09:00,23:00,2402,3.9,3987,4.1,72,4.0,250,Budget,30,30,36,30,22.0,19.0,14,9,233,245,45435,49612,41940,45937,49.0,51.0,Zomato Better,Dine-in; WiFi; AC; Rooftop,4,False,False,False,2021-06-14,1796
REST000637,Restaurant_637,Bangalore,Bangalore_Locality_14,Cloud Kitchen,South Indian,4.3,09:00,23:00,88,3.7,3639,4.2,2794,3.95,1250,Luxury,41,41,38,29,24.0,24.0,8,16,224,255,212800,242250,208208,237022,71.0,29.0,Zomato Better,Rooftop; Vegan Options; Dine-in; AC; Outdoor Seating; Live Music; Parking,7,False,False,False,2016-06-19,3617
REST000638,Restaurant_638,Bangalore,Bangalore_Locality_14,Casual Dining,Lebanese,5.4,07:00,22:00,1214,3.7,4992,4.2,2852,3.95,618,Mid-Range,47,47,36,35,20.0,22.0,6,15,194,220,95913,106048,91354,100878,54.0,46.0,Zomato Better,WiFi; Outdoor Seating; Rooftop; Family Friendly,4,False,False,False,2018-07-04,2872
REST000639,Restaurant_639,Bangalore,Bangalore_Locality_11,QSR (Quick Service),Mediterranean,9.4,07:00,22:00,1628,4.3,828,4.2,766,4.25,912,Premium,67,67,52,38,19.0,22.0,22,11,236,231,174337,164324,166431,156585,61.0,39.0,Swiggy Better,Rooftop; Alcohol; Dine-in,3,True,False,False,2019-09-08,2441
REST000640,Restaurant_640,Bangalore,Bangalore_Locality_7,Cloud Kitchen,Multi-Cuisine; Continental,13.2,11:00,23:00,738,3.3,121,4.2,2248,3.75,1063,Premium,86,86,56,57,27.0,26.0,11,12,218,277,169165,217893,159791,205982,71.0,29.0,Zomato Better,Bar; Takeaway; Outdoor Seating; Dine-in,4,True,False,False,2023-09-21,967
REST000641,Restaurant_641,Bangalore,Bangalore_Locality_19,QSR (Quick Service),Cafe,11.1,11:00,22:00,3578,3.6,1392,4.1,3028,3.85,692,Mid-Range,75,75,50,46,21.0,21.0,8,20,241,274,131749,149790,122712,139515,48.0,52.0,Zomato Better,Parking; Rooftop; Private Room; WiFi; Dine-in,5,True,False,False,2023-06-08,1072
REST000642,Restaurant_642,Bangalore,Bangalore_Locality_15,Cafe,Pan-Asian,5.4,08:00,22:00,626,4.7,1272,4.6,3675,4.65,734,Premium,47,47,36,28,23.0,21.0,39,22,183,179,103427,103794,99127,99588,60.0,40.0,Zomato Better,Family Friendly; Rooftop; AC; Live Music; Bar; WiFi,6,True,False,True,2024-05-20,725
REST000643,Restaurant_643,Bangalore,Bangalore_Locality_6,Casual Dining,Japanese,12.4,09:00,22:00,1974,3.9,561,3.9,4980,3.9,942,Premium,82,82,58,47,21.0,18.0,11,14,222,222,165207,171481,156105,162379,44.0,56.0,Zomato Better,Parking; Bar; Alcohol; Rooftop,4,True,False,True,2019-04-16,2586
REST000644,Restaurant_644,Bangalore,Bangalore_Locality_2,QSR (Quick Service),Cafe; North Indian,12.9,12:00,22:00,3565,3.4,3256,3.9,3618,3.65,1121,Premium,84,84,44,50,20.0,23.0,9,9,227,261,203573,225287,194039,214325,46.0,54.0,Zomato Better,Smoking Area; Dessert Bar; Parking; WiFi; Bar,5,False,True,True,2017-01-10,3412
REST000645,Restaurant_645,Bangalore,Bangalore_Locality_20,Food Truck,Pan-Asian; Multi-Cuisine,9.5,12:00,22:00,1874,4.6,2635,4.1,1983,4.35,1468,Luxury,67,67,41,42,20.0,21.0,37,22,138,123,162067,142645,157444,138525,54.0,46.0,Swiggy Better,Vegan Options; Smoking Area; AC; Private Room; Alcohol; Dessert Bar; Outdoor Seating,7,True,False,False,2022-10-05,1318
REST000646,Restaurant_646,Bangalore,Bangalore_Locality_9,Food Truck,Continental; Italian,12.7,08:00,23:00,2819,3.9,743,4.1,4910,4.0,1256,Luxury,83,83,50,45,19.0,22.0,13,17,129,136,131239,133236,125885,127592,50.0,50.0,Zomato Better,Family Friendly; Outdoor Seating; Alcohol; Live Music; Bar; Vegan Options; Takeaway,7,True,True,False,2019-01-16,2676
REST000647,Restaurant_647,Bangalore,Bangalore_Locality_19,Fine Dine,Mediterranean; Fast Food,3.5,11:00,22:00,736,3.9,1747,3.5,1384,3.7,448,Mid-Range,37,37,38,38,13.0,17.0,5,6,128,115,49889,42761,47521,40634,40.0,60.0,Swiggy Better,Alcohol; AC; Family Friendly; Private Room; Bar; Takeaway; Dine-in; Smoking Area,8,False,False,True,2024-12-03,528
REST000648,Restaurant_648,Bangalore,Bangalore_Locality_12,Food Truck,Chinese; Bakery,6.1,09:00,22:00,410,4.3,4540,3.9,2380,4.1,803,Premium,50,50,32,31,20.0,17.0,25,9,108,98,69379,65316,66679,62866,47.0,53.0,Swiggy Better,Rooftop; Smoking Area; Private Room; Alcohol; Dessert Bar; Outdoor Seating,6,True,False,False,2022-10-26,1297
REST000649,Restaurant_649,Bangalore,Bangalore_Locality_2,Food Truck,Mughlai; Italian,0.6,07:00,23:00,3033,4.2,1504,3.6,38,3.9,907,Premium,30,30,27,22,21.0,19.0,12,10,142,122,101747,89629,99617,87799,52.0,48.0,Swiggy Better,Smoking Area; Bar; Dine-in,3,False,False,False,2018-10-17,2767
REST000650,Restaurant_650,Bangalore,Bangalore_Locality_1,Cloud Kitchen,Desserts,13.6,09:00,23:00,1639,4.4,1851,3.5,2321,3.95,153,Budget,88,88,54,46,26.0,28.0,18,14,323,257,36570,28311,22358,17003,57.0,43.0,Swiggy Better,Dine-in; Alcohol; Vegan Options; Smoking Area; Parking; Private Room,6,True,False,True,2021-07-31,1749
REST000651,Restaurant_651,Bangalore,Bangalore_Locality_18,QSR (Quick Service),Japanese,11.0,11:00,23:00,2342,4.3,136,4.5,4335,4.4,629,Mid-Range,75,75,40,45,21.0,18.0,13,40,255,267,126712,137713,117149,127700,55.0,45.0,Zomato Better,Rooftop; Vegan Options; Takeaway; Parking; Dine-in; Bar,6,False,True,False,2022-03-21,1516
REST000652,Restaurant_652,Bangalore,Bangalore_Locality_13,Fine Dine,Korean,0.8,08:00,22:00,2465,4.2,3545,4.0,2946,4.1,1080,Premium,30,30,30,20,17.0,13.0,10,19,168,160,150595,150336,148075,147936,49.0,51.0,Swiggy Better,Alcohol; Private Room; Dine-in,3,False,True,False,2025-06-21,328
REST000653,Restaurant_653,Bangalore,Bangalore_Locality_4,QSR (Quick Service),Mughlai,7.2,09:00,22:00,1901,3.9,2441,3.8,3164,3.85,1383,Luxury,56,56,40,41,22.0,21.0,7,9,221,215,238401,234902,232213,228882,56.0,44.0,Swiggy Better,Vegan Options; Bar; Smoking Area,3,False,True,False,2021-05-27,1814
REST000654,Restaurant_654,Bangalore,Bangalore_Locality_16,Casual Dining,Fast Food,5.3,07:00,23:00,2436,4.6,2175,4.2,3011,4.4,695,Mid-Range,46,46,37,34,21.0,19.0,21,20,276,252,151537,141863,145189,136067,48.0,52.0,Swiggy Better,Rooftop; Alcohol; Outdoor Seating; Dine-in; Vegan Options; Smoking Area,6,True,False,True,2020-09-18,2065
REST000655,Restaurant_655,Bangalore,Bangalore_Locality_2,Cafe,Korean,1.4,08:00,23:00,1665,3.2,3773,4.5,1416,3.85,582,Mid-Range,30,30,29,24,23.0,20.0,13,39,141,198,63187,92188,61072,89218,62.0,38.0,Zomato Better,Smoking Area; Bar; Rooftop; WiFi; Dine-in,5,True,True,True,2020-11-04,2018
REST000656,Restaurant_656,Bangalore,Bangalore_Locality_3,Casual Dining,Desserts; Cafe,2.5,07:00,23:00,1749,4.5,3066,3.8,61,4.15,1136,Premium,32,32,38,33,21.0,22.0,21,6,251,211,225257,186962,221241,183586,54.0,46.0,Swiggy Better,Vegan Options; Parking; Dine-in,3,True,False,True,2017-03-27,3336
REST000657,Restaurant_657,Bangalore,Bangalore_Locality_14,Cafe,Chinese,1.7,07:00,23:00,3634,4.1,3619,4.7,446,4.4,1316,Luxury,30,30,29,29,22.0,21.0,10,10,221,253,226852,263028,223537,259233,54.0,46.0,Zomato Better,WiFi; Bar; Dessert Bar; Takeaway; Alcohol; Vegan Options,6,False,False,False,2018-06-13,2893
REST000658,Restaurant_658,Bangalore,Bangalore_Locality_19,Casual Dining,Lebanese,8.1,11:00,22:00,1722,4.3,1087,3.7,4885,4.0,676,Mid-Range,60,60,40,46,22.0,18.0,14,12,239,205,126019,113635,118849,107485,42.0,58.0,Swiggy Better,Rooftop; WiFi; Smoking Area; Alcohol,4,True,True,True,2017-08-24,3186
REST000659,Restaurant_659,Bangalore,Bangalore_Locality_5,Fine Dine,Desserts,5.6,12:00,23:00,2329,4.0,3846,4.3,2441,4.15,586,Mid-Range,48,48,44,34,15.0,15.0,17,20,158,170,78699,84677,74907,80597,51.0,49.0,Zomato Better,AC; Alcohol; Dine-in; Smoking Area,4,False,False,False,2025-11-07,189
REST000660,Restaurant_660,Bangalore,Bangalore_Locality_8,Cloud Kitchen,Bakery,14.9,09:00,22:00,1059,3.0,2614,3.7,1876,3.35,933,Premium,94,94,62,50,27.0,24.0,7,13,206,254,140304,180106,130622,168168,68.0,32.0,Zomato Better,Parking; Smoking Area; Dine-in,3,False,False,True,2023-03-09,1163
REST000661,Restaurant_661,Bangalore,Bangalore_Locality_11,Cloud Kitchen,Pan-Asian,5.6,10:00,22:00,1521,4.1,89,4.2,4876,4.15,219,Budget,48,48,31,35,23.0,25.0,9,10,297,304,50083,49932,42955,42636,70.0,30.0,Swiggy Better,Vegan Options; Takeaway; Live Music; Private Room; Bar; Dessert Bar; Family Friendly; AC,8,True,True,False,2024-09-10,612
REST000662,Restaurant_662,Bangalore,Bangalore_Locality_6,QSR (Quick Service),Street Food; South Indian,2.9,10:00,23:00,127,4.3,2205,3.8,691,4.05,512,Mid-Range,34,34,41,30,18.0,22.0,21,5,196,173,82288,69089,78956,66148,58.0,42.0,Swiggy Better,Outdoor Seating; Private Room; AC,3,True,True,True,2022-09-15,1338
REST000663,Restaurant_663,Bangalore,Bangalore_Locality_12,QSR (Quick Service),Bakery; Fast Food,14.5,12:00,23:00,2711,3.2,2793,4.3,272,3.75,1047,Premium,92,92,51,66,22.0,21.0,7,24,197,265,160882,219189,151820,206999,55.0,45.0,Zomato Better,Alcohol; Dine-in; Parking; Bar; Vegan Options; Rooftop; Private Room,7,True,True,True,2025-09-30,227
REST000664,Restaurant_664,Bangalore,Bangalore_Locality_7,Cloud Kitchen,Seafood; Vietnamese,14.6,12:00,22:00,3195,4.2,980,4.8,34,4.5,718,Premium,93,93,47,63,25.0,25.0,19,6,362,414,194937,222939,178104,203688,73.0,27.0,Zomato Better,Alcohol; WiFi; Dessert Bar,3,True,True,False,2018-12-15,2708
REST000665,Restaurant_665,Bangalore,Bangalore_Locality_12,Food Truck,Vietnamese; Japanese,5.5,08:00,23:00,3102,3.9,384,3.7,2970,3.8,944,Premium,47,47,37,36,20.0,20.0,15,5,133,126,100441,95155,97316,92194,64.0,36.0,Swiggy Better,Vegan Options; AC; Alcohol; Dine-in; Takeaway; Rooftop,6,False,False,False,2020-12-07,1985
REST000666,Restaurant_666,Bangalore,Bangalore_Locality_9,Fine Dine,Cafe; Thai,10.6,12:00,22:00,543,3.7,2377,3.6,2522,3.65,1339,Luxury,73,73,41,32,12.0,14.0,12,11,119,116,140220,133578,135876,129344,53.0,47.0,Swiggy Better,Parking; Smoking Area; Dine-in; Live Music,4,True,False,True,2016-12-30,3423
REST000667,Restaurant_667,Bangalore,Bangalore_Locality_13,Fine Dine,Multi-Cuisine,5.0,10:00,22:00,562,3.9,2097,4.4,1515,4.15,1342,Luxury,45,45,37,36,16.0,13.0,8,19,126,142,142037,165790,139202,162595,54.0,46.0,Zomato Better,Private Room; Takeaway; Smoking Area; Dine-in; Bar,5,True,False,True,2016-11-17,3466
REST000668,Restaurant_668,Bangalore,Bangalore_Locality_18,QSR (Quick Service),Cafe,8.6,11:00,23:00,1725,4.0,965,4.2,734,4.1,936,Premium,63,63,39,44,23.0,19.0,20,24,222,233,159999,176651,153006,169311,48.0,52.0,Zomato Better,Rooftop; Vegan Options; Alcohol; Smoking Area; Family Friendly,5,False,True,True,2025-04-21,389
REST000669,Restaurant_669,Bangalore,Bangalore_Locality_6,Food Truck,Korean; Seafood,6.2,08:00,23:00,975,3.6,79,3.3,1168,3.45,1087,Premium,51,51,33,41,20.0,20.0,5,14,97,89,84351,77394,81877,75124,47.0,53.0,Swiggy Better,Dine-in; Family Friendly; Takeaway; Rooftop,4,False,True,True,2023-10-04,954
REST000670,Restaurant_670,Bangalore,Bangalore_Locality_6,Casual Dining,Bakery,1.9,11:00,22:00,3287,4.8,4306,4.4,1029,4.6,1219,Luxury,30,30,23,26,19.0,18.0,23,13,313,287,309053,286879,304358,282574,40.0,60.0,Swiggy Better,AC; Live Music; Alcohol; Parking; Bar; Rooftop; Vegan Options,7,True,False,False,2019-11-28,2360
REST000671,Restaurant_671,Bangalore,Bangalore_Locality_4,Cafe,Multi-Cuisine,6.0,07:00,22:00,2146,4.0,1946,3.3,3931,3.65,1245,Luxury,50,50,37,29,17.0,23.0,14,13,186,153,192203,146673,187553,142848,62.0,38.0,Swiggy Better,Family Friendly; Outdoor Seating; Rooftop; Alcohol; WiFi; Parking; Dessert Bar,7,True,True,True,2020-07-11,2134
REST000672,Restaurant_672,Bangalore,Bangalore_Locality_2,Casual Dining,Multi-Cuisine,3.1,11:00,23:00,905,3.5,1883,3.9,1118,3.7,468,Mid-Range,35,35,33,31,23.0,21.0,7,13,177,197,63783,72834,60686,69387,44.0,56.0,Zomato Better,Takeaway; Smoking Area; AC; Parking; Vegan Options; Dessert Bar; Live Music; Dine-in,8,True,True,True,2024-11-09,552
REST000673,Restaurant_673,Bangalore,Bangalore_Locality_5,Cafe,Bakery; Desserts,3.7,08:00,23:00,567,3.2,1051,4.0,855,3.6,649,Mid-Range,38,38,30,34,22.0,20.0,11,20,124,155,62771,80476,60415,77531,63.0,37.0,Zomato Better,AC; WiFi; Smoking Area,3,True,True,True,2018-08-21,2824
REST000674,Restaurant_674,Bangalore,Bangalore_Locality_15,QSR (Quick Service),Vietnamese,7.1,10:00,22:00,1487,3.8,591,3.8,197,3.8,1484,Luxury,55,55,42,44,22.0,21.0,6,12,205,205,237291,240333,231654,234696,53.0,47.0,Zomato Better,AC; Private Room; Vegan Options; Dine-in; Outdoor Seating,5,True,True,True,2017-06-25,3246
REST000675,Restaurant_675,Bangalore,Bangalore_Locality_9,QSR (Quick Service),Cafe; Japanese,1.5,10:00,22:00,1615,4.1,1673,4.1,980,4.1,1009,Premium,30,30,22,28,20.0,19.0,23,22,225,225,181620,183890,178245,180515,52.0,48.0,Zomato Better,Rooftop; Dine-in; AC; Live Music; Smoking Area; Outdoor Seating,6,True,False,False,2022-03-25,1512
REST000676,Restaurant_676,Bangalore,Bangalore_Locality_9,Fine Dine,Seafood,4.9,10:00,23:00,178,3.8,2518,4.2,4963,4.0,536,Mid-Range,44,44,33,28,14.0,16.0,7,24,116,129,53471,58080,50919,55242,45.0,55.0,Zomato Better,Outdoor Seating; Private Room; Smoking Area; AC,4,True,False,True,2016-05-25,3642
REST000677,Restaurant_677,Bangalore,Bangalore_Locality_7,Fine Dine,Seafood; Desserts,11.9,08:00,23:00,2755,4.5,2636,3.8,2193,4.15,459,Mid-Range,79,79,53,52,17.0,12.0,35,14,185,157,70479,63415,63171,57213,48.0,52.0,Swiggy Better,Vegan Options; Takeaway; Bar; Smoking Area; AC; Outdoor Seating; Live Music; WiFi,8,True,False,True,2023-05-02,1109
REST000678,Restaurant_678,Bangalore,Bangalore_Locality_8,Casual Dining,Japanese,13.4,09:00,23:00,2979,4.3,3005,4.0,481,4.15,896,Premium,87,87,48,51,18.0,22.0,17,12,272,253,199843,176816,188011,165811,44.0,56.0,Swiggy Better,Bar; Private Room; Parking,3,False,False,False,2025-12-22,144
REST000679,Restaurant_679,Bangalore,Bangalore_Locality_15,Cafe,Desserts,11.8,12:00,23:00,1629,3.3,3298,4.0,4817,3.65,699,Mid-Range,79,79,46,36,19.0,18.0,8,23,145,176,82097,100879,76370,93927,63.0,37.0,Zomato Better,Vegan Options; Family Friendly; WiFi; AC; Bar,5,False,True,True,2021-06-16,1794
REST000680,Restaurant_680,Bangalore,Bangalore_Locality_11,QSR (Quick Service),Continental,4.6,11:00,22:00,120,3.2,2519,3.6,4171,3.4,329,Mid-Range,42,42,35,31,18.0,22.0,10,14,146,164,39387,42085,36321,38641,53.0,47.0,Zomato Better,AC; WiFi; Family Friendly; Outdoor Seating; Takeaway; Live Music,6,True,False,False,2016-07-13,3593
REST000681,Restaurant_681,Bangalore,Bangalore_Locality_19,Casual Dining,Cafe,14.8,08:00,23:00,1118,4.5,441,4.5,2179,4.5,1482,Luxury,94,94,51,53,18.0,19.0,13,29,233,233,283150,279697,272199,268746,52.0,48.0,Swiggy Better,Smoking Area; WiFi; Live Music; Bar; Dine-in,5,False,False,False,2023-10-27,931
REST000682,Restaurant_682,Bangalore,Bangalore_Locality_1,Casual Dining,Italian; Biryani,0.9,12:00,22:00,2674,3.5,2928,4.0,1378,3.75,440,Mid-Range,30,30,28,25,20.0,22.0,13,18,215,245,75680,84084,72455,80409,51.0,49.0,Zomato Better,Outdoor Seating; Live Music; Parking; Dessert Bar; WiFi,5,True,False,False,2020-08-14,2100
REST000683,Restaurant_683,Bangalore,Bangalore_Locality_16,QSR (Quick Service),Desserts; Lebanese,1.2,08:00,22:00,2066,4.6,217,3.3,4343,3.95,991,Premium,30,30,30,17,18.0,20.0,24,7,265,190,215344,150632,211369,147782,61.0,39.0,Swiggy Better,AC; Smoking Area; Dessert Bar; Parking; Private Room; Live Music; Vegan Options,7,False,True,False,2025-01-14,486
REST000684,Restaurant_684,Bangalore,Bangalore_Locality_12,Fine Dine,Lebanese; Lebanese,12.3,10:00,22:00,3362,4.9,2676,4.1,4262,4.5,1498,Luxury,81,81,50,49,15.0,16.0,24,12,214,179,272486,225239,263819,217989,54.0,46.0,Swiggy Better,Outdoor Seating; Parking; Family Friendly; Dessert Bar; Live Music,5,True,False,False,2025-12-28,138
REST000685,Restaurant_685,Bangalore,Bangalore_Locality_7,Casual Dining,Korean; Italian,11.6,12:00,22:00,2197,3.8,297,4.0,1635,3.9,399,Mid-Range,78,78,50,54,18.0,22.0,7,10,222,234,72633,72825,63975,63699,45.0,55.0,Swiggy Better,Dessert Bar; Outdoor Seating; Vegan Options; Bar; Smoking Area; Family Friendly; Live Music,7,False,True,False,2018-03-23,2975
REST000686,Restaurant_686,Bangalore,Bangalore_Locality_7,Food Truck,Pan-Asian; Biryani,13.7,08:00,22:00,637,3.6,3636,3.5,1868,3.55,1411,Luxury,88,88,54,58,17.0,19.0,12,8,93,91,108915,104004,104823,100000,57.0,43.0,Swiggy Better,Live Music; Outdoor Seating; Smoking Area; AC; Bar,5,True,False,False,2025-11-24,172
REST000687,Restaurant_687,Bangalore,Bangalore_Locality_15,Cloud Kitchen,Chinese; Japanese,1.2,10:00,23:00,797,4.0,4152,3.8,1307,3.9,559,Mid-Range,30,30,25,28,23.0,23.0,17,13,266,252,114494,108468,110504,104688,65.0,35.0,Swiggy Better,Alcohol; Dessert Bar; Outdoor Seating; Bar; Takeaway; Family Friendly; AC; WiFi,8,False,False,True,2020-12-03,1989
REST000688,Restaurant_688,Bangalore,Bangalore_Locality_5,QSR (Quick Service),Street Food; Continental,3.5,12:00,22:00,917,4.1,4174,4.2,148,4.15,1449,Luxury,37,37,37,36,18.0,20.0,14,15,207,212,245953,245750,242123,241828,50.0,50.0,Swiggy Better,Dessert Bar; Private Room; Outdoor Seating; Rooftop; Parking; AC; Dine-in; Vegan Options,8,True,False,False,2023-12-03,894
REST000689,Restaurant_689,Bangalore,Bangalore_Locality_16,Cafe,South Indian; Cafe,13.0,07:00,22:00,1032,3.7,4038,3.9,2269,3.8,364,Mid-Range,85,85,51,50,18.0,20.0,9,6,152,160,45368,46592,38908,39792,58.0,42.0,Zomato Better,Alcohol; Parking; Outdoor Seating; Dine-in; Dessert Bar; Takeaway; Live Music; AC,8,True,False,True,2018-11-16,2737
REST000690,Restaurant_690,Bangalore,Bangalore_Locality_19,Food Truck,Seafood; Cafe,12.5,12:00,23:00,1969,3.7,2277,4.2,3910,3.95,242,Budget,82,82,47,52,18.0,21.0,6,21,112,127,22225,24279,17633,19072,46.0,54.0,Zomato Better,AC; Bar; WiFi,3,True,True,False,2019-12-09,2349
REST000691,Restaurant_691,Bangalore,Bangalore_Locality_19,QSR (Quick Service),Mexican,14.0,11:00,23:00,404,3.8,2639,3.8,3703,3.8,1270,Luxury,90,90,43,53,22.0,22.0,5,9,180,180,178308,178308,170208,170208,46.0,54.0,Balanced,AC; Outdoor Seating; Dessert Bar; Dine-in,4,True,False,True,2025-03-18,423
REST000692,Restaurant_692,Bangalore,Bangalore_Locality_10,Cafe,Biryani,1.6,11:00,22:00,856,4.0,3315,3.6,3800,3.8,1239,Luxury,30,30,23,25,23.0,20.0,12,7,160,144,152644,142732,150244,140572,46.0,54.0,Swiggy Better,Family Friendly; Smoking Area; Live Music; Takeaway; Vegan Options; Outdoor Seating,6,True,False,False,2018-12-23,2700
REST000693,Restaurant_693,Bangalore,Bangalore_Locality_11,Cafe,North Indian,10.6,11:00,23:00,2202,3.8,1953,3.7,1713,3.75,1442,Luxury,73,73,41,36,19.0,18.0,6,15,178,173,207907,204562,201410,198247,59.0,41.0,Swiggy Better,Parking; WiFi; Live Music; Dine-in; Alcohol; Vegan Options,6,False,True,True,2023-09-03,985
REST000694,Restaurant_694,Bangalore,Bangalore_Locality_19,Casual Dining,South Indian,1.5,07:00,23:00,3479,3.6,2326,4.0,4622,3.8,1460,Luxury,30,30,17,31,21.0,17.0,11,24,239,265,275662,321127,272077,317152,47.0,53.0,Zomato Better,WiFi; Smoking Area; Alcohol; Dessert Bar; AC; Family Friendly,6,False,False,False,2019-11-14,2374
REST000695,Restaurant_695,Bangalore,Bangalore_Locality_14,Food Truck,Street Food; Chinese,12.3,09:00,23:00,1609,4.0,2718,3.9,280,3.95,197,Budget,81,81,45,52,20.0,17.0,22,9,117,114,18439,18640,13700,14023,59.0,41.0,Zomato Better,AC; Vegan Options; Outdoor Seating; Family Friendly; Bar; Takeaway; Private Room,7,False,True,False,2019-11-27,2361
REST000696,Restaurant_696,Bangalore,Bangalore_Locality_12,Casual Dining,Mughlai,9.1,07:00,22:00,2975,3.9,4343,4.1,1329,4.0,1097,Premium,65,65,40,44,23.0,22.0,14,19,247,259,208638,221615,200610,213198,44.0,56.0,Zomato Better,Vegan Options; Private Room; Alcohol; Smoking Area; Parking; Bar; AC,7,False,False,False,2021-08-24,1725
REST000697,Restaurant_697,Bangalore,Bangalore_Locality_10,Casual Dining,Seafood; Desserts,11.3,12:00,23:00,1289,4.2,2511,3.3,1003,3.75,960,Premium,76,76,41,44,21.0,22.0,18,9,222,174,168364,130291,159928,123679,44.0,56.0,Swiggy Better,Family Friendly; WiFi; Live Music; Vegan Options; Private Room; AC; Dessert Bar,7,True,True,True,2024-08-25,628
REST000698,Restaurant_698,Bangalore,Bangalore_Locality_14,Fine Dine,Korean,2.4,10:00,22:00,2991,4.6,4377,4.0,4289,4.3,1343,Luxury,31,31,32,26,13.0,12.0,38,24,194,169,226671,199730,223664,197111,44.0,56.0,Swiggy Better,Dine-in; Bar; Outdoor Seating; Takeaway,4,False,True,False,2020-12-01,1991
REST000699,Restaurant_699,Bangalore,Bangalore_Locality_10,QSR (Quick Service),Thai,9.6,10:00,23:00,3242,3.6,1090,4.6,1039,4.1,226,Budget,68,68,44,45,20.0,19.0,6,24,233,298,42126,54551,34204,44419,51.0,49.0,Zomato Better,Vegan Options; Live Music; Smoking Area; Dine-in; Bar; Outdoor Seating; Parking; Takeaway,8,True,True,False,2024-01-01,865
REST000700,Restaurant_700,Bangalore,Bangalore_Locality_20,QSR (Quick Service),Mediterranean; Thai,6.2,11:00,23:00,1384,3.5,28,3.4,4559,3.45,1031,Premium,51,51,39,37,18.0,17.0,10,13,187,182,158093,155742,153325,151101,56.0,44.0,Swiggy Better,Live Music; WiFi; Bar; Parking; AC,5,False,True,True,2025-05-04,376
REST000701,Restaurant_701,Bangalore,Bangalore_Locality_2,Casual Dining,Japanese,13.3,08:00,22:00,1244,4.1,1121,3.8,284,3.95,659,Mid-Range,86,86,53,56,19.0,21.0,10,9,215,200,114764,104122,105519,95522,43.0,57.0,Swiggy Better,Dessert Bar; Family Friendly; Bar; Vegan Options,4,False,False,True,2017-07-11,3230
REST000702,Restaurant_702,Bangalore,Bangalore_Locality_11,Fine Dine,Japanese; Lebanese,10.8,11:00,23:00,606,3.6,420,4.4,1263,4.0,1489,Luxury,74,74,52,50,17.0,12.0,9,16,116,142,143360,186065,139068,180811,47.0,53.0,Zomato Better,WiFi; Live Music; Parking,3,True,True,False,2023-09-23,965
REST000703,Restaurant_703,Bangalore,Bangalore_Locality_18,Fine Dine,Fast Food,9.3,10:00,23:00,1178,3.8,2768,4.4,1316,4.1,557,Mid-Range,66,66,45,49,17.0,12.0,5,14,132,153,61024,74994,56668,69945,42.0,58.0,Zomato Better,AC; Vegan Options; Takeaway; Live Music; Bar,5,True,True,True,2026-01-16,119
REST000704,Restaurant_704,Bangalore,Bangalore_Locality_15,Casual Dining,Desserts,1.5,07:00,23:00,2865,4.1,97,3.6,3594,3.85,1024,Premium,30,30,31,32,22.0,19.0,5,7,256,225,204472,186624,200632,183249,49.0,51.0,Swiggy Better,Dessert Bar; Parking; Live Music; Dine-in; Takeaway,5,True,True,False,2018-01-18,3039
REST000705,Restaurant_705,Bangalore,Bangalore_Locality_7,Cloud Kitchen,Fast Food,4.4,08:00,22:00,3275,4.2,567,4.2,4773,4.2,183,Budget,42,42,40,38,26.0,23.0,11,21,365,365,49428,51432,41763,43767,74.0,26.0,Zomato Better,Family Friendly; Private Room; Bar,3,False,False,False,2018-11-18,2735
REST000706,Restaurant_706,Bangalore,Bangalore_Locality_16,Cafe,Italian; Multi-Cuisine,5.2,10:00,22:00,1096,3.5,1508,3.5,2170,3.5,252,Budget,46,46,30,40,22.0,20.0,15,12,144,144,28304,29030,24992,25718,50.0,50.0,Zomato Better,Outdoor Seating; Parking; Alcohol; Takeaway; Smoking Area; Dessert Bar; Private Room; Dine-in,8,False,False,False,2021-11-13,1644
REST000707,Restaurant_707,Bangalore,Bangalore_Locality_8,Cafe,Desserts; Continental,7.5,08:00,23:00,2599,3.1,1536,3.6,826,3.35,416,Mid-Range,57,57,52,47,20.0,20.0,8,10,151,175,50252,58240,45949,53252,47.0,53.0,Zomato Better,Alcohol; AC; Rooftop; Bar; Vegan Options; Dine-in; Takeaway; Family Friendly,8,True,False,True,2023-01-08,1223
REST000708,Restaurant_708,Bangalore,Bangalore_Locality_12,Cafe,Cafe,2.0,11:00,23:00,2567,3.9,2617,3.8,906,3.85,1161,Premium,30,30,31,30,23.0,21.0,8,8,189,184,168960,168762,166125,166002,63.0,37.0,Swiggy Better,Family Friendly; Outdoor Seating; Private Room; Dine-in; Parking; WiFi; Rooftop,7,True,True,True,2022-01-28,1568
REST000709,Restaurant_709,Bangalore,Bangalore_Locality_9,Cloud Kitchen,Biryani,9.1,10:00,22:00,2676,4.6,22,3.6,4430,4.1,550,Mid-Range,65,65,44,47,27.0,27.0,9,13,377,295,151365,118442,139113,108855,61.0,39.0,Swiggy Better,Family Friendly; Alcohol; Vegan Options; Rooftop; Parking; Dine-in; WiFi,7,False,True,True,2017-04-08,3324
REST000710,Restaurant_710,Bangalore,Bangalore_Locality_17,Fine Dine,Pan-Asian; Mediterranean,10.4,11:00,23:00,322,4.2,4080,4.6,2118,4.4,1427,Luxury,72,72,44,42,16.0,13.0,20,33,131,144,157027,178774,152311,173590,46.0,54.0,Zomato Better,WiFi; Outdoor Seating; Family Friendly; Rooftop,4,False,False,True,2017-05-17,3285
REST000711,Restaurant_711,Bangalore,Bangalore_Locality_1,Casual Dining,Pan-Asian,6.6,09:00,22:00,1665,4.3,237,4.4,3031,4.35,1322,Luxury,53,53,37,35,18.0,19.0,23,16,237,243,256917,260209,250636,253769,49.0,51.0,Zomato Better,Outdoor Seating; Vegan Options; Parking,3,False,False,False,2023-09-06,982
REST000712,Restaurant_712,Bangalore,Bangalore_Locality_14,Casual Dining,Street Food; Continental,3.0,12:00,23:00,2579,3.5,360,3.1,3544,3.3,922,Premium,35,35,37,34,17.0,21.0,10,6,213,188,163000,136935,159272,133645,49.0,51.0,Swiggy Better,Live Music; Bar; Takeaway; Smoking Area,4,True,True,True,2023-03-26,1146
REST000713,Restaurant_713,Bangalore,Bangalore_Locality_3,Cafe,Fast Food,3.1,07:00,22:00,651,4.1,2435,3.6,4199,3.85,380,Mid-Range,35,35,29,25,20.0,20.0,22,9,160,141,48640,42864,45840,40396,62.0,38.0,Swiggy Better,Takeaway; Rooftop; Vegan Options,3,True,False,True,2023-05-08,1103
REST000714,Restaurant_714,Bangalore,Bangalore_Locality_1,Cloud Kitchen,Seafood; Continental,1.1,08:00,23:00,1620,3.5,2013,4.2,2579,3.85,1216,Luxury,30,30,23,34,24.0,28.0,11,19,256,307,236584,268784,232744,264179,63.0,37.0,Zomato Better,Takeaway; Vegan Options; AC; Bar; Outdoor Seating; Live Music; WiFi; Dessert Bar,8,True,True,False,2018-04-09,2958
REST000715,Restaurant_715,Bangalore,Bangalore_Locality_6,Casual Dining,Fast Food,0.7,07:00,22:00,2856,3.9,4367,4.5,1787,4.2,380,Mid-Range,30,30,25,32,22.0,22.0,6,22,244,281,72321,83288,68661,79073,48.0,52.0,Zomato Better,Private Room; Vegan Options; Family Friendly; Outdoor Seating; AC; Smoking Area,6,False,True,True,2018-12-24,2699
REST000716,Restaurant_716,Bangalore,Bangalore_Locality_18,Food Truck,Bakery,0.8,10:00,23:00,928,3.4,1387,4.4,27,3.9,277,Budget,30,30,38,26,20.0,18.0,11,8,91,119,20165,27029,18800,25244,60.0,40.0,Zomato Better,Dine-in; Parking; Dessert Bar,3,True,False,True,2017-03-17,3346
REST000717,Restaurant_717,Bangalore,Bangalore_Locality_18,QSR (Quick Service),Cafe; Cafe,10.8,11:00,22:00,1485,4.7,1410,3.7,4634,4.2,1402,Luxury,74,74,51,48,20.0,22.0,33,8,254,200,284886,218712,275488,211312,56.0,44.0,Swiggy Better,Outdoor Seating; Private Room; Alcohol; Live Music,4,False,True,False,2023-11-19,908
REST000718,Restaurant_718,Bangalore,Bangalore_Locality_4,Cloud Kitchen,Chinese,13.3,10:00,22:00,2251,3.8,3565,4.1,4533,3.95,774,Premium,86,86,53,51,23.0,26.0,7,16,298,321,177602,183855,164788,170052,74.0,26.0,Zomato Better,Bar; Vegan Options; Outdoor Seating; Takeaway,4,True,False,False,2024-03-11,795
REST000719,Restaurant_719,Bangalore,Bangalore_Locality_17,Cafe,Vietnamese; Chinese,7.4,12:00,22:00,2930,3.3,4048,4.5,3169,3.9,344,Mid-Range,57,57,36,35,19.0,20.0,5,40,166,227,46254,62470,41523,56000,58.0,42.0,Zomato Better,Alcohol; Takeaway; Dessert Bar; WiFi; Live Music; Private Room; Outdoor Seating,7,False,False,True,2021-09-10,1708
REST000720,Restaurant_720,Bangalore,Bangalore_Locality_19,Cloud Kitchen,Thai; Pan-Asian,6.6,11:00,22:00,3524,3.7,4085,3.9,1469,3.8,184,Budget,53,53,47,37,24.0,24.0,11,13,329,346,46007,48384,37288,39215,58.0,42.0,Zomato Better,Rooftop; Outdoor Seating; Vegan Options; Parking; Smoking Area; Takeaway,6,True,False,True,2021-04-06,1865
REST000721,Restaurant_721,Bangalore,Bangalore_Locality_19,QSR (Quick Service),Vietnamese,13.4,09:00,23:00,695,4.1,3574,4.3,83,4.2,1060,Premium,87,87,51,41,21.0,20.0,25,7,202,211,169154,178928,160367,169749,57.0,43.0,Zomato Better,AC; Smoking Area; Vegan Options; WiFi; Takeaway; Family Friendly; Private Room,7,False,True,True,2019-12-25,2333
REST000722,Restaurant_722,Bangalore,Bangalore_Locality_16,Food Truck,Vietnamese,4.2,12:00,23:00,1471,3.9,4180,4.1,1595,4.0,1395,Luxury,41,41,36,24,20.0,19.0,12,20,112,118,124992,133334,122696,130915,47.0,53.0,Zomato Better,AC; Bar; Vegan Options; Alcohol,4,True,False,True,2023-01-02,1229
REST000723,Restaurant_723,Bangalore,Bangalore_Locality_20,QSR (Quick Service),Seafood,2.9,11:00,23:00,2651,4.3,1410,3.7,978,4.0,214,Budget,34,34,32,33,19.0,19.0,11,5,263,226,45588,39174,41117,35332,54.0,46.0,Swiggy Better,Outdoor Seating; WiFi; Alcohol; Private Room; Parking; Rooftop; Takeaway,7,True,True,True,2020-01-19,2308
REST000724,Restaurant_724,Bangalore,Bangalore_Locality_10,Cafe,South Indian,10.2,11:00,22:00,2245,3.5,2155,3.6,878,3.55,1283,Luxury,71,71,37,57,18.0,23.0,10,5,164,169,172537,166956,166715,160957,50.0,50.0,Swiggy Better,Dine-in; Live Music; Smoking Area,3,False,False,False,2017-10-07,3142
REST000725,Restaurant_725,Bangalore,Bangalore_Locality_12,Fine Dine,Korean; Vietnamese,9.9,09:00,23:00,100,3.9,4641,4.5,1579,4.2,1047,Premium,69,69,52,43,14.0,15.0,5,36,118,136,106249,121033,102178,116341,53.0,47.0,Zomato Better,Smoking Area; Bar; Dine-in; Dessert Bar; Takeaway; Alcohol,6,False,True,True,2021-08-22,1727
REST000726,Restaurant_726,Bangalore,Bangalore_Locality_14,Fine Dine,Italian; Bakery,5.9,07:00,22:00,2847,4.1,2492,4.9,2074,4.5,419,Mid-Range,49,49,27,29,14.0,14.0,23,37,170,204,61257,73509,57092,68511,46.0,54.0,Zomato Better,Private Room; Parking; Outdoor Seating; WiFi; Dine-in; AC,6,True,True,False,2024-12-23,508
REST000727,Restaurant_727,Bangalore,Bangalore_Locality_16,QSR (Quick Service),Vietnamese,2.5,08:00,22:00,1772,4.2,4998,3.9,74,4.05,829,Premium,32,32,31,41,19.0,22.0,18,12,234,218,157128,140963,153384,137475,58.0,42.0,Swiggy Better,Family Friendly; AC; WiFi; Alcohol; Rooftop,5,False,False,True,2019-08-04,2476
REST000728,Restaurant_728,Bangalore,Bangalore_Locality_4,Food Truck,Mexican,12.8,08:00,22:00,3379,3.8,680,4.4,1133,4.1,738,Premium,84,84,48,54,21.0,22.0,14,11,133,154,77541,88648,71955,82180,47.0,53.0,Zomato Better,Bar; Live Music; AC,3,True,True,True,2025-04-06,404
REST000729,Restaurant_729,Bangalore,Bangalore_Locality_5,Cafe,Multi-Cuisine,9.7,10:00,22:00,1927,3.7,4479,4.1,2028,3.9,1414,Luxury,68,68,41,48,20.0,18.0,14,19,168,186,190041,215663,184329,209339,59.0,41.0,Zomato Better,Dessert Bar; Private Room; Parking; Outdoor Seating,4,False,True,True,2021-09-25,1693
REST000730,Restaurant_730,Bangalore,Bangalore_Locality_20,Food Truck,Mughlai,1.7,07:00,23:00,302,4.4,396,3.8,2985,4.1,781,Premium,30,30,25,26,19.0,18.0,21,15,109,94,68954,60199,67319,58789,54.0,46.0,Swiggy Better,Parking; Rooftop; Outdoor Seating; WiFi,4,False,False,False,2025-01-11,489
REST000731,Restaurant_731,Bangalore,Bangalore_Locality_19,Fine Dine,Pan-Asian,7.2,09:00,22:00,1094,4.3,4192,4.1,4387,4.2,212,Budget,56,56,39,41,12.0,17.0,16,17,148,141,27610,24810,23466,20862,43.0,57.0,Swiggy Better,Alcohol; Vegan Options; Outdoor Seating; AC; Dine-in; Smoking Area; Family Friendly; Rooftop,8,True,False,True,2017-05-19,3283
REST000732,Restaurant_732,Bangalore,Bangalore_Locality_1,Cloud Kitchen,Japanese,4.6,10:00,22:00,2302,3.9,1497,4.1,1011,4.0,1061,Premium,42,42,32,29,23.0,24.0,8,25,307,323,250809,260454,244362,253671,72.0,28.0,Zomato Better,Dine-in; Takeaway; Alcohol; Vegan Options; Private Room; Parking; AC,7,False,True,False,2023-01-03,1228
REST000733,Restaurant_733,Bangalore,Bangalore_Locality_16,Cloud Kitchen,Multi-Cuisine,6.9,08:00,23:00,1581,3.9,2552,3.9,1848,3.9,579,Mid-Range,54,54,39,36,24.0,24.0,11,9,284,284,124971,124971,117303,117303,67.0,33.0,Balanced,Dine-in; Vegan Options; Private Room; Rooftop; Bar,5,True,True,True,2025-01-11,489
REST000734,Restaurant_734,Bangalore,Bangalore_Locality_16,Food Truck,Vietnamese,3.8,11:00,22:00,99,4.3,2798,3.5,1351,3.9,344,Mid-Range,39,39,30,26,20.0,22.0,15,15,104,85,28620,22807,26592,21149,53.0,47.0,Swiggy Better,AC; WiFi; Bar; Alcohol; Rooftop,5,False,False,False,2019-10-02,2417
REST000735,Restaurant_735,Bangalore,Bangalore_Locality_12,Cloud Kitchen,Fast Food,12.4,09:00,23:00,2038,4.0,4256,3.8,920,3.9,1363,Luxury,82,82,52,50,26.0,26.0,12,7,307,291,309646,293508,297059,281577,64.0,36.0,Swiggy Better,Alcohol; Smoking Area; Live Music; Dessert Bar; Vegan Options,5,False,True,True,2021-02-08,1922
REST000736,Restaurant_736,Bangalore,Bangalore_Locality_9,QSR (Quick Service),Korean,13.9,07:00,23:00,3351,4.1,4076,3.7,1319,3.9,1221,Luxury,89,89,66,52,18.0,18.0,10,8,269,242,269328,242295,257357,231526,47.0,53.0,Swiggy Better,Alcohol; Parking; Rooftop; AC; Smoking Area; Takeaway; Vegan Options,7,True,False,True,2016-12-06,3447
REST000737,Restaurant_737,Bangalore,Bangalore_Locality_1,QSR (Quick Service),Mughlai,11.2,12:00,22:00,2558,4.2,4737,3.6,394,3.9,908,Premium,76,76,44,53,20.0,18.0,21,6,255,218,185232,162314,175542,154030,54.0,46.0,Swiggy Better,Private Room; Dessert Bar; Parking; Bar; Alcohol; Smoking Area; Dine-in; Family Friendly,8,True,False,True,2024-02-06,829
REST000738,Restaurant_738,Bangalore,Bangalore_Locality_4,Cafe,Mediterranean,2.3,11:00,22:00,1017,5.0,4373,4.1,1039,4.55,1324,Luxury,31,31,33,29,19.0,18.0,33,11,205,168,219850,182394,216672,179790,58.0,42.0,Swiggy Better,Dine-in; Bar; Alcohol; Parking; Rooftop; Takeaway; Dessert Bar,7,True,True,False,2023-02-10,1190
REST000739,Restaurant_739,Bangalore,Bangalore_Locality_15,Fine Dine,Continental,3.5,09:00,23:00,315,4.2,1155,4.6,3613,4.4,311,Mid-Range,37,37,32,36,14.0,13.0,21,27,131,143,35037,38691,32613,36046,51.0,49.0,Zomato Better,Dine-in; Bar; Smoking Area; Dessert Bar; Parking; Alcohol; Private Room,7,False,True,False,2022-03-05,1532
REST000740,Restaurant_740,Bangalore,Bangalore_Locality_11,Cloud Kitchen,Biryani,13.0,10:00,22:00,3390,3.6,2935,3.7,2850,3.65,386,Mid-Range,85,85,54,53,26.0,22.0,7,13,316,325,90262,97851,76832,84038,63.0,37.0,Zomato Better,Family Friendly; Smoking Area; Outdoor Seating; Private Room,4,True,True,False,2020-03-06,2261
REST000741,Restaurant_741,Bangalore,Bangalore_Locality_11,Cafe,Mediterranean,13.8,08:00,22:00,1238,3.8,572,4.2,3386,4.0,306,Mid-Range,89,89,54,53,20.0,23.0,15,16,159,176,38923,41469,31847,33637,65.0,35.0,Zomato Better,Alcohol; Private Room; Dessert Bar; WiFi; AC,5,False,True,True,2022-02-06,1559
REST000742,Restaurant_742,Bangalore,Bangalore_Locality_1,Fine Dine,Bakery; Japanese,2.5,07:00,23:00,906,4.3,3468,4.3,1110,4.3,1192,Premium,32,32,32,27,14.0,13.0,17,20,145,145,148642,150370,146322,148050,44.0,56.0,Zomato Better,Smoking Area; Dine-in; Vegan Options; AC,4,True,False,False,2020-09-25,2058
REST000743,Restaurant_743,Bangalore,Bangalore_Locality_1,QSR (Quick Service),Biryani; Lebanese,8.8,11:00,23:00,739,4.4,2218,3.8,2630,4.1,868,Premium,64,64,48,47,22.0,20.0,24,7,218,188,147594,130547,140618,124531,62.0,38.0,Swiggy Better,Takeaway; Family Friendly; WiFi; Live Music; Dine-in; AC,6,True,True,False,2017-10-17,3132
REST000744,Restaurant_744,Bangalore,Bangalore_Locality_7,QSR (Quick Service),South Indian,9.1,11:00,22:00,3142,3.7,3859,4.0,3640,3.85,1485,Luxury,65,65,42,30,18.0,19.0,12,24,238,257,289812,309132,282077,300779,49.0,51.0,Zomato Better,Private Room; WiFi; Takeaway,3,True,True,True,2019-07-03,2508
REST000745,Restaurant_745,Bangalore,Bangalore_Locality_7,Food Truck,Italian; Pan-Asian,7.9,10:00,22:00,2638,4.1,1101,4.2,2866,4.15,691,Mid-Range,59,59,43,27,17.0,22.0,17,12,133,137,76279,73840,72355,69798,63.0,37.0,Swiggy Better,Dine-in; Bar; Dessert Bar; Parking; Family Friendly; Rooftop; Outdoor Seating,7,True,False,False,2017-10-15,3134
REST000746,Restaurant_746,Bangalore,Bangalore_Locality_16,Fine Dine,North Indian,10.5,12:00,23:00,3465,4.2,2227,4.2,3051,4.2,641,Mid-Range,72,72,49,39,15.0,16.0,13,14,185,185,100797,99611,94137,92951,41.0,59.0,Swiggy Better,Rooftop; WiFi; Alcohol; Family Friendly,4,True,False,False,2024-08-05,648
REST000747,Restaurant_747,Bangalore,Bangalore_Locality_6,QSR (Quick Service),Korean,3.1,10:00,23:00,350,4.1,124,3.8,2181,3.95,1472,Luxury,35,35,29,28,20.0,21.0,5,8,193,179,227276,208155,223899,205023,47.0,53.0,Swiggy Better,AC; Alcohol; Smoking Area; Takeaway; Rooftop,5,True,True,True,2020-12-17,1975
REST000748,Restaurant_748,Bangalore,Bangalore_Locality_6,Casual Dining,Japanese,1.3,07:00,22:00,650,3.4,1946,3.6,3212,3.5,998,Premium,30,30,27,25,19.0,20.0,5,5,166,176,134191,140518,131701,137878,45.0,55.0,Zomato Better,Family Friendly; Smoking Area; Vegan Options; Parking; Dine-in,5,True,True,True,2020-09-26,2057
REST000749,Restaurant_749,Bangalore,Bangalore_Locality_1,Casual Dining,Mughlai; Korean,0.9,08:00,23:00,1919,4.6,293,4.4,3708,4.5,501,Mid-Range,30,30,28,28,19.0,17.0,25,12,261,250,105916,103957,102001,100207,48.0,52.0,Swiggy Better,AC; Family Friendly; Outdoor Seating; Rooftop; Takeaway; Dine-in; WiFi; Parking,8,False,False,True,2017-05-27,3275
REST000750,Restaurant_750,Bangalore,Bangalore_Locality_18,Cloud Kitchen,Italian,12.2,10:00,22:00,310,3.7,3344,4.1,450,3.9,446,Mid-Range,81,81,53,41,27.0,27.0,7,21,231,256,75208,83348,65853,72980,61.0,39.0,Zomato Better,Takeaway; Dessert Bar; AC; Dine-in,4,True,False,True,2024-04-04,771
REST000751,Restaurant_751,Bangalore,Bangalore_Locality_1,Food Truck,Desserts; Continental,9.0,12:00,23:00,1279,4.1,1486,3.6,3088,3.85,1413,Luxury,65,65,50,44,21.0,19.0,17,7,115,101,128371,115597,124633,112315,53.0,47.0,Swiggy Better,AC; Takeaway; Dessert Bar; Family Friendly; Vegan Options; WiFi,6,True,True,False,2023-04-04,1137
REST000752,Restaurant_752,Bangalore,Bangalore_Locality_12,Cafe,Pan-Asian,2.1,08:00,22:00,181,4.5,2628,4.4,4409,4.45,1340,Luxury,30,30,31,28,20.0,19.0,29,23,166,162,177952,175834,175462,173404,61.0,39.0,Swiggy Better,Family Friendly; Alcohol; AC; Private Room; Dessert Bar,5,False,True,False,2023-11-21,906
REST000753,Restaurant_753,Bangalore,Bangalore_Locality_17,Cloud Kitchen,South Indian; Thai,4.4,09:00,22:00,1898,3.7,4576,4.0,735,3.85,1306,Luxury,42,42,34,34,27.0,23.0,11,19,279,302,265993,303697,260134,297355,61.0,39.0,Zomato Better,Dine-in; AC; Vegan Options,3,True,False,True,2019-06-21,2520
REST000754,Restaurant_754,Bangalore,Bangalore_Locality_18,Casual Dining,Mughlai; Desserts,4.4,09:00,23:00,1820,4.1,1302,4.0,970,4.05,608,Mid-Range,42,42,28,31,20.0,18.0,10,15,230,224,111872,111677,107042,106973,45.0,55.0,Swiggy Better,Outdoor Seating; Live Music; Bar,3,False,True,True,2016-07-28,3578
REST000755,Restaurant_755,Bangalore,Bangalore_Locality_7,QSR (Quick Service),Mughlai,11.5,07:00,22:00,38,4.5,2047,4.1,2399,4.3,975,Premium,77,77,41,49,17.0,20.0,38,12,203,185,164277,144300,156462,137177,57.0,43.0,Swiggy Better,WiFi; Takeaway; AC,3,True,True,True,2019-10-15,2404
REST000756,Restaurant_756,Bangalore,Bangalore_Locality_5,Cloud Kitchen,Korean; Lebanese,12.4,12:00,23:00,598,4.1,4777,4.4,4367,4.25,1332,Luxury,82,82,48,41,24.0,25.0,20,19,266,285,269277,284715,258371,273030,67.0,33.0,Zomato Better,Private Room; Takeaway; Alcohol; AC; Family Friendly; WiFi; Bar,7,True,True,True,2025-09-20,237
REST000757,Restaurant_757,Bangalore,Bangalore_Locality_8,Food Truck,Korean,4.1,07:00,22:00,516,4.2,797,4.0,4297,4.1,324,Mid-Range,40,40,30,39,19.0,19.0,14,19,107,102,28081,26768,25941,24728,56.0,44.0,Swiggy Better,Dine-in; Live Music; Dessert Bar; WiFi,4,True,True,True,2022-03-21,1516
REST000758,Restaurant_758,Bangalore,Bangalore_Locality_14,QSR (Quick Service),Cafe,0.9,10:00,23:00,1347,3.8,2249,4.8,3323,4.3,1034,Premium,30,30,19,29,20.0,19.0,15,20,202,255,167094,213572,164064,209747,47.0,53.0,Zomato Better,Bar; Rooftop; Alcohol; Takeaway,4,True,True,True,2018-12-20,2703
REST000759,Restaurant_759,Bangalore,Bangalore_Locality_10,Food Truck,Street Food,14.5,10:00,22:00,641,4.4,583,4.1,4080,4.25,686,Mid-Range,92,92,49,43,22.0,19.0,16,23,114,107,60999,59455,55755,54533,54.0,46.0,Swiggy Better,Outdoor Seating; Live Music; Parking; Family Friendly; Dine-in,5,True,False,True,2025-04-23,387
REST000760,Restaurant_760,Bangalore,Bangalore_Locality_5,Food Truck,Italian; Japanese,8.5,07:00,22:00,1389,3.6,1457,3.1,2691,3.35,858,Premium,62,62,38,40,19.0,22.0,5,12,102,88,70887,58893,67725,56165,62.0,38.0,Swiggy Better,Outdoor Seating; Live Music; Dine-in; WiFi; AC; Dessert Bar; Rooftop,7,True,True,True,2024-11-08,553
REST000761,Restaurant_761,Bangalore,Bangalore_Locality_1,Food Truck,Continental,1.8,12:00,22:00,3630,4.3,4661,4.8,3509,4.55,290,Budget,30,30,27,30,19.0,20.0,21,20,154,172,36174,39904,33864,37324,58.0,42.0,Zomato Better,Bar; AC; Private Room; Parking; Live Music; WiFi,6,False,False,True,2018-02-25,3001
REST000762,Restaurant_762,Bangalore,Bangalore_Locality_5,QSR (Quick Service),Lebanese,14.7,08:00,23:00,1746,3.2,887,4.7,731,3.95,831,Premium,93,93,54,59,22.0,23.0,9,35,178,262,115376,167645,107099,155462,59.0,41.0,Zomato Better,WiFi; Live Music; Parking; Alcohol,4,False,True,False,2020-10-12,2041
REST000763,Restaurant_763,Bangalore,Bangalore_Locality_11,Food Truck,Fast Food,11.5,12:00,22:00,3099,4.3,1511,3.5,3239,3.9,1077,Premium,77,77,53,47,21.0,19.0,21,11,147,119,125072,103812,119412,99230,62.0,38.0,Swiggy Better,Private Room; Outdoor Seating; WiFi; Takeaway,4,False,False,False,2016-09-23,3521
REST000764,Restaurant_764,Bangalore,Bangalore_Locality_16,Food Truck,Desserts; Seafood,7.3,12:00,22:00,359,3.5,2972,3.7,133,3.6,224,Budget,56,56,29,45,19.0,20.0,9,7,88,93,15966,16665,13502,14061,61.0,39.0,Zomato Better,Live Music; Parking; WiFi; Smoking Area,4,False,True,False,2022-11-04,1288
REST000765,Restaurant_765,Bangalore,Bangalore_Locality_4,Cafe,Mediterranean,2.7,12:00,23:00,1407,4.3,2928,3.5,1350,3.9,880,Premium,33,33,30,39,19.0,21.0,19,15,184,150,131155,104280,128119,101805,45.0,55.0,Swiggy Better,Rooftop; Takeaway; Private Room,3,False,True,True,2020-02-27,2269
REST000766,Restaurant_766,Bangalore,Bangalore_Locality_1,Food Truck,Continental,12.9,08:00,23:00,1787,4.1,2365,4.6,4109,4.35,1179,Premium,84,84,53,43,19.0,22.0,10,32,122,137,116508,125987,111384,120233,56.0,44.0,Zomato Better,WiFi; Private Room; Rooftop; Dine-in; Parking; Takeaway,6,True,True,True,2024-04-01,774
REST000767,Restaurant_767,Bangalore,Bangalore_Locality_9,Casual Dining,Pan-Asian,1.7,08:00,22:00,3004,4.1,3298,3.8,427,3.95,786,Premium,30,30,19,20,22.0,18.0,14,6,260,241,159400,155329,155500,151714,46.0,54.0,Swiggy Better,Bar; Dessert Bar; Alcohol; AC; Dine-in; Private Room; Live Music; Outdoor Seating,8,True,True,False,2025-02-09,460
REST000768,Restaurant_768,Bangalore,Bangalore_Locality_3,Food Truck,Korean; South Indian,1.8,07:00,22:00,1160,4.2,3899,4.9,966,4.55,642,Mid-Range,30,30,34,33,21.0,20.0,23,21,116,136,58832,69849,57092,67809,60.0,40.0,Zomato Better,Takeaway; Dessert Bar; Rooftop; AC; Outdoor Seating; Parking; Dine-in; WiFi,8,True,False,False,2016-10-22,3492
REST000769,Restaurant_769,Bangalore,Bangalore_Locality_4,Food Truck,Mughlai; North Indian,1.6,09:00,22:00,1822,3.9,987,4.2,195,4.05,1117,Premium,30,30,33,25,22.0,20.0,5,12,116,125,101066,111700,99326,109825,59.0,41.0,Zomato Better,Rooftop; Family Friendly; Vegan Options; Dine-in,4,True,False,False,2025-01-12,488
REST000770,Restaurant_770,Bangalore,Bangalore_Locality_17,Fine Dine,Mexican,2.1,10:00,22:00,2551,4.2,4890,4.2,4827,4.2,1447,Luxury,30,30,32,28,13.0,13.0,20,17,170,170,214011,214011,211461,211461,47.0,53.0,Balanced,Family Friendly; AC; Alcohol,3,True,True,False,2024-03-31,775
REST000771,Restaurant_771,Bangalore,Bangalore_Locality_12,Food Truck,North Indian; Japanese,11.9,11:00,22:00,1936,4.6,2411,4.1,1600,4.35,426,Mid-Range,79,79,49,53,23.0,18.0,38,11,139,124,45594,43315,40104,38417,49.0,51.0,Swiggy Better,Vegan Options; Dessert Bar; Rooftop; AC; Alcohol; Parking,6,False,False,False,2021-10-27,1661
REST000772,Restaurant_772,Bangalore,Bangalore_Locality_12,Fine Dine,Mediterranean; Biryani,1.5,12:00,22:00,2568,4.0,2997,4.8,1173,4.4,333,Mid-Range,30,30,24,35,17.0,17.0,22,22,162,194,44775,53619,42345,50709,53.0,47.0,Zomato Better,Family Friendly; Dine-in; Live Music,3,True,False,False,2025-10-07,220
REST000773,Restaurant_773,Bangalore,Bangalore_Locality_20,Casual Dining,Seafood; Italian,8.3,11:00,22:00,939,3.8,4133,4.8,550,4.3,601,Mid-Range,61,61,45,42,20.0,22.0,6,20,192,243,92313,113913,86457,106502,42.0,58.0,Zomato Better,Private Room; Live Music; Dine-in; Outdoor Seating; Takeaway,5,False,True,False,2022-01-22,1574
REST000774,Restaurant_774,Bangalore,Bangalore_Locality_13,Cafe,Pan-Asian; Japanese,10.6,12:00,22:00,1685,4.1,2713,4.8,1916,4.45,784,Premium,73,73,44,45,22.0,22.0,18,35,181,212,110685,129642,104078,121904,52.0,48.0,Zomato Better,WiFi; Rooftop; Outdoor Seating; Family Friendly; Alcohol; Vegan Options,6,False,True,False,2022-09-13,1340
REST000775,Restaurant_775,Bangalore,Bangalore_Locality_4,Casual Dining,Japanese,2.5,07:00,23:00,3185,4.3,816,3.8,1107,4.05,629,Mid-Range,32,32,22,25,18.0,19.0,14,11,277,245,142871,124825,138439,120905,47.0,53.0,Swiggy Better,Dine-in; Rooftop; Dessert Bar; Vegan Options; Family Friendly; Outdoor Seating; Live Music; AC,8,True,True,False,2022-12-22,1240
REST000776,Restaurant_776,Bangalore,Bangalore_Locality_15,Cloud Kitchen,Pan-Asian; Mexican,7.3,09:00,22:00,180,3.9,1677,4.0,510,3.95,1174,Premium,56,56,34,40,27.0,25.0,15,17,239,245,204827,215722,198135,208862,71.0,29.0,Zomato Better,Dessert Bar; Bar; Dine-in; Live Music; Takeaway; Family Friendly,6,False,False,True,2023-09-24,964
REST000777,Restaurant_777,Bangalore,Bangalore_Locality_3,Casual Dining,Street Food,12.7,09:00,23:00,2091,3.8,1337,3.7,4619,3.75,503,Mid-Range,83,83,46,57,20.0,23.0,12,7,219,214,88125,82884,79037,74003,46.0,54.0,Swiggy Better,Alcohol; Private Room; WiFi; Dine-in; Family Friendly; AC; Vegan Options,7,False,True,False,2026-03-04,72
REST000778,Restaurant_778,Bangalore,Bangalore_Locality_16,Cafe,Mediterranean; Continental,14.2,12:00,22:00,3551,4.3,4503,3.9,3294,4.1,1124,Premium,91,91,51,54,18.0,20.0,25,14,230,208,211986,187033,201521,177569,57.0,43.0,Swiggy Better,AC; Dessert Bar; Bar,3,True,False,False,2020-06-28,2147
REST000779,Restaurant_779,Bangalore,Bangalore_Locality_2,Food Truck,Biryani,10.6,09:00,22:00,3225,4.0,218,4.4,4309,4.2,1386,Luxury,73,73,46,40,21.0,23.0,20,24,138,152,151101,162217,146064,156669,57.0,43.0,Zomato Better,WiFi; Rooftop; Dine-in; Parking; Live Music; Bar,6,False,False,False,2025-08-22,266
REST000780,Restaurant_780,Bangalore,Bangalore_Locality_11,Food Truck,Vietnamese; Multi-Cuisine,5.5,10:00,22:00,680,3.3,1986,3.6,4326,3.45,681,Mid-Range,47,47,37,38,19.0,22.0,12,8,86,94,47438,49930,45417,47721,49.0,51.0,Zomato Better,Dine-in; Bar; Outdoor Seating; Rooftop,4,True,False,True,2025-02-16,453
REST000781,Restaurant_781,Bangalore,Bangalore_Locality_16,Fine Dine,Street Food; Lebanese,6.7,10:00,22:00,524,3.9,2422,4.1,1301,4.0,1413,Luxury,53,53,41,35,17.0,14.0,13,17,125,131,146598,159188,143286,155717,44.0,56.0,Zomato Better,Parking; Outdoor Seating; Takeaway,3,False,True,True,2023-12-18,879
REST000782,Restaurant_782,Bangalore,Bangalore_Locality_19,Casual Dining,North Indian; Mexican,12.0,07:00,23:00,86,4.2,4068,4.4,644,4.3,274,Budget,80,80,48,49,20.0,22.0,10,16,191,200,41867,42744,34227,34744,41.0,59.0,Zomato Better,AC; Live Music; Family Friendly,3,True,False,True,2018-08-09,2836
REST000783,Restaurant_783,Bangalore,Bangalore_Locality_7,Fine Dine,Seafood,3.2,10:00,22:00,3450,4.0,4741,4.3,1843,4.15,381,Mid-Range,36,36,34,27,17.0,15.0,17,10,176,189,55656,61207,52488,57805,48.0,52.0,Zomato Better,Live Music; Vegan Options; Dine-in; Bar; AC; Parking; WiFi,7,True,True,False,2016-05-29,3638
REST000784,Restaurant_784,Bangalore,Bangalore_Locality_11,Food Truck,Vietnamese; Japanese,2.1,08:00,22:00,2502,4.4,4050,4.4,1486,4.4,1257,Luxury,30,30,31,26,22.0,18.0,11,19,141,141,138244,145334,136129,143219,56.0,44.0,Zomato Better,Private Room; AC; Dine-in; Outdoor Seating; Smoking Area; Dessert Bar; Family Friendly,7,False,False,True,2017-01-17,3405
REST000785,Restaurant_785,Bangalore,Bangalore_Locality_10,Cloud Kitchen,Fast Food,5.7,11:00,23:00,871,3.9,4813,4.7,3070,4.3,197,Budget,48,48,36,36,25.0,27.0,11,35,261,315,38562,45300,32298,37740,72.0,28.0,Zomato Better,Rooftop; AC; Dine-in; Outdoor Seating; Smoking Area,5,True,True,True,2019-12-14,2344
REST000786,Restaurant_786,Bangalore,Bangalore_Locality_3,Food Truck,South Indian,13.6,09:00,22:00,3211,3.8,4451,3.8,4699,3.8,220,Budget,88,88,49,50,23.0,18.0,7,5,131,131,22191,23632,16427,17868,48.0,52.0,Zomato Better,Live Music; Parking; Takeaway; Dine-in,4,True,False,False,2018-12-23,2700
REST000787,Restaurant_787,Bangalore,Bangalore_Locality_8,QSR (Quick Service),South Indian,14.8,09:00,22:00,1191,4.1,4141,4.4,4551,4.25,1297,Luxury,94,94,52,63,22.0,18.0,15,19,214,230,216495,244614,206437,233804,57.0,43.0,Zomato Better,AC; Outdoor Seating; Vegan Options; Smoking Area,4,True,True,True,2017-03-08,3355
REST000788,Restaurant_788,Bangalore,Bangalore_Locality_8,QSR (Quick Service),Korean; Japanese,2.3,09:00,23:00,3436,4.7,481,4.4,3649,4.55,832,Premium,31,31,29,24,21.0,21.0,11,13,311,291,204414,191268,199593,186757,63.0,37.0,Swiggy Better,Live Music; Family Friendly; AC; Smoking Area,4,True,False,False,2021-02-17,1913
REST000789,Restaurant_789,Bangalore,Bangalore_Locality_3,Food Truck,Pan-Asian,13.6,08:00,23:00,1602,3.7,3681,3.6,2810,3.65,1424,Luxury,88,88,54,52,19.0,17.0,8,6,108,105,124571,124101,119819,119481,48.0,52.0,Swiggy Better,Parking; Live Music; Bar; AC; Outdoor Seating; Rooftop,6,False,False,True,2022-09-19,1334
REST000790,Restaurant_790,Bangalore,Bangalore_Locality_9,Cafe,Thai; Mediterranean,6.1,12:00,22:00,611,4.3,3684,3.7,1882,4.0,204,Budget,50,50,43,37,22.0,22.0,20,7,167,144,26573,22913,22398,19313,58.0,42.0,Swiggy Better,Dine-in; Live Music; Outdoor Seating; Bar; Takeaway,5,True,False,True,2018-07-16,2860
REST000791,Restaurant_791,Bangalore,Bangalore_Locality_4,QSR (Quick Service),Pan-Asian,4.4,08:00,22:00,2978,3.8,1957,3.9,414,3.85,1209,Luxury,42,42,37,29,21.0,19.0,14,7,240,247,229226,241884,224186,236697,57.0,43.0,Zomato Better,Bar; Smoking Area; WiFi; Outdoor Seating; Private Room,5,True,True,False,2018-05-07,2930
REST000792,Restaurant_792,Bangalore,Bangalore_Locality_18,Cafe,Biryani,12.0,08:00,22:00,2449,3.8,4045,4.5,349,4.15,1033,Premium,80,80,44,49,23.0,22.0,7,23,182,216,144764,174039,137484,165399,56.0,44.0,Zomato Better,Takeaway; Parking; Vegan Options; Dine-in; Outdoor Seating,5,False,False,False,2018-04-03,2964
REST000793,Restaurant_793,Bangalore,Bangalore_Locality_17,Cloud Kitchen,Desserts,5.3,09:00,22:00,2092,4.2,2636,3.6,3591,3.9,1128,Premium,46,46,41,42,25.0,24.0,14,15,324,277,274104,237466,266652,231095,55.0,45.0,Swiggy Better,Rooftop; Outdoor Seating; Parking; WiFi; Live Music; Smoking Area; Vegan Options,7,True,False,True,2024-05-24,721
REST000794,Restaurant_794,Bangalore,Bangalore_Locality_4,Casual Dining,Fast Food; North Indian,8.2,12:00,23:00,1474,4.4,2466,4.7,3673,4.55,502,Mid-Range,60,60,38,40,22.0,21.0,12,25,237,254,92799,100731,85689,93111,51.0,49.0,Zomato Better,Live Music; WiFi; Takeaway; Private Room,4,True,True,True,2017-06-14,3257
REST000795,Restaurant_795,Bangalore,Bangalore_Locality_6,Food Truck,Lebanese,12.6,07:00,22:00,1846,4.0,2817,4.0,441,4.0,1339,Luxury,83,83,48,52,22.0,21.0,10,17,120,120,125330,126937,120350,121957,46.0,54.0,Zomato Better,Takeaway; Dine-in; Bar; Smoking Area; Vegan Options; Live Music; Dessert Bar,7,False,True,True,2020-03-31,2236
REST000796,Restaurant_796,Bangalore,Bangalore_Locality_15,Casual Dining,Fast Food,1.9,08:00,23:00,2454,4.4,3449,3.5,184,3.95,1233,Luxury,30,30,32,33,19.0,19.0,23,5,264,210,263664,209733,259704,206583,41.0,59.0,Swiggy Better,AC; Private Room; Outdoor Seating; Smoking Area; WiFi; Live Music,6,False,True,False,2026-02-14,90
REST000797,Restaurant_797,Bangalore,Bangalore_Locality_9,Casual Dining,Street Food,6.6,10:00,22:00,1851,4.4,1694,3.5,1633,3.95,990,Premium,53,53,43,42,19.0,21.0,23,9,248,197,198871,154073,192299,148853,52.0,48.0,Swiggy Better,Live Music; Bar; Takeaway; AC,4,False,False,False,2017-02-15,3376
REST000798,Restaurant_798,Bangalore,Bangalore_Locality_15,Fine Dine,Bakery,7.3,11:00,23:00,1620,3.6,269,4.1,3466,3.85,576,Mid-Range,56,56,41,33,18.0,17.0,11,12,131,150,61873,71712,58205,67512,43.0,57.0,Zomato Better,Parking; Private Room; Smoking Area; Takeaway; Alcohol; Dessert Bar,6,False,True,False,2025-04-26,384
REST000799,Restaurant_799,Bangalore,Bangalore_Locality_6,Food Truck,Vietnamese,4.8,07:00,22:00,778,3.9,2530,4.3,2194,4.1,697,Mid-Range,44,44,39,37,19.0,22.0,8,22,103,114,58150,61977,55884,59469,49.0,51.0,Zomato Better,WiFi; Family Friendly; Vegan Options; Dine-in; Outdoor Seating; Parking; Smoking Area,7,False,True,True,2022-01-16,1580
REST000800,Restaurant_800,Bangalore,Bangalore_Locality_9,Cloud Kitchen,Japanese,10.5,08:00,23:00,738,4.0,109,3.7,36,3.85,1369,Luxury,72,72,42,50,27.0,25.0,9,7,264,244,263833,250527,254329,241743,62.0,38.0,Swiggy Better,AC; Bar; WiFi,3,True,False,True,2017-07-16,3225
REST000801,Restaurant_801,Bangalore,Bangalore_Locality_18,Fine Dine,Korean; Multi-Cuisine,1.6,10:00,22:00,2782,3.7,3373,4.7,778,4.2,751,Premium,30,30,29,34,14.0,13.0,5,32,153,194,98816,126753,96521,123843,54.0,46.0,Zomato Better,AC; Takeaway; Alcohol; Family Friendly; Dessert Bar; Parking; Smoking Area; WiFi,8,False,False,False,2024-10-24,568
REST000802,Restaurant_802,Bangalore,Bangalore_Locality_3,Casual Dining,Mediterranean,5.8,12:00,22:00,1246,3.3,4998,3.9,4689,3.6,218,Budget,49,49,39,35,21.0,20.0,6,5,173,205,29794,35752,25555,30729,47.0,53.0,Zomato Better,WiFi; Parking; Dine-in; Bar; Family Friendly; Alcohol; AC,7,True,False,False,2023-08-22,997
REST000803,Restaurant_803,Bangalore,Bangalore_Locality_2,Cloud Kitchen,Mexican,3.8,10:00,23:00,1045,4.5,2022,3.7,1740,4.1,205,Budget,39,39,26,36,22.0,24.0,23,13,308,253,49249,39417,43243,34483,68.0,32.0,Swiggy Better,Outdoor Seating; Bar; Smoking Area; AC,4,False,False,False,2019-11-05,2383
REST000804,Restaurant_804,Bangalore,Bangalore_Locality_17,Fine Dine,Vietnamese,7.1,11:00,23:00,2680,3.8,2709,4.4,4907,4.1,245,Budget,55,55,32,44,13.0,16.0,7,25,155,180,33038,37044,28775,32094,49.0,51.0,Zomato Better,Dine-in; Bar; Parking; Dessert Bar; Rooftop; Smoking Area,6,False,True,True,2024-09-23,599
REST000805,Restaurant_805,Bangalore,Bangalore_Locality_18,Cafe,Street Food,6.6,07:00,23:00,2897,3.8,3345,3.6,3211,3.7,571,Mid-Range,53,53,38,39,22.0,20.0,15,5,191,181,85067,82680,80006,77884,46.0,54.0,Swiggy Better,Live Music; Rooftop; Vegan Options; Private Room; Outdoor Seating; Alcohol,6,True,True,True,2020-10-14,2039
REST000806,Restaurant_806,Bangalore,Bangalore_Locality_11,Food Truck,Continental,14.5,08:00,22:00,3181,3.6,59,4.1,4383,3.85,1016,Premium,92,92,55,50,19.0,19.0,5,16,124,141,102047,116037,96343,109551,50.0,50.0,Zomato Better,Bar; Vegan Options; Alcohol; Dessert Bar; Smoking Area; Live Music; Takeaway; Private Room,8,False,False,True,2018-08-01,2844
REST000807,Restaurant_807,Bangalore,Bangalore_Locality_19,Fine Dine,Seafood,9.4,10:00,22:00,1744,4.5,530,4.0,2795,4.25,1253,Luxury,67,67,43,43,16.0,13.0,28,17,167,148,175770,161336,170176,156378,44.0,56.0,Swiggy Better,Smoking Area; Alcohol; Bar; WiFi; Dessert Bar; Live Music; Dine-in,7,True,True,True,2021-01-23,1938
REST000808,Restaurant_808,Bangalore,Bangalore_Locality_1,Cloud Kitchen,Multi-Cuisine,6.1,12:00,23:00,1573,3.7,2825,3.5,4332,3.6,1337,Luxury,50,50,42,30,23.0,26.0,9,14,269,255,276932,252291,270207,245916,73.0,27.0,Swiggy Better,Dessert Bar; Outdoor Seating; Smoking Area; Alcohol; Takeaway; Parking; Dine-in; Live Music,8,False,True,False,2025-01-02,498
REST000809,Restaurant_809,Bangalore,Bangalore_Locality_10,Fine Dine,Vietnamese; Mexican,1.1,07:00,22:00,3633,4.6,267,4.1,4250,4.35,1461,Luxury,30,30,37,19,13.0,13.0,15,23,206,184,261840,233876,258750,231116,41.0,59.0,Swiggy Better,Outdoor Seating; Dessert Bar; Rooftop; WiFi; Bar; Alcohol; Parking,7,True,True,True,2021-02-26,1904
REST000810,Restaurant_810,Bangalore,Bangalore_Locality_19,Food Truck,Thai; Mughlai,3.2,10:00,23:00,2679,4.4,27,4.2,3475,4.3,1363,Luxury,36,36,28,24,19.0,18.0,12,22,144,137,158980,153119,156388,150653,63.0,37.0,Swiggy Better,Outdoor Seating; Dine-in; Alcohol; Private Room; Rooftop; Smoking Area,6,True,True,True,2019-04-13,2589
REST000811,Restaurant_811,Bangalore,Bangalore_Locality_14,Cloud Kitchen,South Indian; Fast Food,3.3,09:00,23:00,3644,4.0,4883,4.4,3135,4.2,1440,Luxury,36,36,27,25,25.0,27.0,25,10,359,395,387720,415224,381258,408114,62.0,38.0,Zomato Better,Outdoor Seating; Dine-in; Bar,3,False,True,True,2022-12-11,1251
REST000812,Restaurant_812,Bangalore,Bangalore_Locality_20,Cafe,Pan-Asian,0.8,08:00,22:00,398,3.7,1506,4.1,4526,3.9,695,Mid-Range,30,30,21,24,21.0,18.0,11,24,140,155,76867,88334,74767,86009,61.0,39.0,Zomato Better,Outdoor Seating; Rooftop; WiFi,3,True,False,True,2022-09-20,1333
REST000813,Restaurant_813,Bangalore,Bangalore_Locality_12,Cafe,Seafood,3.7,10:00,23:00,3159,3.8,4374,4.0,3611,3.9,902,Premium,38,38,33,28,18.0,19.0,9,14,195,206,144229,150507,140524,146593,45.0,55.0,Zomato Better,Parking; Private Room; Bar,3,False,False,False,2023-07-02,1048
REST000814,Restaurant_814,Bangalore,Bangalore_Locality_7,QSR (Quick Service),Mediterranean,14.4,10:00,22:00,975,3.5,4960,4.5,4343,4.0,985,Premium,92,92,53,55,19.0,22.0,15,25,178,229,142017,175940,133829,165406,52.0,48.0,Zomato Better,Bar; Dine-in; WiFi; Outdoor Seating,4,False,True,False,2024-06-05,709
REST000815,Restaurant_815,Bangalore,Bangalore_Locality_13,Food Truck,Vietnamese,6.5,10:00,23:00,327,4.4,3098,4.8,4843,4.6,1380,Luxury,52,52,36,35,21.0,23.0,17,26,110,120,119922,127512,117062,124392,63.0,37.0,Zomato Better,Rooftop; Alcohol; Bar; Family Friendly; AC,5,False,False,True,2021-03-25,1877
REST000816,Restaurant_816,Bangalore,Bangalore_Locality_4,QSR (Quick Service),Mexican,4.1,08:00,22:00,2181,3.2,2070,3.9,4990,3.55,655,Mid-Range,40,40,35,35,18.0,22.0,6,7,187,227,100437,115974,96697,111434,56.0,44.0,Zomato Better,AC; Dine-in; Private Room; Rooftop,4,True,False,True,2022-12-14,1248
REST000817,Restaurant_817,Bangalore,Bangalore_Locality_5,Cafe,Biryani; Mediterranean,12.7,12:00,22:00,2997,4.3,1868,3.9,286,4.1,732,Premium,83,83,49,44,18.0,18.0,25,10,218,198,130852,118847,121805,110630,49.0,51.0,Swiggy Better,Smoking Area; Dessert Bar; Alcohol; Family Friendly,4,True,True,False,2019-08-28,2452
REST000818,Restaurant_818,Bangalore,Bangalore_Locality_10,Cafe,Mughlai; Mediterranean,2.8,12:00,22:00,3249,4.0,1249,4.1,465,4.05,1212,Luxury,33,33,32,34,20.0,20.0,23,23,208,213,201676,206524,198244,203010,50.0,50.0,Zomato Better,Rooftop; Takeaway; Vegan Options; WiFi; Alcohol; Smoking Area; AC,7,True,True,False,2019-01-04,2688
REST000819,Restaurant_819,Bangalore,Bangalore_Locality_1,Cloud Kitchen,Japanese,1.7,09:00,22:00,2728,4.0,3356,4.0,3360,4.0,355,Mid-Range,30,30,33,26,25.0,27.0,19,10,329,329,87596,85260,82661,80325,62.0,38.0,Swiggy Better,Live Music; Rooftop; WiFi; Family Friendly; Private Room,5,True,True,True,2022-09-21,1332
REST000820,Restaurant_820,Bangalore,Bangalore_Locality_20,Fine Dine,Biryani,5.1,07:00,22:00,1687,4.4,1619,4.1,1399,4.25,300,Budget,45,45,21,35,15.0,17.0,15,11,162,151,41310,37599,37665,34201,41.0,59.0,Swiggy Better,Bar; Parking; Vegan Options; Smoking Area,4,True,True,False,2020-07-03,2142
REST000821,Restaurant_821,Bangalore,Bangalore_Locality_7,Casual Dining,Bakery,4.8,09:00,23:00,783,3.9,4515,4.4,4998,4.15,150,Budget,44,44,35,28,21.0,20.0,7,17,194,219,22989,26280,18721,21462,40.0,60.0,Zomato Better,Takeaway; Dine-in; Bar; Family Friendly; AC,5,False,True,True,2017-07-27,3214
REST000822,Restaurant_822,Bangalore,Bangalore_Locality_18,Cloud Kitchen,Lebanese,12.9,07:00,23:00,1493,3.7,1373,3.0,4419,3.35,1364,Luxury,84,84,48,54,28.0,22.0,6,13,267,216,262215,229806,251001,220734,63.0,37.0,Swiggy Better,Alcohol; Dine-in; Parking; Rooftop; Smoking Area,5,True,True,False,2022-09-09,1344
REST000823,Restaurant_823,Bangalore,Bangalore_Locality_13,QSR (Quick Service),Desserts; Vietnamese,10.2,11:00,22:00,1049,4.1,4039,3.9,3883,4.0,155,Budget,71,71,46,45,22.0,17.0,19,10,211,200,25509,25730,18019,18630,50.0,50.0,Zomato Better,Takeaway; Alcohol; WiFi; Dine-in; Live Music,5,True,True,True,2025-05-17,363
REST000824,Restaurant_824,Bangalore,Bangalore_Locality_13,Cafe,Bakery,11.6,12:00,22:00,3172,4.0,4466,4.4,4553,4.2,967,Premium,78,78,46,44,21.0,21.0,10,14,206,227,157369,173412,149335,164559,64.0,36.0,Zomato Better,Parking; Outdoor Seating; Vegan Options; Bar; Smoking Area; Takeaway,6,False,False,False,2018-07-12,2864
REST000825,Restaurant_825,Bangalore,Bangalore_Locality_7,Cafe,Vietnamese,11.0,12:00,23:00,1433,4.1,1565,4.1,4965,4.1,1109,Premium,75,75,43,56,20.0,17.0,23,25,176,176,156147,162002,149547,155402,55.0,45.0,Zomato Better,Alcohol; Bar; Vegan Options,3,False,True,True,2019-08-07,2473
REST000826,Restaurant_826,Bangalore,Bangalore_Locality_20,Fine Dine,Biryani; Vietnamese,1.8,12:00,23:00,3466,4.1,1645,3.9,1199,4.0,948,Premium,30,30,26,30,15.0,15.0,20,7,181,172,145849,138597,143134,136017,48.0,52.0,Swiggy Better,Live Music; Outdoor Seating; Dessert Bar; Takeaway; Bar; Vegan Options,6,False,True,False,2022-12-23,1239
REST000827,Restaurant_827,Bangalore,Bangalore_Locality_1,Cafe,Biryani; Continental,5.0,10:00,22:00,2490,3.0,2986,4.1,2291,3.55,756,Premium,45,45,27,35,22.0,21.0,15,14,144,197,84913,117656,81673,113223,61.0,39.0,Zomato Better,Smoking Area; Live Music; Takeaway; Family Friendly; Rooftop; WiFi; AC; Dessert Bar,8,False,True,False,2019-10-28,2391
REST000828,Restaurant_828,Bangalore,Bangalore_Locality_5,Cloud Kitchen,Multi-Cuisine; Mexican,13.2,08:00,23:00,766,3.8,32,3.5,2986,3.65,625,Mid-Range,86,86,54,50,26.0,24.0,7,10,251,232,116087,110200,105294,100224,63.0,37.0,Swiggy Better,Private Room; Alcohol; Family Friendly; Dine-in; Live Music; AC,6,False,True,True,2022-07-31,1384
REST000829,Restaurant_829,Bangalore,Bangalore_Locality_13,Cloud Kitchen,Cafe,4.0,07:00,23:00,3426,4.6,728,4.2,3523,4.4,694,Mid-Range,40,40,36,27,22.0,23.0,21,13,405,370,219234,197720,211134,190320,67.0,33.0,Swiggy Better,Dine-in; Rooftop; Bar; Live Music,4,True,True,True,2022-03-13,1524
REST000830,Restaurant_830,Bangalore,Bangalore_Locality_6,Fine Dine,Vietnamese,10.5,10:00,23:00,3173,3.4,3013,3.7,1904,3.55,379,Mid-Range,72,72,37,41,12.0,16.0,13,11,146,159,48693,50619,43437,44895,55.0,45.0,Zomato Better,Outdoor Seating; Private Room; Family Friendly,3,False,False,False,2022-12-23,1239
REST000831,Restaurant_831,Bangalore,Bangalore_Locality_5,QSR (Quick Service),Desserts; Korean,1.1,12:00,23:00,1200,3.7,1854,3.1,4219,3.4,335,Mid-Range,30,30,27,27,21.0,21.0,10,15,193,162,51077,42873,48182,40443,56.0,44.0,Swiggy Better,Alcohol; Live Music; WiFi; Rooftop; Parking,5,False,False,True,2024-07-12,672
REST000832,Restaurant_832,Bangalore,Bangalore_Locality_4,Food Truck,Biryani,7.7,07:00,23:00,2057,3.9,1932,3.6,3355,3.75,360,Mid-Range,58,58,43,31,20.0,20.0,9,12,119,110,34272,31680,30821,28490,51.0,49.0,Swiggy Better,Outdoor Seating; Rooftop; AC; Private Room; Dine-in; Smoking Area; Live Music; Parking,8,True,False,False,2020-08-20,2094
REST000833,Restaurant_833,Bangalore,Bangalore_Locality_7,Fine Dine,Chinese,10.4,10:00,22:00,307,3.8,748,3.5,3476,3.65,1167,Premium,72,72,47,41,15.0,15.0,10,7,118,109,117050,108122,112802,104198,41.0,59.0,Swiggy Better,WiFi; Smoking Area; Takeaway; Live Music,4,True,False,False,2022-11-03,1289
REST000834,Restaurant_834,Bangalore,Bangalore_Locality_13,Food Truck,Desserts,14.5,12:00,23:00,3027,4.1,2630,4.6,3840,4.35,1345,Luxury,92,92,61,56,23.0,17.0,22,33,139,156,143955,174150,137561,166974,47.0,53.0,Zomato Better,Smoking Area; WiFi; Bar; AC; Vegan Options; Live Music; Rooftop; Parking,8,False,True,True,2020-01-29,2298
REST000835,Restaurant_835,Bangalore,Bangalore_Locality_9,Casual Dining,Mughlai; Multi-Cuisine,9.6,10:00,23:00,2321,4.0,3849,4.0,412,4.0,530,Mid-Range,68,68,59,41,22.0,22.0,12,18,237,237,97975,97975,89917,89917,50.0,50.0,Balanced,Private Room; Dine-in; Rooftop; Dessert Bar,4,True,True,True,2024-06-13,701
REST000836,Restaurant_836,Bangalore,Bangalore_Locality_8,Food Truck,Pan-Asian,3.6,08:00,23:00,3512,4.1,1733,4.6,4642,4.35,979,Premium,38,38,31,33,23.0,19.0,15,32,145,163,109305,129257,106550,126160,62.0,38.0,Zomato Better,AC; Vegan Options; Private Room; Dessert Bar; Outdoor Seating; WiFi,6,True,False,True,2020-12-23,1969
REST000837,Restaurant_837,Bangalore,Bangalore_Locality_18,Food Truck,Fast Food,13.1,08:00,22:00,2699,4.4,187,4.5,4722,4.45,342,Mid-Range,85,85,51,66,21.0,18.0,7,36,144,147,38905,41224,32785,34977,46.0,54.0,Zomato Better,WiFi; Outdoor Seating; Live Music; Smoking Area; Family Friendly,5,True,True,True,2019-06-21,2520
REST000838,Restaurant_838,Bangalore,Bangalore_Locality_11,Cafe,Multi-Cuisine,13.0,09:00,23:00,1374,4.3,3635,4.3,2660,4.3,1043,Premium,85,85,44,48,20.0,18.0,10,10,183,183,152695,156512,144917,148735,46.0,54.0,Zomato Better,Private Room; AC; Rooftop; WiFi; Live Music; Dessert Bar; Outdoor Seating; Alcohol,8,False,True,False,2024-11-06,555
REST000839,Restaurant_839,Bangalore,Bangalore_Locality_7,Cloud Kitchen,Street Food,14.1,12:00,22:00,1726,4.4,2457,3.9,3926,4.15,207,Budget,90,90,58,50,24.0,23.0,11,10,326,289,51286,46063,36616,33058,59.0,41.0,Swiggy Better,Parking; Outdoor Seating; Vegan Options; Alcohol; WiFi; Private Room; Dessert Bar,7,True,True,False,2019-02-09,2652
REST000840,Restaurant_840,Bangalore,Bangalore_Locality_16,Cafe,Seafood; Continental,4.4,12:00,23:00,2796,3.3,4157,4.1,1378,3.7,1026,Premium,42,42,31,34,17.0,23.0,7,10,164,204,139659,161164,136215,156880,56.0,44.0,Zomato Better,Live Music; Bar; AC,3,True,False,False,2019-03-05,2628
REST000841,Restaurant_841,Bangalore,Bangalore_Locality_19,QSR (Quick Service),Mexican; Seafood,7.0,11:00,23:00,1320,3.8,4292,3.8,1792,3.8,1352,Luxury,55,55,36,32,20.0,20.0,9,14,201,201,217401,217401,211874,211874,55.0,45.0,Balanced,WiFi; Vegan Options; Bar,3,False,True,False,2019-09-06,2443
REST000842,Restaurant_842,Bangalore,Bangalore_Locality_7,QSR (Quick Service),North Indian; Vietnamese,2.6,10:00,23:00,1737,4.0,1832,4.2,4847,4.1,676,Mid-Range,33,33,32,28,21.0,21.0,12,13,222,233,118556,124431,114893,120586,47.0,53.0,Zomato Better,Vegan Options; WiFi; Alcohol; Parking; Live Music,5,False,True,True,2026-03-30,46
REST000843,Restaurant_843,Bangalore,Bangalore_Locality_6,Casual Dining,Biryani,2.5,11:00,23:00,820,4.3,1333,3.9,2803,4.1,964,Premium,32,32,28,21,17.0,20.0,14,7,215,195,172025,150384,168585,147264,50.0,50.0,Swiggy Better,Family Friendly; Alcohol; Dessert Bar; Private Room,4,False,True,False,2022-08-04,1380
REST000844,Restaurant_844,Bangalore,Bangalore_Locality_13,Fine Dine,Mediterranean,10.6,08:00,23:00,3025,3.7,2516,3.8,3840,3.75,1327,Luxury,73,73,35,38,14.0,17.0,10,13,156,161,178030,177327,172336,171450,55.0,45.0,Swiggy Better,Dessert Bar; Family Friendly; Vegan Options; WiFi; Rooftop; AC,6,True,True,False,2026-03-31,45
REST000845,Restaurant_845,Bangalore,Bangalore_Locality_4,Casual Dining,Bakery,1.2,07:00,22:00,2254,3.7,1094,4.2,70,3.95,352,Mid-Range,30,30,23,29,20.0,20.0,9,10,217,247,61107,69555,57852,65850,45.0,55.0,Zomato Better,Dessert Bar; Alcohol; AC; Parking; Bar; Smoking Area,6,False,False,True,2025-03-02,439
REST000846,Restaurant_846,Bangalore,Bangalore_Locality_1,QSR (Quick Service),Multi-Cuisine,0.6,11:00,23:00,1612,3.6,3409,4.6,4359,4.1,421,Mid-Range,30,30,25,27,19.0,19.0,6,24,197,252,67178,85934,64223,82154,46.0,54.0,Zomato Better,Smoking Area; WiFi; Private Room; Rooftop,4,True,False,True,2022-12-20,1242
REST000847,Restaurant_847,Bangalore,Bangalore_Locality_14,Casual Dining,Bakery,13.7,07:00,22:00,1774,4.4,353,3.4,530,3.9,1076,Premium,88,88,56,52,22.0,19.0,18,7,246,190,206462,165596,195638,157236,43.0,57.0,Swiggy Better,Alcohol; Dessert Bar; AC; Dine-in,4,True,True,False,2017-05-07,3295
REST000848,Restaurant_848,Bangalore,Bangalore_Locality_18,Cafe,South Indian,3.7,09:00,22:00,2523,4.1,109,4.6,4793,4.35,1037,Premium,38,38,26,25,20.0,22.0,14,35,198,222,164260,179566,160498,175348,55.0,45.0,Zomato Better,Private Room; WiFi; Parking; Outdoor Seating,4,False,True,False,2023-12-08,889
REST000849,Restaurant_849,Bangalore,Bangalore_Locality_1,Cloud Kitchen,Vietnamese,4.8,10:00,22:00,203,3.6,4041,4.5,2460,4.05,1193,Premium,44,44,35,34,26.0,28.0,14,28,222,277,195986,237931,191102,231837,61.0,39.0,Zomato Better,Dine-in; Parking; Vegan Options; Dessert Bar; Alcohol; Smoking Area; Outdoor Seating; AC,8,True,True,False,2018-03-31,2967
REST000850,Restaurant_850,Bangalore,Bangalore_Locality_8,QSR (Quick Service),Continental; South Indian,14.6,11:00,22:00,1479,3.8,153,4.3,3849,4.05,541,Mid-Range,93,93,55,51,20.0,20.0,12,25,205,232,88724,100409,79191,89621,50.0,50.0,Zomato Better,Alcohol; AC; Family Friendly; Parking; Vegan Options,5,False,True,False,2018-12-05,2718
REST000851,Restaurant_851,Bangalore,Bangalore_Locality_17,Fine Dine,Thai; Desserts,11.0,07:00,22:00,855,4.2,4269,3.7,3257,3.95,1203,Luxury,75,75,48,43,13.0,16.0,17,7,140,124,146525,125304,141275,120654,49.0,51.0,Swiggy Better,Dine-in; Bar; Dessert Bar; Parking; Alcohol; AC,6,False,True,False,2021-02-19,1911
REST000852,Restaurant_852,Bangalore,Bangalore_Locality_4,Cloud Kitchen,Seafood; Bakery,12.8,08:00,22:00,1846,3.8,4846,4.2,1760,4.0,1495,Luxury,84,84,61,48,23.0,27.0,6,24,285,315,328077,343775,316107,330545,57.0,43.0,Zomato Better,Alcohol; Outdoor Seating; WiFi; Private Room; AC; Parking; Vegan Options,7,False,False,True,2019-04-21,2581
REST000853,Restaurant_853,Bangalore,Bangalore_Locality_15,Cloud Kitchen,Continental,11.0,12:00,23:00,931,4.4,4755,4.4,230,4.4,460,Mid-Range,75,75,49,44,25.0,22.0,23,20,297,297,102465,106563,91327,95426,69.0,31.0,Zomato Better,Private Room; Rooftop; Bar; Alcohol; Dessert Bar,5,False,True,False,2018-10-06,2778
REST000854,Restaurant_854,Bangalore,Bangalore_Locality_9,Cloud Kitchen,Street Food,1.5,10:00,23:00,3270,3.7,4870,4.0,4309,3.85,308,Mid-Range,30,30,38,27,26.0,22.0,12,16,321,347,73162,83363,68347,78158,66.0,34.0,Zomato Better,Alcohol; Takeaway; Parking; Vegan Options; Private Room; Rooftop,6,False,True,False,2020-01-13,2314
REST000855,Restaurant_855,Bangalore,Bangalore_Locality_13,QSR (Quick Service),Thai; Lebanese,2.9,11:00,22:00,3416,3.5,3641,4.0,3377,3.75,570,Mid-Range,34,34,20,29,21.0,19.0,7,17,231,264,104019,121888,100092,117400,64.0,36.0,Zomato Better,AC; Dessert Bar; Takeaway; Outdoor Seating; Rooftop; Vegan Options; Dine-in,7,False,True,True,2020-02-25,2271
REST000856,Restaurant_856,Bangalore,Bangalore_Locality_17,Casual Dining,Korean; Japanese,9.8,12:00,22:00,3500,3.8,227,4.0,4011,3.9,164,Budget,69,69,48,42,23.0,17.0,6,11,252,266,31822,36207,23128,27030,51.0,49.0,Zomato Better,Vegan Options; Outdoor Seating; Live Music; Family Friendly; Private Room; Smoking Area,6,True,False,True,2020-01-31,2296
REST000857,Restaurant_857,Bangalore,Bangalore_Locality_14,Casual Dining,Desserts; Thai,10.1,10:00,22:00,2518,4.0,3456,4.3,4030,4.15,821,Premium,70,70,38,46,22.0,22.0,16,20,242,260,154971,166498,146501,157398,53.0,47.0,Zomato Better,Bar; Family Friendly; Dine-in; Private Room; Smoking Area,5,True,True,True,2017-09-12,3167
REST000858,Restaurant_858,Bangalore,Bangalore_Locality_11,Cafe,Bakery,5.4,12:00,23:00,204,3.2,2938,4.3,1050,3.75,1468,Luxury,47,47,40,38,22.0,18.0,9,18,118,159,135114,191397,132341,187661,57.0,43.0,Zomato Better,Dine-in; WiFi; Parking; Alcohol; Bar,5,True,True,False,2025-06-07,342
REST000859,Restaurant_859,Bangalore,Bangalore_Locality_4,Fine Dine,Seafood; South Indian,11.4,12:00,23:00,959,4.2,4398,3.8,3646,4.0,383,Mid-Range,77,77,44,55,17.0,16.0,11,14,142,128,45140,41180,39673,36252,52.0,48.0,Swiggy Better,Family Friendly; Private Room; Smoking Area; Vegan Options; Rooftop; Alcohol; Dine-in; Outdoor Seating,8,True,False,False,2017-04-08,3324
REST000860,Restaurant_860,Bangalore,Bangalore_Locality_9,QSR (Quick Service),Mexican,6.5,11:00,23:00,1967,4.7,1909,4.1,3477,4.4,1025,Premium,52,52,46,35,18.0,18.0,30,25,268,234,225254,196677,218286,190593,46.0,54.0,Swiggy Better,Rooftop; Family Friendly; Alcohol; Dessert Bar,4,True,True,False,2022-04-22,1484
REST000861,Restaurant_861,Bangalore,Bangalore_Locality_20,QSR (Quick Service),Street Food; Fast Food,13.7,08:00,23:00,2771,4.0,4593,4.5,1717,4.25,227,Budget,88,88,58,59,19.0,21.0,19,40,248,279,45599,50033,34687,37757,52.0,48.0,Zomato Better,Private Room; Live Music; Smoking Area; Outdoor Seating,4,False,True,False,2022-01-27,1569
REST000862,Restaurant_862,Bangalore,Bangalore_Locality_9,Fine Dine,Japanese,8.3,10:00,23:00,2418,4.4,1708,4.1,2466,4.25,747,Premium,61,61,44,32,14.0,16.0,21,21,175,163,112423,102279,107086,97307,51.0,49.0,Swiggy Better,WiFi; Dessert Bar; Takeaway; Private Room; Family Friendly; Smoking Area; Rooftop,7,False,True,True,2021-05-01,1840
REST000863,Restaurant_863,Bangalore,Bangalore_Locality_3,QSR (Quick Service),North Indian; Fast Food,7.9,10:00,22:00,415,3.4,820,3.2,1877,3.3,764,Premium,59,59,44,34,22.0,21.0,9,13,161,152,95943,91741,91193,87257,53.0,47.0,Swiggy Better,Bar; Family Friendly; Rooftop; Private Room,4,False,True,True,2018-01-13,3044
REST000864,Restaurant_864,Bangalore,Bangalore_Locality_10,Food Truck,Continental,10.1,08:00,22:00,1018,4.2,2859,3.6,252,3.9,1327,Luxury,70,70,44,38,18.0,20.0,16,11,114,98,124047,104036,120057,100606,59.0,41.0,Swiggy Better,Family Friendly; Smoking Area; Takeaway; Vegan Options; AC; Dessert Bar,6,False,False,True,2025-05-31,349
REST000865,Restaurant_865,Bangalore,Bangalore_Locality_9,Casual Dining,Mughlai; Cafe,3.0,08:00,22:00,161,4.4,1813,4.5,2210,4.45,1406,Luxury,35,35,29,30,18.0,20.0,23,37,202,206,232889,231708,229354,228103,53.0,47.0,Swiggy Better,Smoking Area; AC; Family Friendly; Parking,4,True,True,False,2020-12-20,1972
REST000866,Restaurant_866,Bangalore,Bangalore_Locality_10,Food Truck,Chinese,4.5,07:00,23:00,1683,3.8,1740,4.5,2019,4.15,867,Premium,42,42,37,35,19.0,22.0,7,32,112,132,78654,89266,76302,86494,53.0,47.0,Zomato Better,Takeaway; Alcohol; AC,3,True,False,True,2017-11-10,3108
REST000867,Restaurant_867,Bangalore,Bangalore_Locality_19,Cloud Kitchen,Bakery,11.8,12:00,23:00,1491,4.4,2926,3.6,4783,4.0,473,Mid-Range,79,79,44,44,27.0,24.0,12,9,317,260,109456,93464,96935,83194,64.0,36.0,Swiggy Better,Dine-in; Smoking Area; Live Music; Alcohol; Parking; Private Room; Outdoor Seating,7,False,False,True,2025-07-29,290
REST000868,Restaurant_868,Bangalore,Bangalore_Locality_18,QSR (Quick Service),Seafood; Desserts,6.3,08:00,22:00,606,3.7,1985,3.9,1922,3.8,285,Budget,51,51,37,42,21.0,18.0,15,12,180,190,40527,44403,35937,39558,53.0,47.0,Zomato Better,Vegan Options; Private Room; Live Music; Outdoor Seating; Parking,5,True,True,False,2023-05-14,1097
REST000869,Restaurant_869,Bangalore,Bangalore_Locality_11,Food Truck,Thai,3.6,12:00,22:00,578,3.9,2348,4.5,2007,4.2,1052,Premium,38,38,26,32,18.0,21.0,10,36,101,116,87126,96405,85207,94201,47.0,53.0,Zomato Better,Dine-in; Takeaway; Bar,3,False,True,False,2025-04-29,381
REST000870,Restaurant_870,Bangalore,Bangalore_Locality_3,Casual Dining,Korean,14.1,08:00,23:00,1054,3.6,861,4.0,131,3.8,1145,Premium,90,90,53,51,17.0,21.0,15,13,185,205,175814,185432,167489,176207,47.0,53.0,Zomato Better,AC; WiFi; Outdoor Seating; Parking; Family Friendly,5,True,False,True,2019-02-01,2660
REST000871,Restaurant_871,Delhi,Delhi_Locality_7,Casual Dining,Mexican; Biryani,4.0,12:00,22:00,3342,3.8,1617,4.2,110,4.0,977,Premium,40,40,36,33,23.0,20.0,10,15,249,275,187320,214940,182340,209440,41.0,59.0,Zomato Better,Parking; Bar; Dine-in; Dessert Bar; Smoking Area; Outdoor Seating; Vegan Options; WiFi,8,True,True,True,2023-01-17,1214
REST000872,Restaurant_872,Delhi,Delhi_Locality_2,Fine Dine,Mediterranean,2.0,09:00,23:00,338,4.0,166,3.5,791,3.75,972,Premium,30,30,25,30,15.0,13.0,7,9,125,109,103275,92174,101400,90539,53.0,47.0,Swiggy Better,Dine-in; Parking; Live Music,3,True,True,True,2018-10-31,2753
REST000873,Restaurant_873,Delhi,Delhi_Locality_1,Fine Dine,Pan-Asian,1.9,12:00,22:00,2746,4.1,1711,3.8,2107,3.95,1244,Luxury,30,30,27,32,13.0,13.0,15,13,169,156,182905,168835,180370,166495,42.0,58.0,Swiggy Better,Takeaway; Rooftop; Live Music; Outdoor Seating; Private Room; Vegan Options,6,False,False,False,2016-12-14,3439
REST000874,Restaurant_874,Delhi,Delhi_Locality_7,Cafe,Seafood,4.9,10:00,23:00,2080,4.0,3636,3.7,3517,3.85,160,Budget,44,44,37,40,18.0,18.0,11,14,185,171,24272,22435,20202,18673,54.0,46.0,Swiggy Better,Live Music; AC; Rooftop; Family Friendly; Dessert Bar,5,False,True,False,2023-03-09,1163
REST000875,Restaurant_875,Delhi,Delhi_Locality_8,Casual Dining,Vietnamese,5.7,07:00,23:00,3449,3.5,3321,2.7,3048,3.1,830,Premium,48,48,34,35,22.0,23.0,10,8,231,178,149549,113759,144005,109487,47.0,53.0,Swiggy Better,Alcohol; Dine-in; Vegan Options; AC; Bar; WiFi; Takeaway; Rooftop,8,False,False,True,2023-10-31,927
REST000876,Restaurant_876,Delhi,Delhi_Locality_10,Cloud Kitchen,Korean; Fast Food,13.2,09:00,23:00,3214,3.7,1921,4.1,2779,3.9,576,Mid-Range,86,86,44,48,24.0,27.0,14,20,319,354,139645,148849,125928,133627,69.0,31.0,Zomato Better,Live Music; Outdoor Seating; WiFi; Smoking Area; AC; Family Friendly; Private Room; Rooftop,8,True,False,True,2020-12-18,1974
REST000877,Restaurant_877,Delhi,Delhi_Locality_14,Casual Dining,Lebanese,14.3,12:00,22:00,3081,3.9,2357,4.2,3375,4.05,1273,Luxury,91,91,49,60,20.0,19.0,6,22,249,268,253581,276342,242252,264148,44.0,56.0,Zomato Better,Alcohol; Outdoor Seating; WiFi; Vegan Options; Family Friendly; Bar; Live Music; Takeaway,8,False,True,True,2022-04-25,1481
REST000878,Restaurant_878,Delhi,Delhi_Locality_13,Cafe,Thai,13.5,12:00,22:00,2140,3.9,2015,3.8,199,3.85,1168,Premium,87,87,53,46,20.0,18.0,5,6,181,176,169126,168565,161252,160909,53.0,47.0,Swiggy Better,Alcohol; Vegan Options; AC; Family Friendly; Smoking Area,5,True,True,False,2021-12-14,1613
REST000879,Restaurant_879,Delhi,Delhi_Locality_4,Food Truck,Bakery,14.7,08:00,23:00,1661,4.1,1516,3.6,2658,3.85,1465,Luxury,93,93,53,57,22.0,18.0,19,10,120,106,137124,127337,131544,122408,57.0,43.0,Swiggy Better,Live Music; Private Room; Smoking Area; Vegan Options; Takeaway; Family Friendly,6,True,False,True,2026-02-28,76
REST000880,Restaurant_880,Delhi,Delhi_Locality_3,Cloud Kitchen,Korean,14.9,08:00,23:00,479,3.9,2403,3.6,4656,3.75,1092,Premium,94,94,59,57,22.0,26.0,13,8,249,230,212088,185858,200385,175048,75.0,25.0,Swiggy Better,Parking; Live Music; Vegan Options; Takeaway,4,True,True,True,2021-12-02,1625
REST000881,Restaurant_881,Delhi,Delhi_Locality_1,Casual Dining,Pan-Asian; Korean,2.1,12:00,22:00,3208,3.7,4803,3.9,287,3.8,316,Mid-Range,30,30,30,32,18.0,23.0,11,12,239,252,61929,61316,58344,57536,55.0,45.0,Swiggy Better,Rooftop; Live Music; Dessert Bar; WiFi; Alcohol; Takeaway; Bar; Dine-in,8,False,True,True,2018-02-13,3013
REST000882,Restaurant_882,Delhi,Delhi_Locality_7,Fine Dine,Mexican,1.0,11:00,22:00,1058,4.0,2327,4.0,4747,4.0,1490,Luxury,30,30,25,19,12.0,17.0,15,11,137,137,179634,169427,177579,167372,41.0,59.0,Swiggy Better,Alcohol; Smoking Area; AC; Rooftop,4,True,False,True,2020-03-08,2259
REST000883,Restaurant_883,Delhi,Delhi_Locality_2,Cafe,Chinese; Vietnamese,4.1,07:00,22:00,621,4.0,2706,4.8,2486,4.4,1283,Luxury,40,40,32,36,19.0,17.0,11,35,156,187,162119,199134,158999,195394,46.0,54.0,Zomato Better,Dessert Bar; Takeaway; Family Friendly; Vegan Options; Private Room; Live Music; Alcohol,7,False,True,False,2025-05-23,357
REST000884,Restaurant_884,Delhi,Delhi_Locality_16,Cloud Kitchen,Italian; Chinese,2.2,08:00,22:00,3621,3.7,142,3.8,1118,3.75,771,Premium,31,31,35,25,28.0,25.0,15,6,332,341,184299,197183,179153,191897,55.0,45.0,Zomato Better,Takeaway; Smoking Area; Outdoor Seating; Alcohol; Family Friendly,5,False,False,False,2024-10-03,589
REST000885,Restaurant_885,Delhi,Delhi_Locality_7,Cafe,Chinese; Vietnamese,14.6,11:00,23:00,1981,3.7,3521,4.0,1546,3.85,1389,Luxury,93,93,59,56,17.0,21.0,9,13,169,183,194835,200807,186976,192298,64.0,36.0,Zomato Better,AC; Takeaway; Rooftop; Vegan Options; WiFi; Outdoor Seating; Live Music; Bar,8,True,False,True,2023-02-07,1193
REST000886,Restaurant_886,Delhi,Delhi_Locality_11,Fine Dine,Cafe,3.7,10:00,23:00,240,4.3,554,3.9,3340,4.1,1272,Luxury,38,38,32,36,14.0,17.0,25,9,133,120,145491,126691,142964,124411,43.0,57.0,Swiggy Better,Dine-in; Outdoor Seating; Dessert Bar,3,False,False,True,2020-10-31,2022
REST000887,Restaurant_887,Delhi,Delhi_Locality_20,Cafe,Street Food,10.7,11:00,23:00,1160,3.5,4160,4.2,4681,3.85,1374,Luxury,73,73,46,48,21.0,21.0,10,23,146,175,158477,189955,153148,183568,52.0,48.0,Zomato Better,Parking; Dessert Bar; AC; Live Music; Smoking Area; Private Room,6,False,True,True,2016-09-26,3518
REST000888,Restaurant_888,Delhi,Delhi_Locality_5,Cloud Kitchen,Lebanese; Street Food,6.2,12:00,23:00,575,3.9,3145,4.1,75,4.0,1125,Premium,51,51,38,37,28.0,28.0,6,8,252,265,204120,214650,197694,207892,61.0,39.0,Zomato Better,Private Room; AC; Alcohol,3,False,True,True,2023-05-14,1097
REST000889,Restaurant_889,Delhi,Delhi_Locality_4,Cafe,Thai,13.2,12:00,23:00,44,3.5,2237,4.3,831,3.9,1145,Premium,86,86,53,53,18.0,20.0,6,13,126,155,118301,141980,112883,135315,54.0,46.0,Zomato Better,Private Room; Rooftop; Dessert Bar; Outdoor Seating; Bar,5,True,True,True,2020-02-05,2291
REST000890,Restaurant_890,Delhi,Delhi_Locality_10,Casual Dining,Fast Food,0.7,10:00,23:00,1167,4.3,2942,3.6,4974,3.95,1360,Luxury,30,30,25,25,17.0,22.0,18,12,224,187,252851,198369,249491,195564,44.0,56.0,Swiggy Better,Rooftop; Takeaway; Live Music; Parking; Private Room; Dessert Bar; Smoking Area,7,False,True,False,2017-01-09,3413
REST000891,Restaurant_891,Delhi,Delhi_Locality_5,Casual Dining,Mughlai; Street Food,2.9,11:00,22:00,2664,4.0,3587,4.0,2379,4.0,390,Mid-Range,34,34,23,21,20.0,23.0,24,17,245,245,76440,73573,72275,69408,45.0,55.0,Swiggy Better,Outdoor Seating; Alcohol; Dine-in,3,True,True,True,2022-12-03,1259
REST000892,Restaurant_892,Delhi,Delhi_Locality_8,Food Truck,Seafood; Mughlai,4.9,09:00,22:00,2541,4.1,793,3.5,2161,3.8,739,Premium,44,44,29,35,21.0,21.0,11,7,132,113,77062,65970,74158,63484,54.0,46.0,Swiggy Better,Dessert Bar; Alcohol; Smoking Area,3,True,True,True,2021-12-18,1609
REST000893,Restaurant_893,Delhi,Delhi_Locality_1,QSR (Quick Service),Multi-Cuisine; Japanese,10.3,10:00,22:00,961,3.9,3652,3.8,2062,3.85,640,Mid-Range,71,71,47,41,19.0,19.0,10,10,198,193,102643,100051,95614,93199,57.0,43.0,Swiggy Better,Rooftop; Parking; Vegan Options; Smoking Area; WiFi; Dine-in,6,False,True,True,2019-10-31,2388
REST000894,Restaurant_894,Delhi,Delhi_Locality_2,Cloud Kitchen,Vietnamese; Korean,10.5,08:00,23:00,1501,4.1,407,4.0,3192,4.05,829,Premium,72,72,42,47,24.0,25.0,11,12,296,289,186491,179685,175835,169281,64.0,36.0,Swiggy Better,Parking; Outdoor Seating; Family Friendly; AC; Takeaway; Live Music,6,False,True,True,2022-12-08,1254
REST000895,Restaurant_895,Delhi,Delhi_Locality_1,Casual Dining,Pan-Asian,7.9,10:00,23:00,826,3.8,3268,3.8,2432,3.8,701,Premium,59,59,38,48,22.0,19.0,5,13,190,190,103888,107883,98283,102278,47.0,53.0,Zomato Better,Dessert Bar; Outdoor Seating; Live Music; Bar; Private Room,5,False,True,False,2023-11-27,900
REST000896,Restaurant_896,Delhi,Delhi_Locality_3,Food Truck,North Indian; Desserts,7.1,09:00,22:00,546,3.9,3273,3.6,4928,3.75,371,Mid-Range,55,55,37,43,22.0,21.0,5,11,100,92,28938,26964,26188,24434,54.0,46.0,Swiggy Better,Private Room; Family Friendly; Vegan Options; AC,4,True,True,True,2023-03-06,1166
REST000897,Restaurant_897,Delhi,Delhi_Locality_7,QSR (Quick Service),Street Food,3.7,11:00,23:00,621,3.9,1495,3.7,1830,3.8,319,Mid-Range,38,38,29,37,20.0,18.0,9,5,190,180,48488,47084,44878,43664,61.0,39.0,Swiggy Better,Vegan Options; AC; Private Room; Outdoor Seating,4,True,False,True,2024-07-08,676
REST000898,Restaurant_898,Delhi,Delhi_Locality_5,Cloud Kitchen,Seafood; Vietnamese,12.5,09:00,22:00,138,3.6,1458,4.3,986,3.95,885,Premium,82,82,47,43,24.0,23.0,5,22,220,262,147972,178539,138952,167797,73.0,27.0,Zomato Better,Outdoor Seating; Private Room; Parking; Dine-in,4,True,True,True,2016-11-17,3466
REST000899,Restaurant_899,Delhi,Delhi_Locality_10,Food Truck,Fast Food,8.2,09:00,22:00,3394,4.0,790,4.1,4802,4.05,249,Budget,60,60,44,43,19.0,18.0,25,12,140,144,28236,29401,24036,25081,50.0,50.0,Zomato Better,Dine-in; Smoking Area; Private Room; Dessert Bar; Rooftop; Outdoor Seating; Parking,7,False,True,True,2022-01-23,1573
REST000900,Restaurant_900,Delhi,Delhi_Locality_9,Casual Dining,Mughlai,10.7,11:00,23:00,292,3.7,30,4.4,3692,4.05,1336,Luxury,73,73,55,46,17.0,22.0,10,16,173,205,191836,213626,185521,206143,42.0,58.0,Zomato Better,Bar; Live Music; Takeaway; AC,4,False,False,True,2017-07-09,3232
REST000901,Restaurant_901,Delhi,Delhi_Locality_15,QSR (Quick Service),Mughlai,11.1,08:00,23:00,3461,4.7,2432,4.1,2899,4.4,551,Mid-Range,75,75,43,40,17.0,20.0,35,23,311,271,142229,119456,130567,109294,47.0,53.0,Swiggy Better,Bar; AC; Parking; Dine-in; Rooftop; Outdoor Seating,6,False,False,True,2025-07-15,304
REST000902,Restaurant_902,Delhi,Delhi_Locality_3,Fine Dine,Korean,12.4,09:00,23:00,2684,3.6,617,3.9,500,3.75,469,Mid-Range,82,82,51,51,15.0,15.0,12,5,147,160,58601,63784,52574,57224,42.0,58.0,Zomato Better,Dessert Bar; Private Room; Family Friendly; Smoking Area; AC; Live Music,6,False,True,True,2024-10-08,584
REST000903,Restaurant_903,Delhi,Delhi_Locality_18,Casual Dining,Biryani,5.7,07:00,22:00,666,3.6,2340,4.4,4209,4.0,902,Premium,48,48,26,42,19.0,18.0,9,16,176,216,128589,159762,124365,154578,41.0,59.0,Zomato Better,Dine-in; Smoking Area; Bar,3,True,False,False,2016-12-23,3430
REST000904,Restaurant_904,Delhi,Delhi_Locality_5,Casual Dining,Korean; Korean,13.2,12:00,22:00,2909,4.1,2832,4.3,4920,4.2,1499,Luxury,86,86,44,44,18.0,23.0,18,13,258,270,317128,311642,306034,300032,46.0,54.0,Swiggy Better,Dessert Bar; Alcohol; Live Music; Smoking Area; Family Friendly; AC,6,False,True,False,2016-05-23,3644
REST000905,Restaurant_905,Delhi,Delhi_Locality_4,Casual Dining,Thai,1.9,12:00,22:00,1155,4.3,1350,3.3,3515,3.8,954,Premium,30,30,27,33,22.0,22.0,21,6,224,171,166682,127244,163322,124679,53.0,47.0,Swiggy Better,Family Friendly; Outdoor Seating; WiFi; Parking,4,False,True,True,2017-03-25,3338
REST000906,Restaurant_906,Delhi,Delhi_Locality_13,Cloud Kitchen,Pan-Asian; Mughlai,9.4,09:00,23:00,1712,3.5,1318,4.0,1359,3.75,720,Premium,67,67,46,37,27.0,22.0,11,14,259,296,136130,166233,127453,156317,69.0,31.0,Zomato Better,Dine-in; AC; Vegan Options; Outdoor Seating; Rooftop,5,False,False,False,2021-12-28,1599
REST000907,Restaurant_907,Delhi,Delhi_Locality_14,Fine Dine,Continental; South Indian,11.6,10:00,23:00,3104,3.9,1905,3.8,2627,3.85,194,Budget,78,78,43,43,16.0,14.0,7,6,166,162,27051,27028,20577,20710,43.0,57.0,Zomato Better,Vegan Options; Takeaway; WiFi; AC,4,False,True,True,2024-03-14,792
REST000908,Restaurant_908,Delhi,Delhi_Locality_18,Casual Dining,Seafood; Street Food,14.8,12:00,22:00,2854,3.9,4046,4.4,4656,4.15,1099,Premium,94,94,56,52,20.0,21.0,5,24,244,275,214524,238757,203056,225832,42.0,58.0,Zomato Better,Live Music; Smoking Area; Dessert Bar,3,True,True,False,2023-01-03,1228
REST000909,Restaurant_909,Delhi,Delhi_Locality_8,Food Truck,Biryani; Continental,3.3,12:00,22:00,2672,3.7,2219,3.1,2604,3.4,281,Budget,36,36,30,26,21.0,17.0,8,11,121,101,26860,23556,24682,21738,53.0,47.0,Swiggy Better,Live Music; Dessert Bar; Outdoor Seating; Alcohol; AC; Smoking Area; Dine-in; Takeaway,8,True,True,True,2016-05-20,3647
REST000910,Restaurant_910,Delhi,Delhi_Locality_17,Fine Dine,South Indian; Biryani,4.7,08:00,23:00,1129,4.3,4459,3.4,1677,3.85,569,Mid-Range,43,43,37,34,16.0,14.0,15,13,148,117,70738,57252,67556,54737,53.0,47.0,Swiggy Better,AC; Family Friendly; Bar; Rooftop; Dessert Bar; Takeaway; Live Music,7,False,True,False,2016-09-25,3519
REST000911,Restaurant_911,Delhi,Delhi_Locality_10,Cafe,Biryani,13.4,11:00,22:00,3620,5.0,3444,4.2,2303,4.6,1313,Luxury,87,87,51,50,18.0,21.0,22,16,269,226,289621,234423,277920,224592,62.0,38.0,Swiggy Better,Dine-in; Private Room; Dessert Bar; Smoking Area; Takeaway,5,True,False,False,2023-01-06,1225
REST000912,Restaurant_912,Delhi,Delhi_Locality_17,Fine Dine,Multi-Cuisine,10.9,12:00,22:00,2931,3.9,4301,4.0,4184,3.95,1331,Luxury,74,74,41,40,14.0,12.0,9,11,163,168,186579,196775,180548,190559,41.0,59.0,Zomato Better,Live Music; Takeaway; Parking; AC; Bar,5,False,True,True,2018-08-01,2844
REST000913,Restaurant_913,Delhi,Delhi_Locality_4,QSR (Quick Service),Bakery,4.5,08:00,23:00,2674,3.9,4152,4.3,419,4.1,553,Mid-Range,42,42,40,35,19.0,23.0,11,19,239,264,107055,112413,102036,106869,47.0,53.0,Zomato Better,Takeaway; Family Friendly; Private Room; Alcohol; WiFi; Dine-in,6,True,True,False,2024-07-21,663
REST000914,Restaurant_914,Delhi,Delhi_Locality_20,Cafe,Italian,8.1,12:00,22:00,2318,3.8,775,4.0,884,3.9,899,Premium,60,60,36,40,20.0,20.0,6,25,180,189,129456,135928,124056,130258,65.0,35.0,Zomato Better,Family Friendly; Parking; Vegan Options; Bar; Alcohol; Live Music,6,True,True,True,2021-08-24,1725
REST000915,Restaurant_915,Delhi,Delhi_Locality_11,Cloud Kitchen,South Indian; North Indian,14.6,08:00,23:00,2226,4.1,4426,4.3,558,4.2,1354,Luxury,93,93,51,57,25.0,23.0,17,17,321,336,325975,350306,311049,334682,69.0,31.0,Zomato Better,Dessert Bar; Vegan Options; Rooftop; Alcohol; Outdoor Seating; WiFi; Smoking Area,7,False,False,True,2018-11-22,2731
REST000916,Restaurant_916,Delhi,Delhi_Locality_11,Fine Dine,Street Food; Multi-Cuisine,8.6,12:00,23:00,302,3.7,3494,3.9,3514,3.8,1272,Luxury,63,63,32,43,17.0,13.0,7,13,115,121,121412,133903,117789,130091,40.0,60.0,Zomato Better,Live Music; Outdoor Seating; Family Friendly; Private Room; Rooftop,5,False,False,True,2019-08-24,2456
REST000917,Restaurant_917,Delhi,Delhi_Locality_12,QSR (Quick Service),Mughlai,12.3,07:00,22:00,2938,3.7,3046,4.7,2466,4.2,1023,Premium,81,81,52,51,20.0,18.0,5,37,233,296,190687,248302,181250,236314,61.0,39.0,Zomato Better,Smoking Area; Family Friendly; Outdoor Seating; Bar; Dine-in; Private Room; Live Music,7,True,False,False,2017-05-23,3279
REST000918,Restaurant_918,Delhi,Delhi_Locality_4,Cloud Kitchen,Street Food; Italian,13.2,09:00,22:00,2083,3.7,3948,4.6,4138,4.15,948,Premium,86,86,54,59,25.0,22.0,6,21,285,354,202635,261761,190380,246539,56.0,44.0,Zomato Better,Bar; Private Room; WiFi; Outdoor Seating,4,True,False,False,2018-09-19,2795
REST000919,Restaurant_919,Delhi,Delhi_Locality_12,Cloud Kitchen,Bakery; South Indian,11.2,12:00,23:00,2010,4.2,3509,4.0,995,4.1,1337,Luxury,76,76,42,44,26.0,25.0,22,22,321,306,317590,306841,305392,295213,63.0,37.0,Swiggy Better,AC; WiFi; Dine-in; Vegan Options; Bar; Smoking Area,6,True,True,False,2023-01-24,1207
REST000920,Restaurant_920,Delhi,Delhi_Locality_5,Fine Dine,North Indian; Pan-Asian,2.8,09:00,22:00,3405,4.4,2996,4.0,1617,4.2,1089,Premium,33,33,21,21,17.0,15.0,18,17,193,175,174446,161988,171262,159101,43.0,57.0,Swiggy Better,Bar; Dine-in; Family Friendly; Private Room; Parking; WiFi; Rooftop,7,True,False,True,2025-09-22,235
REST000921,Restaurant_921,Delhi,Delhi_Locality_4,QSR (Quick Service),Multi-Cuisine; Korean,1.7,07:00,22:00,1376,4.4,1250,4.1,3442,4.25,168,Budget,30,30,29,28,20.0,21.0,18,24,235,219,31584,29065,28059,25780,53.0,47.0,Swiggy Better,Vegan Options; Family Friendly; Alcohol; Live Music; Bar,5,False,False,True,2020-08-05,2109
REST000922,Restaurant_922,Delhi,Delhi_Locality_6,QSR (Quick Service),Multi-Cuisine; Vietnamese,2.1,10:00,23:00,2366,3.3,3159,3.7,1996,3.5,1184,Premium,30,30,42,22,19.0,22.0,7,5,196,220,187971,203174,185031,199874,53.0,47.0,Zomato Better,Takeaway; Family Friendly; Bar; Outdoor Seating,4,False,False,True,2022-03-13,1524
REST000923,Restaurant_923,Delhi,Delhi_Locality_18,Food Truck,Continental,5.3,11:00,22:00,3545,4.5,1062,4.0,2386,4.25,155,Budget,46,46,36,35,21.0,18.0,37,22,160,142,19592,18048,15912,14782,63.0,37.0,Swiggy Better,Dine-in; Takeaway; WiFi; Dessert Bar; AC; Smoking Area; Parking; Private Room,8,True,False,True,2023-02-24,1176
REST000924,Restaurant_924,Delhi,Delhi_Locality_7,Casual Dining,Multi-Cuisine; Mediterranean,11.1,12:00,22:00,3630,4.4,3457,4.0,1788,4.2,931,Premium,75,75,40,42,22.0,18.0,11,11,296,269,214949,205359,203849,195272,53.0,47.0,Swiggy Better,Dine-in; Vegan Options; Smoking Area; Alcohol; Private Room; Dessert Bar; Live Music; Takeaway,8,False,True,True,2018-02-18,3008
REST000925,Restaurant_925,Delhi,Delhi_Locality_17,QSR (Quick Service),Japanese; Fast Food,9.8,09:00,23:00,974,4.5,4926,4.2,1482,4.35,1429,Luxury,69,69,41,38,23.0,21.0,40,24,229,214,251975,241586,244075,234203,50.0,50.0,Swiggy Better,AC; Takeaway; Live Music; Smoking Area; Bar; Outdoor Seating,6,True,True,True,2024-09-18,604
REST000926,Restaurant_926,Delhi,Delhi_Locality_3,Cafe,Lebanese,5.6,11:00,23:00,3573,4.2,2110,3.2,3761,3.7,157,Budget,48,48,43,28,23.0,22.0,12,5,225,171,27200,20940,21800,16836,49.0,51.0,Swiggy Better,Dessert Bar; Alcohol; Live Music; Smoking Area; Rooftop,5,True,False,True,2020-09-17,2066
REST000927,Restaurant_927,Delhi,Delhi_Locality_5,Food Truck,Street Food; Seafood,1.9,07:00,23:00,2424,4.3,1916,4.3,3896,4.3,985,Premium,30,30,28,24,21.0,19.0,25,23,137,137,106606,109305,104551,107250,46.0,54.0,Zomato Better,Bar; Private Room; Takeaway; Alcohol; Family Friendly; Dessert Bar,6,False,True,True,2018-11-28,2725
REST000928,Restaurant_928,Delhi,Delhi_Locality_17,Cloud Kitchen,Cafe,13.6,09:00,22:00,2761,4.5,1332,4.3,3777,4.4,972,Premium,88,88,53,54,25.0,25.0,36,10,372,355,271188,258795,254820,243175,64.0,36.0,Swiggy Better,Bar; Smoking Area; Live Music; Family Friendly; Dessert Bar; AC; Takeaway,7,False,False,True,2024-05-23,722
REST000929,Restaurant_929,Delhi,Delhi_Locality_20,Food Truck,Lebanese; Japanese,0.5,11:00,22:00,1223,4.2,879,3.5,1120,3.85,812,Premium,30,30,22,30,20.0,23.0,25,11,117,98,76003,61273,74248,59803,54.0,46.0,Swiggy Better,Dine-in; Alcohol; Live Music; Private Room; Parking,5,True,False,True,2025-12-16,150
REST000930,Restaurant_930,Delhi,Delhi_Locality_15,Cafe,Seafood,2.1,10:00,23:00,3227,3.5,4693,4.1,583,3.8,434,Mid-Range,30,30,18,22,19.0,22.0,13,24,181,212,63628,71766,60913,68586,52.0,48.0,Zomato Better,Dessert Bar; Takeaway; WiFi,3,False,True,False,2025-08-29,259
REST000931,Restaurant_931,Delhi,Delhi_Locality_9,Fine Dine,North Indian; Fast Food,4.4,12:00,22:00,2913,3.6,4034,3.9,2873,3.75,1459,Luxury,42,42,32,34,12.0,13.0,8,5,151,163,193871,206900,190700,203477,43.0,57.0,Zomato Better,Takeaway; Bar; Outdoor Seating,3,False,True,False,2025-07-28,291
REST000932,Restaurant_932,Delhi,Delhi_Locality_6,Cafe,South Indian,8.8,10:00,23:00,124,4.1,1870,4.2,1558,4.15,985,Premium,64,64,35,36,17.0,18.0,11,10,150,153,122632,123578,117832,118682,58.0,42.0,Zomato Better,Dessert Bar; Live Music; Dine-in; Outdoor Seating; WiFi; Bar,6,False,False,False,2024-09-24,598
REST000933,Restaurant_933,Delhi,Delhi_Locality_8,Cafe,Korean,7.3,12:00,23:00,3276,4.6,2685,4.0,4063,4.3,338,Mid-Range,56,56,42,31,23.0,23.0,31,23,239,208,62202,54134,55510,48310,51.0,49.0,Swiggy Better,Rooftop; Family Friendly; WiFi; Dine-in; AC; Alcohol; Private Room; Live Music,8,False,False,False,2023-06-14,1066
REST000934,Restaurant_934,Delhi,Delhi_Locality_3,Casual Dining,Desserts,4.6,10:00,23:00,2714,3.5,1637,4.6,2202,4.05,1187,Premium,42,42,35,38,18.0,23.0,10,40,216,283,210241,258659,205705,252716,51.0,49.0,Zomato Better,AC; Dessert Bar; Outdoor Seating; Smoking Area; Family Friendly; Live Music; Bar,7,False,False,False,2020-06-25,2150
REST000935,Restaurant_935,Delhi,Delhi_Locality_15,Casual Dining,Continental,7.4,10:00,22:00,2178,4.8,2391,3.6,2006,4.2,475,Mid-Range,57,57,40,32,21.0,18.0,40,9,280,210,105070,81795,97090,75810,52.0,48.0,Swiggy Better,Live Music; Private Room; Bar; AC; Vegan Options,5,False,True,True,2022-04-18,1488
REST000936,Restaurant_936,Delhi,Delhi_Locality_2,Cafe,Seafood,5.7,07:00,22:00,2982,3.6,1363,3.9,77,3.75,254,Budget,48,48,32,37,22.0,22.0,14,5,182,197,36057,39029,31689,34301,63.0,37.0,Zomato Better,Family Friendly; Smoking Area; Live Music; Bar; Private Room; Outdoor Seating; Parking; WiFi,8,False,True,True,2023-07-31,1019
REST000937,Restaurant_937,Delhi,Delhi_Locality_18,Fine Dine,Mexican,14.9,09:00,22:00,480,3.7,49,3.5,2466,3.6,853,Premium,94,94,57,55,14.0,14.0,6,7,118,111,86562,81427,81016,76210,48.0,52.0,Swiggy Better,Vegan Options; WiFi; Rooftop; Dessert Bar; Bar; Live Music,6,True,False,False,2019-05-01,2571
REST000938,Restaurant_938,Delhi,Delhi_Locality_4,Casual Dining,Chinese; Italian,2.6,09:00,22:00,2720,3.9,3295,4.8,2942,4.35,528,Mid-Range,33,33,37,24,20.0,21.0,7,31,240,296,101376,123467,97416,118583,42.0,58.0,Zomato Better,Bar; Dine-in; Alcohol,3,False,False,True,2023-10-13,945
REST000939,Restaurant_939,Delhi,Delhi_Locality_10,Food Truck,Biryani,5.5,09:00,23:00,358,4.7,672,3.9,4799,4.3,625,Mid-Range,47,47,35,37,23.0,19.0,31,10,118,98,56787,49612,54014,47309,58.0,42.0,Swiggy Better,Live Music; Bar; Family Friendly; Private Room; Dine-in; AC; Outdoor Seating; Rooftop,8,True,True,False,2021-08-17,1732
REST000940,Restaurant_940,Delhi,Delhi_Locality_13,Casual Dining,Cafe,1.9,08:00,22:00,3484,3.6,3078,3.3,3476,3.45,491,Mid-Range,30,30,29,24,22.0,17.0,9,13,239,219,91532,89249,87947,85964,42.0,58.0,Swiggy Better,Alcohol; Rooftop; Dessert Bar,3,False,False,True,2024-06-30,684
REST000941,Restaurant_941,Delhi,Delhi_Locality_19,Food Truck,Vietnamese; Mexican,3.9,10:00,22:00,2501,4.8,4906,4.1,2762,4.45,301,Mid-Range,39,39,27,35,19.0,21.0,39,14,154,132,37546,31388,34543,28814,46.0,54.0,Swiggy Better,Smoking Area; Dessert Bar; Bar; Rooftop,4,False,False,True,2023-09-26,962
REST000942,Restaurant_942,Delhi,Delhi_Locality_8,Casual Dining,Bakery,12.5,11:00,22:00,2205,3.9,750,4.3,2400,4.1,1481,Luxury,82,82,51,52,18.0,19.0,5,14,228,251,276887,301102,267539,290811,49.0,51.0,Zomato Better,Outdoor Seating; Rooftop; Bar; Live Music; Takeaway; Private Room; WiFi,7,True,False,False,2022-03-26,1511
REST000943,Restaurant_943,Delhi,Delhi_Locality_20,Cloud Kitchen,Mediterranean,9.3,12:00,23:00,481,4.0,2346,4.1,2129,4.05,547,Mid-Range,66,66,48,39,26.0,23.0,21,17,255,262,103218,110351,94803,101705,69.0,31.0,Zomato Better,Smoking Area; Dine-in; Dessert Bar,3,True,False,True,2020-11-11,2011
REST000944,Restaurant_944,Delhi,Delhi_Locality_1,Cafe,Lebanese,6.4,11:00,22:00,2828,4.9,4965,3.7,1046,4.3,948,Premium,52,52,48,30,22.0,18.0,25,13,244,184,180423,143034,174079,138250,61.0,39.0,Swiggy Better,Private Room; AC; Outdoor Seating,3,True,True,False,2018-02-02,3024
REST000945,Restaurant_945,Delhi,Delhi_Locality_4,Casual Dining,Vietnamese,9.1,10:00,22:00,1038,4.1,3782,3.6,3574,3.85,1141,Premium,65,65,44,43,20.0,20.0,10,12,210,185,191688,168868,184863,162855,42.0,58.0,Swiggy Better,WiFi; Parking; Vegan Options; Bar; Rooftop; Takeaway; Private Room; Live Music,8,True,False,False,2023-03-20,1152
REST000946,Restaurant_946,Delhi,Delhi_Locality_1,Fine Dine,North Indian; Fast Food,2.4,10:00,22:00,2676,3.5,290,3.8,1755,3.65,784,Premium,31,31,23,21,14.0,14.0,11,5,143,155,96416,104507,94199,102104,43.0,57.0,Zomato Better,Dessert Bar; Rooftop; Dine-in; WiFi,4,True,True,False,2023-03-24,1148
REST000947,Restaurant_947,Delhi,Delhi_Locality_3,Cafe,Street Food; Seafood,8.3,08:00,22:00,2993,4.1,798,3.5,375,3.8,304,Mid-Range,61,61,48,35,20.0,17.0,20,6,208,177,50585,44660,44241,39262,58.0,42.0,Swiggy Better,Live Music; WiFi; AC; Dine-in,4,True,False,True,2024-06-30,684
REST000948,Restaurant_948,Delhi,Delhi_Locality_18,Fine Dine,Italian,3.0,08:00,22:00,3290,4.5,1623,4.1,639,4.3,942,Premium,35,35,23,29,13.0,17.0,27,12,195,178,159810,139171,156397,136056,50.0,50.0,Swiggy Better,Bar; Family Friendly; Live Music; Smoking Area; AC; Vegan Options; Dine-in; Private Room,8,False,False,False,2021-06-26,1784
REST000949,Restaurant_949,Delhi,Delhi_Locality_12,Casual Dining,South Indian,2.4,12:00,22:00,1082,4.2,82,3.0,3751,3.6,383,Mid-Range,31,31,26,31,22.0,22.0,15,13,217,155,64826,46304,61463,43902,45.0,55.0,Swiggy Better,Parking; Takeaway; Outdoor Seating; Live Music; Family Friendly; Dine-in; Alcohol,7,False,True,True,2017-09-17,3162
REST000950,Restaurant_950,Delhi,Delhi_Locality_10,Food Truck,Chinese; Lebanese,5.7,10:00,23:00,1518,4.3,2782,4.3,3200,4.3,385,Mid-Range,48,48,31,33,18.0,20.0,13,23,124,124,39146,38192,36170,35216,55.0,45.0,Swiggy Better,Private Room; AC; Live Music; Vegan Options,4,False,False,True,2025-02-03,466
REST000951,Restaurant_951,Delhi,Delhi_Locality_15,Cafe,Mediterranean; Mediterranean,8.4,09:00,23:00,133,3.6,1612,4.0,4470,3.8,1224,Luxury,62,62,37,42,18.0,18.0,15,19,131,146,131482,146537,127421,142011,65.0,35.0,Zomato Better,AC; Takeaway; WiFi; Rooftop; Smoking Area; Dessert Bar; Outdoor Seating; Family Friendly,8,False,True,True,2018-02-17,3009
REST000952,Restaurant_952,Delhi,Delhi_Locality_3,Fine Dine,Seafood; Italian,12.2,07:00,23:00,1734,4.3,3078,4.5,1530,4.4,755,Premium,81,81,46,49,15.0,15.0,23,28,159,167,102038,107172,95598,100408,46.0,54.0,Zomato Better,Dine-in; Private Room; WiFi; AC; Parking; Bar,6,False,False,True,2026-01-16,119
REST000953,Restaurant_953,Delhi,Delhi_Locality_8,Cloud Kitchen,Japanese,0.5,11:00,22:00,1169,3.5,1876,4.0,3299,3.75,614,Mid-Range,30,30,25,24,28.0,26.0,7,13,243,278,107425,126312,103780,122142,62.0,38.0,Zomato Better,Dessert Bar; Outdoor Seating; Family Friendly; Dine-in; AC; Parking; Live Music; WiFi,8,True,True,True,2023-04-29,1112
REST000954,Restaurant_954,Delhi,Delhi_Locality_4,Cloud Kitchen,Biryani,1.7,08:00,22:00,1880,3.7,1026,4.0,4258,3.85,544,Mid-Range,30,30,34,29,26.0,28.0,11,11,279,301,112314,117895,108129,113380,64.0,36.0,Zomato Better,Parking; Dessert Bar; Family Friendly; Alcohol; Vegan Options; Bar,6,False,False,False,2023-02-04,1196
REST000955,Restaurant_955,Delhi,Delhi_Locality_6,Food Truck,Vietnamese,14.0,07:00,23:00,582,4.2,3362,4.2,2760,4.2,1005,Premium,90,90,47,59,20.0,18.0,10,23,108,108,86832,89002,81972,84142,56.0,44.0,Zomato Better,Family Friendly; Live Music; Dessert Bar,3,False,False,True,2016-08-17,3558
REST000956,Restaurant_956,Delhi,Delhi_Locality_4,Fine Dine,Mexican,2.9,09:00,23:00,1918,3.8,3404,4.1,856,3.95,1007,Premium,34,34,25,26,17.0,15.0,6,16,143,155,119520,132672,117089,130037,43.0,57.0,Zomato Better,Private Room; Bar; Smoking Area; Vegan Options; Dessert Bar; Rooftop; Dine-in,7,False,True,True,2018-06-19,2887
REST000957,Restaurant_957,Delhi,Delhi_Locality_16,Fine Dine,Bakery; North Indian,1.6,09:00,22:00,2052,4.2,951,3.4,3196,3.8,604,Mid-Range,30,30,30,20,13.0,17.0,12,12,161,130,84602,65171,82187,63221,46.0,54.0,Swiggy Better,Private Room; Alcohol; Parking; WiFi; Vegan Options; Dine-in; Dessert Bar,7,False,True,False,2023-07-27,1023
REST000958,Restaurant_958,Delhi,Delhi_Locality_12,Cafe,Fast Food; Seafood,8.0,11:00,22:00,1393,3.8,1930,4.4,4906,4.1,1350,Luxury,60,60,32,38,22.0,23.0,8,14,162,188,170586,195426,165726,189786,48.0,52.0,Zomato Better,Smoking Area; Parking; Rooftop; Private Room,4,True,False,False,2017-03-21,3342
REST000959,Restaurant_959,Delhi,Delhi_Locality_11,Fine Dine,Vietnamese; Fast Food,8.6,07:00,23:00,3626,4.4,1480,3.3,880,3.85,523,Mid-Range,63,63,40,37,16.0,14.0,18,10,197,148,86546,66567,80340,61905,41.0,59.0,Swiggy Better,Takeaway; Private Room; Live Music; Bar; Alcohol,5,False,False,True,2023-09-01,987
REST000960,Restaurant_960,Delhi,Delhi_Locality_2,QSR (Quick Service),Mediterranean,9.2,10:00,23:00,65,3.4,387,3.9,4819,3.65,1027,Premium,66,66,41,39,20.0,20.0,15,9,154,177,126526,145423,121444,139582,63.0,37.0,Zomato Better,Dine-in; Alcohol; Bar; Vegan Options; Rooftop; Outdoor Seating; Takeaway; Family Friendly,8,False,True,True,2022-08-08,1376
REST000961,Restaurant_961,Delhi,Delhi_Locality_3,Cloud Kitchen,Mediterranean,13.2,11:00,23:00,913,4.2,245,4.4,3927,4.3,428,Mid-Range,86,86,56,56,28.0,26.0,15,19,283,297,87209,94065,75040,81294,69.0,31.0,Zomato Better,Dessert Bar; Outdoor Seating; Smoking Area; Private Room,4,False,True,True,2018-07-27,2849
REST000962,Restaurant_962,Delhi,Delhi_Locality_6,Fine Dine,Mexican; Cafe,11.1,09:00,23:00,1807,4.1,4468,3.9,828,4.0,1478,Luxury,75,75,48,43,17.0,15.0,18,7,153,145,187691,182163,181953,176726,43.0,57.0,Swiggy Better,Dessert Bar; Dine-in; Outdoor Seating; Bar; WiFi; Live Music; Parking; Private Room,8,False,False,False,2021-09-04,1714
REST000963,Restaurant_963,Delhi,Delhi_Locality_17,Cafe,Chinese,6.7,09:00,23:00,296,4.1,4728,4.0,2344,4.05,361,Mid-Range,53,53,36,42,21.0,17.0,16,24,153,149,43634,44644,39579,40696,57.0,43.0,Zomato Better,Parking; WiFi; Dessert Bar,3,True,False,False,2016-11-18,3465
REST000964,Restaurant_964,Delhi,Delhi_Locality_17,Fine Dine,Biryani; South Indian,13.7,10:00,22:00,763,3.6,588,3.4,232,3.5,1466,Luxury,88,88,53,57,13.0,15.0,7,5,119,112,151774,139563,146538,134635,49.0,51.0,Swiggy Better,Outdoor Seating; Live Music; Family Friendly; AC; Bar; Dessert Bar; Vegan Options; Smoking Area,8,True,False,True,2023-09-01,987
REST000965,Restaurant_965,Delhi,Delhi_Locality_9,Food Truck,Mediterranean,1.8,12:00,22:00,297,3.9,1898,4.0,2513,3.95,409,Mid-Range,30,30,27,35,17.0,20.0,7,16,97,99,32928,32392,31473,30907,48.0,52.0,Swiggy Better,AC; Live Music; Private Room; WiFi; Dessert Bar,5,True,True,True,2023-05-27,1084
REST000966,Restaurant_966,Delhi,Delhi_Locality_17,Cloud Kitchen,Pan-Asian,6.0,09:00,22:00,2537,3.3,2975,4.0,2369,3.65,509,Mid-Range,50,50,35,44,28.0,28.0,13,20,266,323,97483,118373,90833,110298,59.0,41.0,Zomato Better,Dine-in; Family Friendly; WiFi; Live Music; Parking,5,True,False,False,2024-06-16,698
REST000967,Restaurant_967,Delhi,Delhi_Locality_1,Food Truck,Desserts; Multi-Cuisine,4.1,11:00,23:00,1778,3.9,4932,4.3,797,4.1,1113,Premium,40,40,31,34,22.0,20.0,5,11,116,128,100704,113971,98384,111411,54.0,46.0,Zomato Better,Rooftop; Vegan Options; Parking; WiFi; Outdoor Seating; Alcohol; Private Room,7,False,True,False,2023-03-17,1155
REST000968,Restaurant_968,Delhi,Delhi_Locality_13,Cafe,Vietnamese; Biryani,8.0,10:00,23:00,1806,3.5,2125,3.7,3753,3.6,183,Budget,60,60,39,42,22.0,17.0,11,14,157,166,22410,25213,17700,20233,59.0,41.0,Zomato Better,Takeaway; Private Room; WiFi,3,False,True,True,2025-05-20,360
REST000969,Restaurant_969,Delhi,Delhi_Locality_15,Casual Dining,Thai,2.0,10:00,23:00,1636,3.4,10,4.3,2784,3.85,306,Mid-Range,30,30,23,27,21.0,19.0,15,19,187,236,45205,58494,42400,54954,54.0,46.0,Zomato Better,Vegan Options; Bar; Dessert Bar; Outdoor Seating; Live Music,5,False,True,False,2022-02-28,1537
REST000970,Restaurant_970,Delhi,Delhi_Locality_9,Food Truck,Thai,5.2,12:00,23:00,98,4.1,4733,3.6,1888,3.85,1142,Premium,46,46,34,36,21.0,19.0,15,13,99,87,89315,80476,87038,78475,61.0,39.0,Swiggy Better,Takeaway; Family Friendly; Bar; Alcohol; Vegan Options; Outdoor Seating,6,False,False,False,2024-11-22,539
REST000971,Restaurant_971,Delhi,Delhi_Locality_8,Fine Dine,Continental,8.3,12:00,23:00,3598,3.8,3093,4.1,2474,3.95,1203,Luxury,61,61,43,41,17.0,15.0,9,17,170,183,169743,187126,164558,181545,46.0,54.0,Zomato Better,AC; Private Room; Alcohol; Dine-in; Dessert Bar; Smoking Area; Live Music; Parking,8,False,True,True,2026-01-28,107
REST000972,Restaurant_972,Delhi,Delhi_Locality_15,Fine Dine,Chinese; Continental,8.5,11:00,23:00,1575,4.6,1717,4.4,22,4.5,752,Premium,62,62,38,37,17.0,17.0,35,12,167,160,104234,99865,99057,94905,46.0,54.0,Swiggy Better,Alcohol; AC; Rooftop; Family Friendly; Dine-in,5,True,False,False,2022-08-13,1371
REST000973,Restaurant_973,Delhi,Delhi_Locality_7,Casual Dining,South Indian; Mexican,4.2,09:00,22:00,2815,3.8,4177,3.8,4906,3.8,923,Premium,41,41,33,25,20.0,21.0,7,8,236,236,174262,172084,169424,167246,43.0,57.0,Swiggy Better,Parking; Family Friendly; Dessert Bar; AC,4,True,False,True,2018-04-13,2954
REST000974,Restaurant_974,Delhi,Delhi_Locality_10,Cloud Kitchen,Cafe; Street Food,4.6,10:00,23:00,1493,4.2,3397,3.8,1123,4.0,944,Premium,42,42,34,39,26.0,25.0,25,12,303,274,211663,193992,205300,188238,66.0,34.0,Swiggy Better,Rooftop; Family Friendly; Smoking Area; Parking; Vegan Options,5,False,False,True,2018-12-31,2692
REST000975,Restaurant_975,Delhi,Delhi_Locality_19,QSR (Quick Service),Thai; Continental,5.6,10:00,23:00,809,4.2,235,3.2,1976,3.7,1125,Premium,48,48,32,39,17.0,22.0,10,12,209,159,195153,139522,190137,135706,55.0,45.0,Swiggy Better,Family Friendly; Parking; Takeaway; WiFi; Vegan Options; Smoking Area,6,False,True,True,2022-12-12,1250
REST000976,Restaurant_976,Delhi,Delhi_Locality_7,Fine Dine,Mughlai; Bakery,1.4,07:00,22:00,2439,3.9,2285,3.9,284,3.9,987,Premium,30,30,24,31,13.0,14.0,9,10,156,156,133955,132415,131615,130075,48.0,52.0,Swiggy Better,Alcohol; Rooftop; Parking; Dessert Bar,4,False,False,False,2023-07-13,1037
REST000977,Restaurant_977,Delhi,Delhi_Locality_14,Casual Dining,Bakery; Continental,6.7,12:00,22:00,160,4.1,3830,3.9,246,4.0,1318,Luxury,53,53,38,36,22.0,21.0,21,11,188,179,193271,186378,188289,181634,51.0,49.0,Swiggy Better,Takeaway; Vegan Options; Bar,3,False,False,True,2025-05-21,359
REST000978,Restaurant_978,Delhi,Delhi_Locality_17,Food Truck,Italian; Mughlai,3.6,09:00,23:00,1864,3.7,2520,4.2,3863,3.95,1068,Premium,38,38,30,33,21.0,20.0,15,10,111,126,93652,107654,91543,105260,58.0,42.0,Zomato Better,Bar; Family Friendly; Smoking Area; Vegan Options; AC,5,False,False,True,2020-02-24,2272
REST000979,Restaurant_979,Delhi,Delhi_Locality_12,Cafe,Vietnamese,10.8,10:00,23:00,1540,4.5,147,3.9,4325,4.2,1464,Luxury,74,74,43,43,18.0,18.0,7,14,196,170,235294,204081,228042,197791,48.0,52.0,Swiggy Better,Outdoor Seating; Family Friendly; AC; WiFi; Dine-in; Parking; Bar; Private Room,8,True,False,True,2024-04-30,745
REST000980,Restaurant_980,Delhi,Delhi_Locality_3,Fine Dine,Desserts,3.6,11:00,23:00,391,3.8,2529,4.2,3705,4.0,648,Mid-Range,38,38,33,38,15.0,16.0,10,15,120,132,66096,71850,63816,69342,41.0,59.0,Zomato Better,Family Friendly; WiFi; Private Room; Outdoor Seating; Dine-in,5,True,False,False,2019-07-01,2510
REST000981,Restaurant_981,Delhi,Delhi_Locality_6,QSR (Quick Service),Italian,13.8,11:00,23:00,955,3.5,682,3.4,4411,3.45,982,Premium,89,89,42,58,20.0,18.0,6,8,178,173,139836,139306,131915,131608,62.0,38.0,Swiggy Better,Takeaway; Alcohol; Dessert Bar; Live Music; Dine-in,5,True,False,False,2020-07-10,2135
REST000982,Restaurant_982,Delhi,Delhi_Locality_11,Casual Dining,Desserts; Mexican,8.3,09:00,22:00,351,4.9,4417,3.7,2997,4.3,1456,Luxury,61,61,42,43,19.0,22.0,39,5,231,174,272432,197608,265386,192301,48.0,52.0,Swiggy Better,Alcohol; WiFi; Bar; Dessert Bar; Takeaway; Outdoor Seating; Smoking Area,7,False,False,True,2022-03-29,1508
REST000983,Restaurant_983,Delhi,Delhi_Locality_20,Cloud Kitchen,Street Food,3.1,08:00,22:00,2233,3.7,4695,3.8,761,3.75,1271,Luxury,35,35,37,25,28.0,28.0,6,9,289,297,264469,271790,259412,266593,70.0,30.0,Zomato Better,Live Music; WiFi; Outdoor Seating; Bar; Vegan Options; Rooftop,6,False,True,False,2025-02-18,451
REST000984,Restaurant_984,Delhi,Delhi_Locality_2,Food Truck,Street Food; Cafe,12.7,07:00,22:00,3042,4.3,3878,4.1,1592,4.2,754,Premium,83,83,52,51,18.0,18.0,20,21,146,139,90268,85940,84209,80172,59.0,41.0,Swiggy Better,Live Music; Private Room; Dine-in; Takeaway; Parking,5,True,True,True,2024-02-28,807
REST000985,Restaurant_985,Delhi,Delhi_Locality_15,QSR (Quick Service),Seafood,8.2,12:00,22:00,2781,4.4,3346,3.7,2963,4.05,1407,Luxury,60,60,34,39,20.0,21.0,23,8,273,229,307288,254540,299098,247670,51.0,49.0,Swiggy Better,Rooftop; WiFi; Parking; Private Room; Takeaway; Alcohol; Outdoor Seating; Dessert Bar,8,True,False,False,2019-05-28,2544
REST000986,Restaurant_986,Delhi,Delhi_Locality_10,QSR (Quick Service),Continental,10.4,12:00,22:00,2561,5.0,3142,4.2,3127,4.6,1411,Luxury,72,72,47,46,22.0,21.0,36,14,303,255,333475,284245,322567,275065,60.0,40.0,Swiggy Better,Dessert Bar; WiFi; Outdoor Seating; Bar,4,True,False,True,2020-04-13,2223
REST000987,Restaurant_987,Delhi,Delhi_Locality_3,Cloud Kitchen,Thai; Continental,9.7,09:00,23:00,2074,4.3,4666,4.6,3134,4.45,449,Mid-Range,68,68,47,45,25.0,28.0,12,20,331,354,111464,114441,100210,102405,60.0,40.0,Zomato Better,Parking; Vegan Options; Live Music,3,True,False,True,2020-10-07,2046
REST000988,Restaurant_988,Delhi,Delhi_Locality_7,Casual Dining,Japanese; South Indian,2.8,07:00,23:00,154,4.3,2792,3.8,4051,4.05,413,Mid-Range,33,33,30,33,18.0,21.0,12,9,197,174,66716,56770,63465,53899,47.0,53.0,Swiggy Better,Outdoor Seating; Bar; Rooftop; Dine-in; Parking,5,True,True,False,2019-03-16,2617
REST000989,Restaurant_989,Delhi,Delhi_Locality_18,Fine Dine,Mediterranean,0.9,08:00,23:00,3271,4.7,2471,4.1,3918,4.4,689,Mid-Range,30,30,18,29,16.0,14.0,38,10,204,178,118067,105472,115007,102802,50.0,50.0,Swiggy Better,Private Room; Takeaway; Dessert Bar; Alcohol; Vegan Options,5,False,False,False,2021-11-21,1636
REST000990,Restaurant_990,Delhi,Delhi_Locality_13,Casual Dining,South Indian,5.3,09:00,23:00,3474,4.1,4588,3.7,4041,3.9,1237,Luxury,46,46,29,35,19.0,20.0,17,6,272,245,272535,242452,266279,236817,51.0,49.0,Swiggy Better,AC; Dessert Bar; Dine-in; Smoking Area,4,True,True,True,2016-10-30,3484
REST000991,Restaurant_991,Delhi,Delhi_Locality_18,Fine Dine,Italian; Bakery,6.0,10:00,23:00,1174,3.8,662,3.6,4740,3.7,1410,Luxury,50,50,42,37,13.0,16.0,9,13,132,125,161924,148050,158624,144925,43.0,57.0,Swiggy Better,Rooftop; Smoking Area; Parking; Bar; Live Music; Alcohol; Outdoor Seating,7,False,False,True,2025-06-19,330
REST000992,Restaurant_992,Delhi,Delhi_Locality_12,QSR (Quick Service),Street Food; South Indian,3.9,08:00,22:00,1834,3.3,3359,3.6,3894,3.45,590,Mid-Range,39,39,26,25,18.0,21.0,11,12,185,202,89503,94152,85895,90213,52.0,48.0,Zomato Better,Rooftop; Alcohol; WiFi,3,False,False,False,2016-12-05,3448
REST000993,Restaurant_993,Delhi,Delhi_Locality_6,Cloud Kitchen,Biryani,5.8,12:00,22:00,2747,4.2,1359,3.8,4405,4.0,153,Budget,49,49,36,34,23.0,23.0,23,13,346,313,40762,36874,32285,29206,59.0,41.0,Swiggy Better,Parking; AC; Alcohol; Bar; WiFi; Private Room; Family Friendly,7,False,False,True,2020-08-27,2087
REST000994,Restaurant_994,Delhi,Delhi_Locality_18,Food Truck,Mediterranean,3.7,12:00,23:00,1131,3.3,3900,3.7,2752,3.5,450,Mid-Range,38,38,36,34,23.0,19.0,10,15,91,102,31531,37179,29802,35241,49.0,51.0,Zomato Better,Parking; Vegan Options; Dessert Bar; Outdoor Seating; Alcohol; Private Room; Family Friendly; WiFi,8,False,False,True,2025-04-24,386
REST000995,Restaurant_995,Delhi,Delhi_Locality_17,Cafe,Lebanese,6.1,10:00,23:00,670,3.9,975,4.2,4048,4.05,1019,Premium,50,50,37,40,19.0,19.0,10,23,153,165,126284,136189,122459,132064,57.0,43.0,Zomato Better,Smoking Area; Takeaway; Vegan Options; AC; Family Friendly,5,False,True,True,2018-03-09,2989
REST000996,Restaurant_996,Delhi,Delhi_Locality_17,Fine Dine,Korean; Pan-Asian,12.4,07:00,23:00,279,4.2,713,3.3,2691,3.75,1328,Luxury,82,82,42,50,14.0,13.0,18,13,130,102,148470,117846,143140,113664,43.0,57.0,Swiggy Better,Live Music; WiFi; Rooftop; Dessert Bar; Vegan Options; Outdoor Seating; Family Friendly; AC,8,False,True,False,2019-12-03,2355
REST000997,Restaurant_997,Delhi,Delhi_Locality_17,Cloud Kitchen,Lebanese; Chinese,14.6,07:00,22:00,1154,4.1,51,4.3,599,4.2,833,Premium,93,93,57,50,27.0,25.0,11,25,284,298,172697,186175,159491,172318,60.0,40.0,Zomato Better,Smoking Area; Parking; Private Room,3,False,False,True,2021-08-12,1737
REST000998,Restaurant_998,Delhi,Delhi_Locality_13,QSR (Quick Service),Cafe,1.1,10:00,23:00,1821,4.7,3310,3.7,1138,4.2,1165,Premium,30,30,31,32,19.0,21.0,29,14,264,208,249123,191432,245163,188312,60.0,40.0,Swiggy Better,Takeaway; Smoking Area; Vegan Options; Bar; Outdoor Seating; Alcohol; Parking,7,False,False,True,2018-01-01,3056
REST000999,Restaurant_999,Delhi,Delhi_Locality_3,Food Truck,Pan-Asian; Fast Food,13.3,09:00,22:00,1493,3.3,4082,3.7,3729,3.5,846,Premium,86,86,56,47,18.0,18.0,9,8,95,106,65903,73534,61818,68976,47.0,53.0,Zomato Better,Parking; AC; Family Friendly; Dessert Bar; Alcohol; WiFi; Vegan Options,7,False,True,True,2021-04-15,1856
REST001000,Restaurant_1000,Delhi,Delhi_Locality_19,Cloud Kitchen,Mughlai,10.6,11:00,22:00,439,3.6,571,4.1,1264,3.85,1322,Luxury,73,73,44,42,24.0,27.0,10,16,228,260,229076,250915,220754,241425,57.0,43.0,Zomato Better,Takeaway; AC; WiFi; Vegan Options; Alcohol; Outdoor Seating; Dessert Bar; Live Music,8,False,False,False,2023-03-28,1144
REST001001,Restaurant_1001,Delhi,Delhi_Locality_11,Cloud Kitchen,Mexican,8.9,10:00,22:00,180,3.8,2167,4.3,1732,4.05,1457,Luxury,64,64,44,39,25.0,26.0,6,20,233,264,254610,284639,247154,276191,70.0,30.0,Zomato Better,Rooftop; Vegan Options; Outdoor Seating; Smoking Area; Dine-in; Private Room,6,False,True,False,2020-10-29,2024
REST001002,Restaurant_1002,Delhi,Delhi_Locality_4,Cafe,Cafe,5.5,11:00,23:00,1504,2.7,401,4.3,909,3.5,402,Mid-Range,47,47,42,33,22.0,22.0,14,18,117,186,36686,58322,33937,53951,54.0,46.0,Zomato Better,Dessert Bar; Takeaway; Smoking Area; WiFi,4,False,True,False,2024-05-07,738
REST001003,Restaurant_1003,Delhi,Delhi_Locality_13,QSR (Quick Service),Street Food; Mughlai,4.2,09:00,23:00,944,3.6,4006,3.5,2541,3.55,345,Mid-Range,41,41,29,36,20.0,21.0,10,7,182,177,50232,48241,46501,44612,58.0,42.0,Swiggy Better,Private Room; Outdoor Seating; Alcohol; Parking,4,False,False,True,2020-02-03,2293
REST001004,Restaurant_1004,Delhi,Delhi_Locality_16,Cafe,Korean; Pan-Asian,11.3,10:00,23:00,1264,4.2,3358,3.9,3306,4.05,240,Budget,76,76,53,56,22.0,21.0,13,8,177,164,33134,31094,26408,24862,56.0,44.0,Swiggy Better,Outdoor Seating; Live Music; Private Room; Bar; Dessert Bar; WiFi,6,False,True,True,2022-12-01,1261
REST001005,Restaurant_1005,Delhi,Delhi_Locality_19,Cloud Kitchen,Italian,15.0,12:00,22:00,1851,4.0,4842,5.0,4017,4.5,652,Mid-Range,95,95,57,54,24.0,24.0,11,36,300,376,148656,186315,134406,168455,62.0,38.0,Zomato Better,Live Music; Family Friendly; WiFi; Parking; AC; Dine-in; Takeaway; Private Room,8,True,True,False,2019-06-19,2522
REST001006,Restaurant_1006,Delhi,Delhi_Locality_12,Fine Dine,North Indian,9.4,12:00,22:00,157,4.0,298,3.6,3149,3.8,1092,Premium,67,67,37,40,15.0,15.0,15,13,122,110,113240,102102,109153,98417,49.0,51.0,Swiggy Better,Parking; Dessert Bar; Takeaway; AC; Outdoor Seating,5,True,False,True,2019-10-21,2398
REST001007,Restaurant_1007,Delhi,Delhi_Locality_14,Cafe,Japanese; Korean,7.0,08:00,23:00,2802,4.7,3997,4.0,1977,4.35,903,Premium,55,55,45,32,21.0,17.0,21,24,234,199,166928,149148,160493,143676,59.0,41.0,Swiggy Better,Outdoor Seating; Alcohol; Private Room; Live Music,4,False,True,True,2023-11-22,905
REST001008,Restaurant_1008,Delhi,Delhi_Locality_1,QSR (Quick Service),Italian; Vietnamese,1.6,07:00,23:00,806,4.3,4044,3.8,2547,4.05,1408,Luxury,30,30,28,33,18.0,20.0,23,12,214,189,247075,212889,243865,210054,58.0,42.0,Swiggy Better,Bar; WiFi; Alcohol,3,True,True,True,2018-05-26,2911
REST001009,Restaurant_1009,Delhi,Delhi_Locality_8,Cafe,South Indian; Biryani,12.2,12:00,23:00,3201,4.3,1266,3.6,3203,3.95,201,Budget,81,81,35,48,23.0,21.0,17,12,222,186,34358,29534,25367,22001,52.0,48.0,Swiggy Better,WiFi; Bar; Rooftop; Takeaway; Outdoor Seating; Alcohol; Vegan Options,7,False,False,True,2019-09-30,2419
REST001010,Restaurant_1010,Delhi,Delhi_Locality_6,Fine Dine,Continental; Bakery,1.6,12:00,22:00,2596,3.9,3103,4.2,686,4.05,371,Mid-Range,30,30,20,23,17.0,13.0,10,19,158,170,48652,54870,46282,52320,48.0,52.0,Zomato Better,Rooftop; Smoking Area; Parking; Family Friendly; WiFi; Dessert Bar,6,False,False,True,2018-06-09,2897
REST001011,Restaurant_1011,Delhi,Delhi_Locality_9,Casual Dining,Pan-Asian; Mughlai,4.7,07:00,22:00,342,4.2,2816,3.4,709,3.8,587,Mid-Range,43,43,30,38,17.0,19.0,11,8,197,160,95980,76075,91744,72635,48.0,52.0,Swiggy Better,Private Room; Dessert Bar; Smoking Area; Alcohol; Takeaway; Vegan Options; Live Music,7,False,False,False,2020-07-14,2131
REST001012,Restaurant_1012,Delhi,Delhi_Locality_16,Fine Dine,Japanese; Desserts,14.1,10:00,22:00,1095,4.5,2148,4.8,4288,4.65,649,Mid-Range,90,90,54,57,17.0,13.0,34,25,155,165,83493,93163,76518,85738,55.0,45.0,Zomato Better,Live Music; AC; Dine-in; Smoking Area; Rooftop; Alcohol; Family Friendly,7,False,False,False,2021-01-12,1949
REST001013,Restaurant_1013,Delhi,Delhi_Locality_14,Fine Dine,Korean,10.1,10:00,22:00,2009,4.3,3819,3.9,3100,4.1,445,Mid-Range,70,70,44,40,16.0,16.0,12,15,164,149,61303,55696,55563,50481,47.0,53.0,Swiggy Better,Outdoor Seating; Takeaway; Family Friendly; Smoking Area; Dine-in; WiFi,6,False,True,False,2018-12-03,2720
REST001014,Restaurant_1014,Delhi,Delhi_Locality_19,Fine Dine,Thai,3.7,12:00,22:00,956,3.7,2701,4.2,3291,3.95,675,Mid-Range,38,38,28,28,16.0,14.0,10,17,125,142,70875,82431,68500,79733,42.0,58.0,Zomato Better,Dessert Bar; Dine-in; AC; WiFi; Vegan Options; Private Room; Family Friendly,7,True,True,True,2022-12-10,1252
REST001015,Restaurant_1015,Delhi,Delhi_Locality_15,QSR (Quick Service),Biryani; Vietnamese,10.4,11:00,22:00,535,4.0,4711,3.6,827,3.8,534,Mid-Range,72,72,40,49,20.0,17.0,18,7,193,173,82449,76677,75501,70449,57.0,43.0,Swiggy Better,Parking; Live Music; Takeaway,3,True,False,True,2018-02-12,3014
REST001016,Restaurant_1016,Delhi,Delhi_Locality_1,QSR (Quick Service),Fast Food,2.5,10:00,22:00,493,3.5,3015,3.9,2273,3.7,1203,Luxury,32,32,39,30,18.0,22.0,10,13,168,187,165725,175469,163037,172477,64.0,36.0,Zomato Better,Rooftop; Alcohol; WiFi; Live Music,4,True,True,False,2021-09-16,1702
REST001017,Restaurant_1017,Delhi,Delhi_Locality_3,Cloud Kitchen,Cafe; Mughlai,7.5,09:00,23:00,1414,3.4,2837,3.7,1010,3.55,203,Budget,57,57,45,34,27.0,27.0,7,13,243,265,36010,39270,29084,31717,61.0,39.0,Zomato Better,Live Music; Takeaway; Vegan Options; Parking,4,False,False,True,2019-12-09,2349
REST001018,Restaurant_1018,Delhi,Delhi_Locality_15,Casual Dining,Mughlai; Vietnamese,1.9,07:00,23:00,2049,3.9,2839,3.8,3375,3.85,1174,Premium,30,30,27,29,17.0,19.0,11,5,224,218,218270,207304,214910,204034,49.0,51.0,Swiggy Better,Takeaway; AC; WiFi; Alcohol; Live Music,5,False,True,False,2023-08-10,1009
REST001019,Restaurant_1019,Delhi,Delhi_Locality_18,Cloud Kitchen,Japanese,7.1,10:00,23:00,3440,3.4,506,4.1,86,3.75,944,Premium,55,55,38,43,26.0,26.0,14,12,300,361,209568,252180,201318,242252,74.0,26.0,Zomato Better,Dessert Bar; Smoking Area; Live Music; Takeaway; Private Room; Family Friendly; Rooftop; Dine-in,8,True,True,False,2024-04-20,755
REST001020,Restaurant_1020,Delhi,Delhi_Locality_11,Food Truck,Mexican; Street Food,13.7,09:00,23:00,2077,4.0,4456,4.0,2311,4.0,1242,Luxury,88,88,56,47,23.0,21.0,16,13,123,123,117629,120685,112217,115273,59.0,41.0,Zomato Better,Takeaway; Parking; AC; Dine-in; Private Room; WiFi; Outdoor Seating,7,False,True,False,2021-03-09,1893
REST001021,Restaurant_1021,Delhi,Delhi_Locality_4,Food Truck,Seafood; Mexican,2.0,10:00,23:00,239,3.4,2975,4.5,2385,3.95,869,Premium,30,30,24,31,22.0,18.0,11,38,84,111,56936,79096,55676,77431,55.0,45.0,Zomato Better,WiFi; Alcohol; Parking; Smoking Area,4,True,True,True,2019-10-14,2405
REST001022,Restaurant_1022,Delhi,Delhi_Locality_13,Food Truck,Thai,8.2,12:00,23:00,1458,4.4,4844,4.0,4904,4.2,522,Mid-Range,60,60,52,35,19.0,18.0,14,23,126,115,53275,49224,49495,45774,59.0,41.0,Swiggy Better,Family Friendly; Dine-in; Vegan Options; Smoking Area; Bar; Dessert Bar; Rooftop,7,False,False,True,2025-10-30,197
REST001023,Restaurant_1023,Delhi,Delhi_Locality_5,Food Truck,Korean; Mexican,6.0,10:00,22:00,2065,4.5,3647,3.5,581,4.0,324,Mid-Range,50,50,42,38,19.0,18.0,39,11,138,107,36216,28427,32766,25752,50.0,50.0,Swiggy Better,Outdoor Seating; Dessert Bar; Rooftop; Dine-in,4,False,True,True,2023-01-24,1207
REST001024,Restaurant_1024,Delhi,Delhi_Locality_8,Casual Dining,Cafe,1.3,08:00,22:00,616,4.0,3296,4.4,235,4.2,923,Premium,30,30,15,22,21.0,17.0,21,14,195,214,142188,163943,139263,160733,51.0,49.0,Zomato Better,Parking; Family Friendly; Alcohol; AC,4,False,True,False,2019-07-29,2482
REST001025,Restaurant_1025,Delhi,Delhi_Locality_8,Fine Dine,Continental,7.5,07:00,22:00,3448,4.2,2180,3.2,2089,3.7,1237,Luxury,57,57,44,35,15.0,18.0,17,6,185,141,194518,143021,189245,139003,44.0,56.0,Swiggy Better,Vegan Options; Dessert Bar; Rooftop,3,True,False,False,2024-06-02,712
REST001026,Restaurant_1026,Delhi,Delhi_Locality_1,QSR (Quick Service),Seafood; Thai,5.2,10:00,23:00,1848,4.4,254,3.9,3939,4.15,1291,Luxury,46,46,43,25,21.0,20.0,22,5,248,219,252932,226183,247228,221146,56.0,44.0,Swiggy Better,Outdoor Seating; Dine-in; Live Music; Bar; Vegan Options; Smoking Area; Dessert Bar; Takeaway,8,True,True,True,2020-11-24,1998
REST001027,Restaurant_1027,Delhi,Delhi_Locality_18,Fine Dine,Vietnamese; Mughlai,6.3,08:00,22:00,1728,3.6,4306,3.9,3975,3.75,476,Mid-Range,51,51,42,34,17.0,12.0,7,9,133,144,52545,60318,49154,56646,43.0,57.0,Zomato Better,Parking; Rooftop; AC; Outdoor Seating; Vegan Options; Takeaway; Family Friendly,7,False,False,True,2022-12-02,1260
REST001028,Restaurant_1028,Delhi,Delhi_Locality_6,Cloud Kitchen,North Indian,8.4,07:00,23:00,2104,4.4,348,4.0,1474,4.2,1229,Luxury,62,62,37,42,28.0,23.0,15,10,340,309,300859,292415,290319,282836,57.0,43.0,Swiggy Better,Bar; Family Friendly; Parking,3,False,False,True,2023-03-30,1142
REST001029,Restaurant_1029,Delhi,Delhi_Locality_20,Cloud Kitchen,Desserts,2.5,12:00,22:00,3572,4.8,3334,4.3,3410,4.55,419,Mid-Range,32,32,33,26,27.0,24.0,32,24,428,384,130912,122280,124064,116136,70.0,30.0,Swiggy Better,WiFi; Outdoor Seating; Dine-in; Live Music; AC,5,True,False,False,2020-04-17,2219
REST001030,Restaurant_1030,Delhi,Delhi_Locality_7,QSR (Quick Service),Japanese; Bakery,0.7,11:00,23:00,1555,4.2,4559,4.2,1780,4.2,964,Premium,30,30,19,24,22.0,22.0,20,24,229,229,172189,172189,168754,168754,54.0,46.0,Balanced,Outdoor Seating; Live Music; Smoking Area; AC; Family Friendly; Takeaway; WiFi,7,False,True,False,2019-04-29,2573
REST001031,Restaurant_1031,Delhi,Delhi_Locality_4,Fine Dine,Italian,8.7,11:00,23:00,2063,4.0,1067,3.9,2880,3.95,300,Budget,63,63,41,41,13.0,16.0,21,7,153,150,39933,37800,35113,33075,53.0,47.0,Swiggy Better,Live Music; Bar; Outdoor Seating; Vegan Options,4,False,True,False,2016-12-18,3435
REST001032,Restaurant_1032,Delhi,Delhi_Locality_19,Food Truck,Lebanese; Multi-Cuisine,5.4,11:00,22:00,691,3.4,3057,4.9,2653,4.15,405,Mid-Range,47,47,44,40,21.0,17.0,14,25,89,128,28475,43027,26384,40019,61.0,39.0,Zomato Better,Smoking Area; Rooftop; Family Friendly,3,False,False,True,2022-11-23,1269
REST001033,Restaurant_1033,Delhi,Delhi_Locality_15,QSR (Quick Service),Fast Food,12.5,10:00,22:00,2417,3.7,663,4.2,4246,3.95,1267,Luxury,82,82,50,51,20.0,23.0,12,24,221,251,224005,244873,214944,234582,51.0,49.0,Zomato Better,Rooftop; Dessert Bar; AC; Bar,4,False,False,False,2024-05-12,733
REST001034,Restaurant_1034,Delhi,Delhi_Locality_11,QSR (Quick Service),Bakery; Bakery,13.0,10:00,23:00,2580,4.6,3093,4.9,2974,4.75,1125,Premium,85,85,59,57,22.0,18.0,36,40,280,298,245700,274905,233800,262240,60.0,40.0,Zomato Better,Private Room; Outdoor Seating; Vegan Options,3,True,True,True,2023-04-05,1136
REST001035,Restaurant_1035,Delhi,Delhi_Locality_16,Cafe,Seafood,8.9,07:00,22:00,1745,3.9,87,3.5,4936,3.7,284,Budget,64,64,38,45,19.0,19.0,7,11,173,156,39796,35886,34260,30894,50.0,50.0,Swiggy Better,Bar; Rooftop; Smoking Area; Outdoor Seating; Private Room; Parking,6,False,True,True,2025-12-01,165
REST001036,Restaurant_1036,Delhi,Delhi_Locality_20,Cloud Kitchen,Vietnamese,11.5,09:00,22:00,2970,4.5,1224,3.7,3833,4.1,645,Mid-Range,77,77,54,52,23.0,23.0,29,6,379,312,188230,154954,173638,142942,70.0,30.0,Swiggy Better,Family Friendly; Private Room; Parking; AC; Vegan Options,5,True,True,True,2019-03-06,2627
REST001037,Restaurant_1037,Delhi,Delhi_Locality_20,Food Truck,Desserts,12.1,09:00,23:00,920,3.7,1303,4.1,4722,3.9,1253,Luxury,80,80,43,41,21.0,19.0,11,23,99,110,97997,111642,94037,107242,64.0,36.0,Zomato Better,Family Friendly; Rooftop; Smoking Area; Takeaway; Parking; Live Music; Dine-in; Outdoor Seating,8,True,False,True,2017-08-30,3180
REST001038,Restaurant_1038,Delhi,Delhi_Locality_8,Cafe,Seafood,6.3,07:00,22:00,73,4.3,4717,4.4,320,4.35,1452,Luxury,51,51,41,39,17.0,22.0,19,19,156,159,188004,180077,184026,176022,54.0,46.0,Swiggy Better,Family Friendly; Alcohol; Smoking Area; Live Music,4,False,False,True,2023-05-17,1094
REST001039,Restaurant_1039,Delhi,Delhi_Locality_8,Cafe,Seafood,2.3,10:00,22:00,2566,3.9,3556,3.3,3638,3.6,894,Premium,31,31,31,25,21.0,19.0,8,15,189,160,133483,115862,130553,113382,56.0,44.0,Swiggy Better,AC; Vegan Options; Dine-in; WiFi; Parking; Live Music; Outdoor Seating,7,False,True,False,2020-07-13,2132
REST001040,Restaurant_1040,Delhi,Delhi_Locality_7,Food Truck,Cafe,4.1,11:00,22:00,3299,4.2,3953,3.8,1914,4.0,717,Premium,40,40,29,39,18.0,18.0,17,11,146,132,85839,77608,82919,74968,62.0,38.0,Swiggy Better,Takeaway; Private Room; Outdoor Seating; Rooftop; WiFi,5,False,False,False,2026-01-17,118
REST001041,Restaurant_1041,Delhi,Delhi_Locality_8,Casual Dining,Street Food,3.8,09:00,22:00,213,3.8,1091,4.1,2685,3.95,346,Mid-Range,39,39,35,27,23.0,19.0,12,11,175,189,46623,52969,43211,49283,41.0,59.0,Zomato Better,WiFi; Dessert Bar; Bar; Dine-in; Smoking Area; Outdoor Seating; Vegan Options,7,False,False,False,2021-11-17,1640
REST001042,Restaurant_1042,Delhi,Delhi_Locality_6,Fine Dine,Chinese,5.9,07:00,22:00,1554,3.8,301,4.4,3993,4.1,1208,Luxury,49,49,38,37,18.0,18.0,10,10,138,160,136697,158489,133316,154569,44.0,56.0,Zomato Better,Bar; Smoking Area; Live Music; Private Room; WiFi,5,False,True,False,2019-05-17,2555
REST001043,Restaurant_1043,Delhi,Delhi_Locality_12,Fine Dine,Mughlai; Mughlai,7.7,10:00,23:00,526,4.1,4228,3.8,1086,3.95,718,Premium,58,58,39,40,13.0,14.0,12,15,131,122,81830,75332,78031,71794,52.0,48.0,Swiggy Better,Private Room; Alcohol; Dessert Bar; Parking; AC; Live Music; Bar; Outdoor Seating,8,True,True,False,2021-02-24,1906
REST001044,Restaurant_1044,Delhi,Delhi_Locality_5,Fine Dine,Mughlai,1.3,11:00,23:00,2516,3.6,3450,4.0,4889,3.8,1062,Premium,30,30,25,28,13.0,18.0,5,11,145,161,133971,140205,131796,137790,43.0,57.0,Zomato Better,Rooftop; Vegan Options; Dine-in; Takeaway; Smoking Area; Bar; WiFi; AC,8,True,True,True,2018-01-26,3031
REST001045,Restaurant_1045,Delhi,Delhi_Locality_17,Food Truck,Continental,8.1,07:00,22:00,2312,4.7,3210,4.2,948,4.45,940,Premium,60,60,47,38,23.0,20.0,37,21,148,132,107122,99264,102682,95304,47.0,53.0,Swiggy Better,Alcohol; Private Room; Dessert Bar,3,False,False,True,2019-08-10,2470
REST001046,Restaurant_1046,Delhi,Delhi_Locality_19,QSR (Quick Service),Lebanese,6.0,11:00,22:00,1669,3.8,290,4.2,108,4.0,1131,Premium,50,50,44,34,17.0,21.0,13,6,210,232,197133,207289,191883,201489,48.0,52.0,Zomato Better,Dessert Bar; Private Room; WiFi; Family Friendly; Outdoor Seating; Live Music; Bar; Vegan Options,8,False,False,True,2023-02-12,1188
REST001047,Restaurant_1047,Delhi,Delhi_Locality_1,Cloud Kitchen,Thai,14.4,07:00,23:00,939,3.2,4273,3.4,4912,3.3,1346,Luxury,92,92,49,49,24.0,28.0,14,13,216,230,220959,222897,211023,212317,57.0,43.0,Zomato Better,AC; Family Friendly; Takeaway; WiFi,4,False,False,True,2023-05-02,1109
REST001048,Restaurant_1048,Delhi,Delhi_Locality_14,Cloud Kitchen,Mediterranean,7.0,11:00,23:00,310,4.1,698,3.2,3491,3.65,773,Premium,55,55,38,40,27.0,27.0,16,9,256,200,144458,112858,137418,107358,68.0,32.0,Swiggy Better,Smoking Area; Rooftop; Takeaway; Alcohol,4,True,False,True,2023-12-09,888
REST001049,Restaurant_1049,Delhi,Delhi_Locality_17,Fine Dine,South Indian,12.6,10:00,23:00,1447,4.0,3857,3.7,3916,3.85,1137,Premium,83,83,50,49,14.0,16.0,25,6,143,133,139828,127025,133893,121506,43.0,57.0,Swiggy Better,Rooftop; Outdoor Seating; AC; Takeaway; Parking; WiFi; Alcohol,7,False,True,True,2026-02-23,81
REST001050,Restaurant_1050,Delhi,Delhi_Locality_12,Casual Dining,Desserts; Continental,14.4,09:00,23:00,1218,4.1,2812,4.0,2433,4.05,1358,Luxury,92,92,59,53,17.0,20.0,16,25,215,210,242335,228144,232445,218484,51.0,49.0,Swiggy Better,Dessert Bar; Family Friendly; Live Music; Alcohol; Bar; Private Room,6,True,False,True,2022-01-20,1576
REST001051,Restaurant_1051,Delhi,Delhi_Locality_10,Cloud Kitchen,Bakery,4.1,12:00,22:00,930,4.5,2394,4.1,1840,4.3,790,Premium,40,40,35,36,28.0,25.0,28,13,304,277,172915,164122,166835,158582,74.0,26.0,Swiggy Better,Vegan Options; Smoking Area; Dessert Bar; AC; Parking; WiFi,6,False,False,False,2024-07-29,655
REST001052,Restaurant_1052,Delhi,Delhi_Locality_17,Cafe,Bakery,9.3,08:00,22:00,1576,3.8,2691,4.4,3321,4.1,264,Budget,66,66,46,43,18.0,23.0,5,21,166,192,35935,39029,30457,32693,46.0,54.0,Zomato Better,Bar; Family Friendly; Private Room; Takeaway; Outdoor Seating; Parking,6,True,False,True,2020-06-21,2154
REST001053,Restaurant_1053,Delhi,Delhi_Locality_6,QSR (Quick Service),Italian; Lebanese,11.7,07:00,23:00,2106,4.4,365,4.2,4452,4.3,385,Mid-Range,78,78,50,45,20.0,19.0,18,25,255,243,78540,75779,68595,66302,48.0,52.0,Swiggy Better,Vegan Options; Dine-in; Smoking Area; Alcohol; AC; Live Music; Dessert Bar; Takeaway,8,False,True,False,2020-12-22,1970
REST001054,Restaurant_1054,Delhi,Delhi_Locality_10,Food Truck,Mughlai; Seafood,4.9,08:00,22:00,90,4.1,4559,3.7,1232,3.9,664,Mid-Range,44,44,25,32,17.0,22.0,17,12,99,89,54560,46094,52382,44136,49.0,51.0,Swiggy Better,WiFi; Parking; Dine-in,3,True,True,True,2016-11-23,3460
REST001055,Restaurant_1055,Delhi,Delhi_Locality_13,Food Truck,South Indian; Mediterranean,9.7,07:00,23:00,3356,4.1,2046,3.5,4710,3.8,987,Premium,68,68,46,44,23.0,22.0,13,6,143,122,108678,93922,103816,89774,50.0,50.0,Swiggy Better,Rooftop; Smoking Area; Vegan Options; Outdoor Seating; Parking; AC; Bar,7,False,False,True,2021-09-12,1706
REST001056,Restaurant_1056,Delhi,Delhi_Locality_9,QSR (Quick Service),Chinese; Cafe,1.6,08:00,22:00,411,3.8,4616,4.0,858,3.9,789,Premium,30,30,42,29,21.0,18.0,10,13,180,190,112195,122926,109495,120076,63.0,37.0,Zomato Better,Private Room; Vegan Options; Dessert Bar; Dine-in; WiFi; Rooftop,6,False,True,False,2020-08-27,2087
REST001057,Restaurant_1057,Delhi,Delhi_Locality_9,Cloud Kitchen,North Indian,12.0,10:00,23:00,3334,4.5,4133,4.3,3768,4.4,1228,Luxury,80,80,49,50,27.0,24.0,32,18,393,375,352300,349980,336580,334980,57.0,43.0,Swiggy Better,Family Friendly; Outdoor Seating; Rooftop; Private Room; Smoking Area,5,False,False,False,2019-07-25,2486
REST001058,Restaurant_1058,Delhi,Delhi_Locality_8,Fine Dine,Street Food; North Indian,3.6,09:00,23:00,1872,3.6,4312,3.6,3694,3.6,157,Budget,38,38,29,29,16.0,14.0,14,9,135,135,17803,18227,15238,15662,49.0,51.0,Zomato Better,Outdoor Seating; Private Room; Dessert Bar,3,False,False,True,2025-06-29,320
REST001059,Restaurant_1059,Delhi,Delhi_Locality_14,Cloud Kitchen,North Indian,11.5,09:00,22:00,1876,4.6,4569,3.8,382,4.2,862,Premium,77,77,35,48,26.0,22.0,20,13,346,286,220706,192294,207385,181283,60.0,40.0,Swiggy Better,AC; Dessert Bar; Parking; WiFi; Smoking Area; Takeaway; Outdoor Seating,7,False,True,True,2021-11-05,1652
REST001060,Restaurant_1060,Delhi,Delhi_Locality_9,Cloud Kitchen,Seafood,6.9,10:00,23:00,2164,3.3,3111,3.5,4793,3.4,1212,Luxury,54,54,33,35,25.0,27.0,8,11,256,272,232704,240654,225792,233310,65.0,35.0,Zomato Better,Dine-in; Smoking Area; Family Friendly,3,False,True,True,2017-11-02,3116
REST001061,Restaurant_1061,Delhi,Delhi_Locality_16,Cloud Kitchen,Multi-Cuisine; Cafe,5.0,11:00,22:00,1299,4.3,312,3.3,3648,3.8,1230,Luxury,45,45,44,41,23.0,26.0,23,5,303,233,286971,212076,280153,206834,56.0,44.0,Swiggy Better,WiFi; Vegan Options; Dine-in,3,True,True,False,2023-04-14,1127
REST001062,Restaurant_1062,Delhi,Delhi_Locality_11,QSR (Quick Service),Chinese; Pan-Asian,12.8,10:00,23:00,1762,4.0,4261,4.3,2492,4.15,1306,Luxury,84,84,48,36,19.0,18.0,13,25,223,240,235902,257020,226536,246940,64.0,36.0,Zomato Better,Dine-in; Private Room; Live Music; Bar; Rooftop; Parking; Dessert Bar; Smoking Area,8,True,False,True,2019-05-14,2558
REST001063,Restaurant_1063,Delhi,Delhi_Locality_12,Cloud Kitchen,Lebanese,3.6,12:00,22:00,1610,4.5,3748,3.9,1938,4.2,362,Mid-Range,38,38,35,32,24.0,25.0,24,9,329,285,90514,77377,84263,71962,66.0,34.0,Swiggy Better,Family Friendly; Bar; Private Room; Outdoor Seating; Live Music; Alcohol; Parking,7,False,False,True,2018-11-15,2738
REST001064,Restaurant_1064,Delhi,Delhi_Locality_13,Food Truck,Continental; Biryani,8.5,07:00,23:00,2748,3.6,1987,2.8,2250,3.2,1330,Luxury,62,62,42,44,23.0,19.0,5,11,118,92,120843,99111,117185,96259,60.0,40.0,Swiggy Better,Parking; Smoking Area; Alcohol,3,True,False,True,2016-07-02,3604
REST001065,Restaurant_1065,Delhi,Delhi_Locality_4,QSR (Quick Service),Street Food; Italian,6.1,07:00,23:00,1418,3.8,1549,3.5,3049,3.65,688,Mid-Range,50,50,33,40,20.0,21.0,5,6,204,188,112281,102181,107181,97481,61.0,39.0,Swiggy Better,Dessert Bar; Smoking Area; Private Room; Parking; Bar,5,False,True,True,2016-10-15,3499
REST001066,Restaurant_1066,Delhi,Delhi_Locality_5,Food Truck,Cafe,7.4,07:00,23:00,3470,3.5,1246,4.4,2976,3.95,809,Premium,57,57,46,46,19.0,21.0,7,22,123,155,80600,99062,77095,94644,58.0,42.0,Zomato Better,Dine-in; Smoking Area; Dessert Bar,3,True,True,True,2018-10-22,2762
REST001067,Restaurant_1067,Delhi,Delhi_Locality_14,Fine Dine,Mughlai,1.5,10:00,22:00,2427,3.3,4222,3.7,680,3.5,435,Mid-Range,30,30,37,24,16.0,15.0,7,15,131,147,47867,54353,45902,52148,40.0,60.0,Zomato Better,Alcohol; Private Room; WiFi; Dessert Bar,4,False,True,False,2017-09-19,3160
REST001068,Restaurant_1068,Delhi,Delhi_Locality_7,Cloud Kitchen,Continental,1.6,12:00,23:00,1110,3.5,3829,3.9,2017,3.7,1436,Luxury,30,30,38,27,28.0,26.0,6,14,241,269,249174,285850,245559,281815,74.0,26.0,Zomato Better,Outdoor Seating; Takeaway; Rooftop; Alcohol,4,True,True,False,2026-01-20,115
REST001069,Restaurant_1069,Delhi,Delhi_Locality_13,Casual Dining,Chinese,12.4,10:00,23:00,527,4.5,1839,4.2,248,4.35,468,Mid-Range,82,82,51,53,21.0,21.0,33,16,217,202,80229,74683,71332,66401,42.0,58.0,Swiggy Better,Smoking Area; Dessert Bar; Vegan Options; Rooftop; Takeaway,5,False,False,False,2021-06-01,1809
REST001070,Restaurant_1070,Delhi,Delhi_Locality_19,Fine Dine,Cafe,10.2,11:00,22:00,2950,3.4,1156,3.1,4381,3.25,455,Mid-Range,71,71,50,40,15.0,13.0,11,14,143,130,55305,51460,50228,46845,46.0,54.0,Swiggy Better,Family Friendly; Vegan Options; WiFi; Private Room,4,False,True,False,2024-03-13,793
REST001071,Restaurant_1071,Delhi,Delhi_Locality_9,Casual Dining,Vietnamese,4.2,11:00,23:00,2830,4.0,3526,3.7,4451,3.85,1040,Premium,41,41,23,32,17.0,22.0,17,8,249,231,214936,187387,209832,182651,53.0,47.0,Swiggy Better,AC; WiFi; Dine-in,3,True,False,False,2019-12-27,2331
REST001072,Restaurant_1072,Delhi,Delhi_Locality_12,Cloud Kitchen,Chinese; Mughlai,9.1,12:00,22:00,2733,4.1,1377,3.1,3954,3.6,1236,Luxury,65,65,36,44,24.0,23.0,14,5,338,255,317503,242688,306518,234401,58.0,42.0,Swiggy Better,Bar; WiFi; AC; Live Music; Family Friendly; Outdoor Seating; Takeaway; Rooftop,8,True,False,True,2021-11-08,1649
REST001073,Restaurant_1073,Delhi,Delhi_Locality_17,Casual Dining,Continental,4.8,07:00,22:00,2222,3.7,4838,3.7,4661,3.7,1152,Premium,44,44,31,35,23.0,20.0,14,10,217,217,192487,199987,187713,195213,47.0,53.0,Zomato Better,Private Room; Vegan Options; Parking; Rooftop; Takeaway; Smoking Area,6,True,False,False,2018-03-20,2978
REST001074,Restaurant_1074,Delhi,Delhi_Locality_3,QSR (Quick Service),Biryani,7.5,10:00,23:00,917,4.6,3497,4.0,1225,4.3,877,Premium,57,57,34,44,18.0,18.0,37,19,233,202,167559,145266,160919,139509,62.0,38.0,Swiggy Better,Private Room; Outdoor Seating; Live Music; Rooftop; Dine-in; Dessert Bar; Alcohol; Vegan Options,8,False,False,True,2023-06-30,1050
REST001075,Restaurant_1075,Delhi,Delhi_Locality_6,Cafe,Thai; Korean,9.6,11:00,22:00,2641,3.7,1413,4.0,916,3.85,230,Budget,68,68,49,39,18.0,18.0,12,17,181,196,34136,36965,27982,30301,55.0,45.0,Zomato Better,AC; Parking; Rooftop; WiFi; Alcohol; Private Room; Outdoor Seating; Dessert Bar,8,True,False,True,2024-10-15,577
REST001076,Restaurant_1076,Delhi,Delhi_Locality_1,Fine Dine,Vietnamese,8.5,11:00,23:00,594,4.0,3588,4.6,1322,4.3,1153,Premium,62,62,37,38,16.0,14.0,15,39,129,149,124939,147745,120940,143126,53.0,47.0,Zomato Better,Bar; Parking; Private Room; Rooftop; Takeaway; Dine-in; Vegan Options; Smoking Area,8,True,True,True,2020-07-13,2132
REST001077,Restaurant_1077,Delhi,Delhi_Locality_5,Food Truck,Seafood; Desserts,2.4,08:00,22:00,3622,4.0,3437,3.9,97,3.95,1075,Premium,31,31,32,32,21.0,20.0,10,8,143,140,121442,120400,119226,118230,46.0,54.0,Swiggy Better,WiFi; Dessert Bar; Outdoor Seating; Private Room; Smoking Area; Live Music; Family Friendly; Parking,8,True,True,True,2021-05-31,1810
REST001078,Restaurant_1078,Delhi,Delhi_Locality_14,Food Truck,North Indian; Italian,10.8,07:00,23:00,935,4.4,3168,3.4,4582,3.9,1115,Premium,74,74,45,42,22.0,19.0,18,9,119,92,103494,83089,99091,79685,50.0,50.0,Swiggy Better,Dine-in; AC; Takeaway,3,False,False,False,2023-05-01,1110
REST001079,Restaurant_1079,Delhi,Delhi_Locality_10,Fine Dine,North Indian; Seafood,11.9,11:00,22:00,1386,4.5,788,4.4,4022,4.45,983,Premium,79,79,46,55,16.0,15.0,38,14,160,157,132115,131181,125795,124979,46.0,54.0,Swiggy Better,Takeaway; Smoking Area; Parking; Dine-in; Rooftop,5,True,False,False,2019-05-22,2550
REST001080,Restaurant_1080,Delhi,Delhi_Locality_6,Fine Dine,Bakery,10.8,08:00,22:00,1555,3.9,4537,3.8,403,3.85,814,Premium,74,74,40,46,16.0,16.0,8,10,141,138,96410,94358,91193,89252,55.0,45.0,Swiggy Better,Bar; Dine-in; Smoking Area; Rooftop; WiFi,5,False,False,False,2024-05-01,744
REST001081,Restaurant_1081,Delhi,Delhi_Locality_12,Cafe,Biryani,1.2,07:00,22:00,466,4.6,2669,3.6,2626,4.1,1187,Premium,30,30,23,18,21.0,20.0,25,11,176,137,165040,130095,162400,128040,54.0,46.0,Swiggy Better,Live Music; Takeaway; Family Friendly,3,False,True,True,2023-08-15,1004
REST001082,Restaurant_1082,Delhi,Delhi_Locality_17,QSR (Quick Service),Pan-Asian; Japanese,0.6,11:00,23:00,3139,4.4,562,4.3,2545,4.35,418,Mid-Range,30,30,32,40,23.0,19.0,19,21,283,276,91086,93448,86841,89308,49.0,51.0,Zomato Better,Smoking Area; Outdoor Seating; Dine-in; Parking; Bar; Vegan Options; AC,7,False,False,False,2021-04-19,1852
REST001083,Restaurant_1083,Delhi,Delhi_Locality_4,Food Truck,Vietnamese; Chinese,10.4,10:00,22:00,3246,4.3,2724,4.0,3841,4.15,993,Premium,72,72,51,44,22.0,21.0,12,22,149,138,115406,108256,110042,103288,50.0,50.0,Swiggy Better,Alcohol; Vegan Options; Parking,3,False,True,True,2017-05-04,3298
REST001084,Restaurant_1084,Delhi,Delhi_Locality_6,QSR (Quick Service),Biryani; Fast Food,2.2,08:00,23:00,870,3.9,3089,3.5,507,3.7,165,Budget,31,31,32,27,21.0,17.0,15,13,196,176,25548,24103,22510,21375,54.0,46.0,Swiggy Better,Vegan Options; Alcohol; Smoking Area; Rooftop; Live Music; Dine-in; Family Friendly; WiFi,8,False,True,True,2017-12-26,3062
REST001085,Restaurant_1085,Delhi,Delhi_Locality_20,Cafe,Cafe; Korean,11.4,11:00,22:00,1992,3.4,2699,4.1,3237,3.75,249,Budget,77,77,56,42,20.0,20.0,13,21,155,187,30876,37250,24908,30050,49.0,51.0,Zomato Better,Alcohol; Parking; Bar; Dessert Bar,4,False,True,False,2020-03-01,2266
REST001086,Restaurant_1086,Delhi,Delhi_Locality_8,Casual Dining,Korean,1.2,07:00,22:00,2358,3.5,2341,4.1,4780,3.8,1402,Luxury,30,30,34,17,19.0,19.0,12,18,208,244,236208,277091,233088,273431,50.0,50.0,Zomato Better,WiFi; Takeaway; Dine-in; Family Friendly; AC,5,True,False,False,2024-10-08,584
REST001087,Restaurant_1087,Delhi,Delhi_Locality_8,Cafe,Mughlai,4.8,09:00,22:00,1881,4.0,2132,3.9,2053,3.95,848,Premium,44,44,24,29,21.0,19.0,11,12,181,176,121255,120890,117273,117018,49.0,51.0,Swiggy Better,Bar; Rooftop; Vegan Options; AC; Parking; Alcohol; Dessert Bar,7,False,True,False,2018-10-02,2782
REST001088,Restaurant_1088,Delhi,Delhi_Locality_3,QSR (Quick Service),Mexican; Japanese,6.0,09:00,22:00,2185,4.6,4014,4.0,1734,4.3,266,Budget,50,50,44,36,21.0,20.0,32,13,268,233,56317,49582,49617,43757,47.0,53.0,Swiggy Better,Dessert Bar; Private Room; Live Music; Parking; Smoking Area; Dine-in; Vegan Options; Family Friendly,8,True,False,True,2019-09-28,2421
REST001089,Restaurant_1089,Delhi,Delhi_Locality_17,Casual Dining,Bakery,5.2,08:00,22:00,85,3.6,2795,4.3,1074,3.95,1285,Luxury,46,46,31,42,18.0,22.0,7,22,163,195,171753,195448,168004,190963,51.0,49.0,Zomato Better,Live Music; Outdoor Seating; Family Friendly; Smoking Area; Parking,5,False,True,False,2023-02-04,1196
REST001090,Restaurant_1090,Delhi,Delhi_Locality_2,Casual Dining,Desserts,3.2,08:00,23:00,554,3.8,3482,4.0,2711,3.9,218,Budget,36,36,24,27,19.0,20.0,5,14,183,193,32314,33659,29020,30185,45.0,55.0,Zomato Better,Dine-in; AC; Takeaway,3,False,False,True,2025-06-18,331
REST001091,Restaurant_1091,Delhi,Delhi_Locality_12,Cloud Kitchen,Seafood,8.7,10:00,23:00,3304,4.2,4523,4.2,4627,4.2,660,Mid-Range,63,63,48,39,23.0,26.0,10,23,366,366,186001,178754,174472,167225,74.0,26.0,Swiggy Better,Dine-in; Family Friendly; Bar; AC; Takeaway,5,True,True,True,2016-07-16,3590
REST001092,Restaurant_1092,Delhi,Delhi_Locality_1,Food Truck,Lebanese,5.8,09:00,23:00,1242,3.7,45,3.9,2112,3.8,909,Premium,49,49,30,43,19.0,18.0,11,8,103,109,75837,81246,73314,78575,52.0,48.0,Zomato Better,Parking; AC; Dine-in; Family Friendly; Bar; Dessert Bar; Alcohol; WiFi,8,True,True,True,2019-01-16,2676
REST001093,Restaurant_1093,Delhi,Delhi_Locality_19,Cloud Kitchen,Mexican; Bakery,11.0,09:00,23:00,282,4.5,2010,4.1,3289,4.3,1308,Luxury,75,75,41,52,23.0,28.0,38,10,280,255,282004,240148,271504,230586,71.0,29.0,Swiggy Better,Dessert Bar; Outdoor Seating; Private Room; Dine-in,4,False,False,True,2022-07-04,1411
REST001094,Restaurant_1094,Delhi,Delhi_Locality_20,Cloud Kitchen,Italian,1.0,10:00,22:00,2665,4.1,2801,3.9,893,4.0,503,Mid-Range,30,30,30,27,24.0,26.0,24,11,335,319,128063,118738,123038,113953,72.0,28.0,Swiggy Better,Family Friendly; Outdoor Seating; Takeaway; AC; Private Room; Rooftop; Alcohol,7,True,True,True,2017-10-27,3122
REST001095,Restaurant_1095,Delhi,Delhi_Locality_20,Food Truck,Lebanese; Chinese,2.8,12:00,22:00,1577,4.6,1847,4.5,213,4.55,1133,Premium,33,33,33,32,22.0,22.0,24,14,134,131,118421,115769,116210,113608,53.0,47.0,Swiggy Better,Live Music; Dessert Bar; Family Friendly; Rooftop; WiFi; Outdoor Seating; Bar,7,True,False,False,2023-01-30,1201
REST001096,Restaurant_1096,Delhi,Delhi_Locality_15,Cloud Kitchen,Japanese,11.9,08:00,22:00,2272,3.8,4257,4.1,221,3.95,312,Mid-Range,79,79,51,48,25.0,27.0,9,23,298,322,69732,73338,57961,60619,75.0,25.0,Zomato Better,AC; Parking; Alcohol; Vegan Options; Private Room; Outdoor Seating; WiFi; Family Friendly,8,False,True,False,2016-10-25,3489
REST001097,Restaurant_1097,Delhi,Delhi_Locality_15,Cafe,North Indian; Desserts,2.8,09:00,23:00,2600,4.2,3721,4.4,4516,4.3,1103,Premium,33,33,28,25,20.0,17.0,10,18,205,214,180892,195914,177509,192383,56.0,44.0,Zomato Better,Parking; Family Friendly; Private Room; Rooftop; Dine-in; AC,6,True,True,False,2019-05-24,2548
REST001098,Restaurant_1098,Delhi,Delhi_Locality_13,Casual Dining,Japanese,8.1,11:00,22:00,3288,2.8,3295,3.9,593,3.35,1468,Luxury,60,60,41,37,17.0,18.0,12,6,182,254,221756,305755,216296,298135,47.0,53.0,Zomato Better,Alcohol; AC; Dine-in; Parking; Private Room; Dessert Bar; Smoking Area; Rooftop,8,True,True,False,2018-07-20,2856
REST001099,Restaurant_1099,Delhi,Delhi_Locality_12,Cloud Kitchen,Seafood; Korean,9.7,10:00,22:00,621,4.7,2160,3.5,1103,4.1,1290,Luxury,68,68,42,41,26.0,22.0,32,5,305,227,291153,228407,280783,220689,62.0,38.0,Swiggy Better,Vegan Options; Smoking Area; Takeaway,3,False,True,False,2020-06-06,2169
REST001100,Restaurant_1100,Delhi,Delhi_Locality_17,Fine Dine,Italian,11.8,10:00,23:00,2836,4.1,1407,3.9,332,4.0,1132,Premium,79,79,46,49,15.0,14.0,19,8,170,162,163574,157710,156859,151311,54.0,46.0,Swiggy Better,AC; Alcohol; Vegan Options; Parking,4,False,False,True,2021-03-17,1885
REST001101,Restaurant_1101,Delhi,Delhi_Locality_2,Cafe,Seafood,5.2,07:00,22:00,305,4.5,14,3.8,429,4.15,1110,Premium,46,46,37,36,19.0,21.0,5,10,168,142,151048,124519,147184,121253,56.0,44.0,Swiggy Better,Outdoor Seating; Parking; Dessert Bar,3,False,False,True,2024-06-15,699
REST001102,Restaurant_1102,Delhi,Delhi_Locality_3,Cafe,Biryani; South Indian,0.7,08:00,23:00,2793,3.6,4950,4.4,3887,4.0,700,Mid-Range,30,30,21,20,22.0,19.0,8,23,179,219,97734,124173,95049,120888,58.0,42.0,Zomato Better,Vegan Options; Private Room; Bar; Family Friendly; WiFi,5,False,True,True,2022-05-27,1449
REST001103,Restaurant_1103,Delhi,Delhi_Locality_9,Cloud Kitchen,Biryani; Vietnamese,10.2,07:00,23:00,708,4.3,2870,4.2,1740,4.25,1052,Premium,71,71,42,56,27.0,23.0,16,17,283,276,217332,223571,207286,213773,71.0,29.0,Zomato Better,Smoking Area; Rooftop; Vegan Options; Live Music; Family Friendly; AC,6,False,False,True,2022-01-13,1583
REST001104,Restaurant_1104,Delhi,Delhi_Locality_17,Cafe,Biryani; North Indian,5.1,07:00,23:00,2063,3.8,2985,4.6,4277,4.2,760,Premium,45,45,31,31,19.0,21.0,5,36,175,212,107730,127284,103792,122514,55.0,45.0,Zomato Better,Live Music; Private Room; Rooftop,3,False,False,False,2024-05-15,730
REST001105,Restaurant_1105,Delhi,Delhi_Locality_9,Cafe,South Indian; Street Food,4.4,11:00,23:00,139,4.1,2004,4.3,2609,4.2,447,Mid-Range,42,42,41,32,22.0,18.0,11,21,150,157,52299,57546,49149,54249,47.0,53.0,Zomato Better,Private Room; Takeaway; Alcohol; WiFi; AC; Dessert Bar; Rooftop; Parking,8,True,True,True,2025-06-07,342
REST001106,Restaurant_1106,Delhi,Delhi_Locality_17,QSR (Quick Service),Korean,10.2,12:00,23:00,244,4.0,2262,3.7,4367,3.85,167,Budget,71,71,46,44,21.0,20.0,14,10,186,172,24538,22979,17935,16873,48.0,52.0,Swiggy Better,Family Friendly; Dessert Bar; Outdoor Seating; Dine-in; Parking; Private Room; WiFi,7,True,False,True,2017-05-30,3272
REST001107,Restaurant_1107,Delhi,Delhi_Locality_3,Cafe,Vietnamese,12.9,09:00,23:00,3324,4.3,4432,3.9,2304,4.1,1065,Premium,84,84,50,51,18.0,20.0,13,12,225,204,196492,173808,187042,165240,48.0,52.0,Swiggy Better,Alcohol; WiFi; Dessert Bar; Family Friendly; Outdoor Seating; Takeaway; Private Room; AC,8,True,False,False,2024-03-26,780
REST001108,Restaurant_1108,Delhi,Delhi_Locality_9,QSR (Quick Service),Japanese,5.5,11:00,22:00,620,3.3,3515,4.4,4134,3.85,1211,Luxury,47,47,32,31,20.0,23.0,10,19,161,214,155976,199548,152193,194519,65.0,35.0,Zomato Better,Parking; Alcohol; WiFi; Family Friendly; Rooftop,5,True,True,True,2023-03-05,1167
REST001109,Restaurant_1109,Delhi,Delhi_Locality_19,Fine Dine,Vietnamese; Continental,14.9,10:00,22:00,902,3.6,3573,3.0,1500,3.3,1079,Premium,94,94,47,68,15.0,14.0,8,13,121,101,110975,93721,105288,88974,55.0,45.0,Swiggy Better,Dine-in; Takeaway; Outdoor Seating; WiFi; Alcohol; Bar; Vegan Options,7,False,True,False,2021-07-22,1758
REST001110,Restaurant_1110,Delhi,Delhi_Locality_12,Cloud Kitchen,Italian; Chinese,6.4,10:00,22:00,3320,3.8,1976,3.4,518,3.6,1103,Premium,52,52,42,38,25.0,27.0,8,6,331,296,273819,238336,265213,230640,67.0,33.0,Swiggy Better,Dine-in; Outdoor Seating; Bar; Private Room; Family Friendly; WiFi,6,True,True,True,2025-09-11,246
REST001111,Restaurant_1111,Delhi,Delhi_Locality_16,Cloud Kitchen,Biryani,1.5,12:00,22:00,1725,3.9,2894,4.4,3437,4.15,535,Mid-Range,30,30,33,21,26.0,23.0,5,25,289,326,114415,134295,110080,129405,57.0,43.0,Zomato Better,Private Room; Outdoor Seating; Alcohol; Family Friendly; Rooftop; Dine-in; AC,7,False,True,False,2022-09-17,1336
REST001112,Restaurant_1112,Delhi,Delhi_Locality_17,QSR (Quick Service),Vietnamese; Mughlai,6.3,09:00,23:00,978,3.7,664,4.7,4293,4.2,208,Budget,51,51,42,46,18.0,18.0,7,36,188,239,32065,40763,27271,34669,59.0,41.0,Zomato Better,Alcohol; AC; Private Room; Vegan Options; Dine-in; Parking; WiFi; Rooftop,8,False,True,True,2020-04-08,2228
REST001113,Restaurant_1113,Delhi,Delhi_Locality_2,Cafe,Japanese; Street Food,5.3,08:00,22:00,212,3.6,1382,3.3,4436,3.45,1287,Luxury,46,46,39,31,22.0,18.0,7,5,133,122,133513,128751,130454,125945,61.0,39.0,Swiggy Better,Private Room; AC; Smoking Area; Alcohol,4,False,False,False,2024-11-12,549
REST001114,Restaurant_1114,Delhi,Delhi_Locality_5,Cafe,Multi-Cuisine,6.7,12:00,23:00,2248,4.1,3800,4.2,3112,4.15,209,Budget,53,53,37,35,22.0,20.0,17,18,193,197,31462,32938,26348,27717,55.0,45.0,Zomato Better,Takeaway; Bar; Dine-in; AC; Outdoor Seating; Alcohol,6,True,True,False,2023-04-22,1119
REST001115,Restaurant_1115,Delhi,Delhi_Locality_11,Cafe,Pan-Asian,13.4,08:00,22:00,740,4.5,3720,3.4,4103,3.95,1469,Luxury,87,87,51,50,18.0,20.0,38,12,178,134,214415,157476,206672,151647,50.0,50.0,Swiggy Better,Dine-in; Outdoor Seating; Rooftop; Family Friendly,4,True,True,False,2024-05-18,727
REST001116,Restaurant_1116,Delhi,Delhi_Locality_6,Cloud Kitchen,North Indian,11.9,12:00,22:00,201,3.8,3373,4.3,4279,4.05,1386,Luxury,79,79,47,41,25.0,25.0,12,11,234,265,243243,275467,234000,265000,59.0,41.0,Zomato Better,Takeaway; Smoking Area; AC; Family Friendly; Alcohol,5,True,False,False,2017-06-11,3260
REST001117,Restaurant_1117,Delhi,Delhi_Locality_15,Cafe,Seafood,3.9,09:00,23:00,1631,3.7,2291,3.8,4228,3.75,691,Mid-Range,39,39,32,27,18.0,21.0,14,6,162,167,91792,91163,88633,87907,60.0,40.0,Swiggy Better,Outdoor Seating; WiFi; Alcohol; Vegan Options; Parking; Dessert Bar; Rooftop; Family Friendly,8,False,True,False,2026-03-03,73
REST001118,Restaurant_1118,Delhi,Delhi_Locality_11,Casual Dining,Cafe; Desserts,8.9,12:00,23:00,2458,4.4,270,3.9,4009,4.15,994,Premium,64,64,49,43,17.0,18.0,11,8,264,234,217805,190728,209357,183240,45.0,55.0,Swiggy Better,Vegan Options; Alcohol; Dine-in; Bar,4,True,True,False,2018-03-14,2984
REST001119,Restaurant_1119,Delhi,Delhi_Locality_8,Fine Dine,Mediterranean,4.1,11:00,22:00,1767,3.6,630,4.8,322,4.2,1257,Luxury,40,40,27,22,13.0,15.0,8,20,134,178,146541,190184,143861,186624,45.0,55.0,Zomato Better,Family Friendly; Dine-in; Outdoor Seating; Dessert Bar; Bar; Smoking Area,6,False,True,False,2020-07-20,2125
REST001120,Restaurant_1120,Delhi,Delhi_Locality_20,Fine Dine,Mughlai; Pan-Asian,6.8,09:00,23:00,2573,3.8,2433,3.5,2905,3.65,1163,Premium,54,54,36,42,18.0,12.0,10,10,154,142,146863,145328,142705,141494,49.0,51.0,Swiggy Better,Live Music; Bar; Dessert Bar; AC; Outdoor Seating; Vegan Options; Takeaway; Family Friendly,8,True,False,False,2020-07-10,2135
REST001121,Restaurant_1121,Delhi,Delhi_Locality_20,QSR (Quick Service),Chinese,5.5,12:00,23:00,687,4.5,3016,4.6,1184,4.55,276,Budget,47,47,45,32,21.0,20.0,22,32,221,226,48186,49900,42993,44589,60.0,40.0,Zomato Better,Parking; Takeaway; Private Room; Vegan Options; Dessert Bar; Outdoor Seating; Rooftop; WiFi,8,False,False,False,2022-12-23,1239
REST001122,Restaurant_1122,Delhi,Delhi_Locality_7,QSR (Quick Service),Continental,1.1,12:00,22:00,3334,3.6,2156,4.1,3804,3.85,564,Mid-Range,30,30,35,28,19.0,17.0,10,17,235,268,107357,125456,103832,121436,56.0,44.0,Zomato Better,Bar; Takeaway; Rooftop; Outdoor Seating,4,False,False,True,2026-03-07,69
REST001123,Restaurant_1123,Delhi,Delhi_Locality_8,Food Truck,Bakery; Mexican,4.7,07:00,23:00,3452,4.6,735,4.4,4529,4.5,229,Budget,43,43,28,41,20.0,19.0,38,11,162,155,29678,28750,26195,25418,48.0,52.0,Swiggy Better,Dine-in; WiFi; Family Friendly; Vegan Options; Private Room; Takeaway; Outdoor Seating; Live Music,8,True,False,False,2022-11-24,1268
REST001124,Restaurant_1124,Delhi,Delhi_Locality_20,Fine Dine,Chinese,1.8,07:00,22:00,3231,4.2,1920,3.4,2156,3.8,1178,Premium,30,30,27,23,16.0,16.0,23,7,181,147,179103,145459,176388,143254,43.0,57.0,Swiggy Better,AC; Alcohol; Smoking Area; Takeaway; Outdoor Seating; Family Friendly,6,True,False,True,2017-02-05,3386
REST001125,Restaurant_1125,Delhi,Delhi_Locality_6,Fine Dine,Italian,9.5,12:00,22:00,3646,2.7,333,4.0,765,3.35,743,Premium,67,67,40,41,16.0,18.0,5,12,121,179,75518,109057,71465,103061,41.0,59.0,Zomato Better,AC; Dessert Bar; Smoking Area; WiFi; Parking; Outdoor Seating; Live Music,7,True,True,True,2018-09-15,2799
REST001126,Restaurant_1126,Delhi,Delhi_Locality_7,Food Truck,Continental,3.3,11:00,22:00,1637,4.8,1922,4.6,3541,4.7,1432,Luxury,36,36,30,32,23.0,22.0,22,35,141,135,155472,150789,152934,148359,51.0,49.0,Swiggy Better,Dine-in; Private Room; Dessert Bar,3,True,True,True,2019-05-10,2562
REST001127,Restaurant_1127,Delhi,Delhi_Locality_11,Food Truck,Multi-Cuisine,12.3,07:00,22:00,153,3.9,197,3.3,2049,3.6,707,Premium,81,81,53,48,17.0,20.0,9,13,95,80,55746,45248,51899,42008,52.0,48.0,Swiggy Better,Rooftop; AC; Parking; Dine-in; Family Friendly; Dessert Bar,6,False,True,False,2022-04-10,1496
REST001128,Restaurant_1128,Delhi,Delhi_Locality_13,Casual Dining,Cafe,11.5,07:00,23:00,885,4.3,4085,4.0,4137,4.15,307,Mid-Range,77,77,59,55,23.0,17.0,24,10,216,201,51060,51216,42744,43478,50.0,50.0,Zomato Better,Rooftop; Private Room; Vegan Options; Smoking Area,4,False,True,False,2025-08-11,277
REST001129,Restaurant_1129,Delhi,Delhi_Locality_12,Cloud Kitchen,Street Food,9.1,10:00,23:00,1180,3.6,1131,4.3,2040,3.95,596,Mid-Range,65,65,42,41,26.0,24.0,5,10,250,299,110260,135435,102135,125717,65.0,35.0,Zomato Better,Family Friendly; Private Room; Takeaway; WiFi; Dessert Bar; Dine-in; Alcohol,7,False,True,True,2023-06-28,1052
REST001130,Restaurant_1130,Delhi,Delhi_Locality_1,Casual Dining,Seafood,12.1,09:00,23:00,1693,3.8,4447,4.8,4320,4.3,1280,Luxury,80,80,52,58,20.0,21.0,5,38,210,266,215040,268979,206640,258339,43.0,57.0,Zomato Better,Outdoor Seating; Smoking Area; Alcohol; Parking; Rooftop; Private Room,6,False,False,False,2017-12-16,3072
REST001131,Restaurant_1131,Delhi,Delhi_Locality_7,QSR (Quick Service),Mughlai; Italian,9.5,11:00,23:00,498,4.2,2556,3.0,4264,3.6,488,Mid-Range,67,67,44,40,20.0,18.0,25,8,201,144,78470,57623,71736,52799,55.0,45.0,Swiggy Better,Smoking Area; Vegan Options; Dessert Bar; Live Music; Outdoor Seating; Bar,6,True,True,True,2023-05-24,1087
REST001132,Restaurant_1132,Delhi,Delhi_Locality_17,Cloud Kitchen,Desserts,5.0,09:00,23:00,1754,3.9,2187,3.0,814,3.45,954,Premium,45,45,36,43,24.0,23.0,10,10,290,223,210261,163811,203736,158793,58.0,42.0,Swiggy Better,Vegan Options; Family Friendly; Private Room; AC,4,True,True,False,2023-05-16,1095
REST001133,Restaurant_1133,Delhi,Delhi_Locality_4,Food Truck,Seafood,2.1,09:00,23:00,3209,4.1,1470,3.6,4466,3.85,380,Mid-Range,30,30,27,21,22.0,17.0,22,6,141,124,41792,39109,39677,37249,59.0,41.0,Swiggy Better,WiFi; AC; Dine-in,3,True,False,True,2025-06-08,341
REST001134,Restaurant_1134,Delhi,Delhi_Locality_1,Food Truck,Vietnamese,11.8,09:00,23:00,1429,3.7,2125,4.3,1447,4.0,965,Premium,79,79,44,48,19.0,22.0,8,25,106,123,82854,92582,78667,87723,55.0,45.0,Zomato Better,Takeaway; WiFi; Rooftop; Dine-in; Live Music; Private Room,6,False,False,False,2023-02-20,1180
REST001135,Restaurant_1135,Delhi,Delhi_Locality_1,Food Truck,Pan-Asian; Mexican,0.6,07:00,22:00,58,3.7,1137,3.8,1256,3.75,1166,Premium,30,30,28,13,19.0,21.0,9,15,89,91,84056,83823,82721,82458,64.0,36.0,Swiggy Better,Bar; Takeaway; Dessert Bar; Smoking Area,4,False,True,True,2021-11-28,1629
REST001136,Restaurant_1136,Delhi,Delhi_Locality_19,Food Truck,Pan-Asian; South Indian,5.2,12:00,23:00,2811,4.7,1596,4.1,2128,4.4,210,Budget,46,46,36,28,21.0,22.0,21,13,156,136,25880,22276,22292,19148,47.0,53.0,Swiggy Better,Live Music; AC; Rooftop,3,False,True,False,2023-08-04,1015
REST001137,Restaurant_1137,Delhi,Delhi_Locality_9,Food Truck,Lebanese,3.2,10:00,23:00,3083,4.6,1424,4.1,3999,4.35,1318,Luxury,36,36,27,37,21.0,19.0,25,21,157,139,163471,148393,160645,145891,52.0,48.0,Swiggy Better,WiFi; Vegan Options; Bar; AC; Rooftop,5,False,False,True,2024-09-26,596
REST001138,Restaurant_1138,Delhi,Delhi_Locality_14,Cafe,Multi-Cuisine; Pan-Asian,2.4,08:00,22:00,1434,4.2,557,4.0,3670,4.1,569,Mid-Range,31,31,29,35,19.0,22.0,15,17,180,172,82960,76337,80170,73671,58.0,42.0,Swiggy Better,Dessert Bar; Takeaway; AC; Bar; Live Music,5,True,True,False,2021-07-20,1760
REST001139,Restaurant_1139,Delhi,Delhi_Locality_2,Cafe,Thai; Chinese,1.3,07:00,23:00,1852,3.1,1037,3.7,2335,3.4,1453,Luxury,30,30,24,23,21.0,18.0,9,14,139,166,159553,197782,157468,195292,64.0,36.0,Zomato Better,Alcohol; WiFi; Takeaway; Bar; Private Room,5,True,True,False,2022-10-10,1313
REST001140,Restaurant_1140,Delhi,Delhi_Locality_7,Casual Dining,Japanese,7.5,11:00,23:00,2792,3.8,4039,3.2,4710,3.5,1286,Luxury,57,57,42,42,19.0,19.0,9,15,236,199,245831,207290,239105,201618,54.0,46.0,Swiggy Better,Bar; Family Friendly; Takeaway; Rooftop; Parking; Alcohol,6,True,True,False,2016-11-30,3453
REST001141,Restaurant_1141,Delhi,Delhi_Locality_9,Fine Dine,Biryani; Vietnamese,1.6,07:00,23:00,2985,4.0,3422,3.8,986,3.9,305,Mid-Range,30,30,26,33,16.0,12.0,13,14,169,160,43297,42944,40762,40544,44.0,56.0,Swiggy Better,Live Music; Dine-in; Rooftop; Vegan Options; Family Friendly; Parking; WiFi,7,True,False,False,2016-06-30,3606
REST001142,Restaurant_1142,Delhi,Delhi_Locality_18,Casual Dining,Biryani,12.9,09:00,22:00,3165,4.1,3965,5.0,2405,4.55,1295,Luxury,84,84,44,38,17.0,20.0,13,40,264,322,283760,333592,272672,320068,47.0,53.0,Zomato Better,Parking; Live Music; Outdoor Seating; Smoking Area,4,True,True,True,2025-04-26,384
REST001143,Restaurant_1143,Delhi,Delhi_Locality_16,Food Truck,Fast Food; Mediterranean,8.8,07:00,23:00,2428,3.8,169,3.6,1225,3.7,1258,Luxury,64,64,32,47,20.0,18.0,14,15,121,115,121774,118629,117902,114949,62.0,38.0,Swiggy Better,Family Friendly; Takeaway; AC; WiFi; Rooftop,5,True,True,True,2017-09-02,3177
REST001144,Restaurant_1144,Delhi,Delhi_Locality_1,Fine Dine,Bakery; Multi-Cuisine,12.6,11:00,22:00,3098,3.3,4002,4.2,4271,3.75,274,Budget,83,83,44,49,18.0,16.0,11,17,141,179,31679,41198,25828,33770,51.0,49.0,Zomato Better,Dine-in; Family Friendly; Rooftop; Bar,4,True,True,False,2023-03-24,1148
REST001145,Restaurant_1145,Delhi,Delhi_Locality_16,Food Truck,Continental; Mexican,11.0,10:00,23:00,2245,4.2,3367,3.9,2857,4.05,271,Budget,75,75,52,39,19.0,19.0,20,12,131,122,28755,26780,23843,22205,58.0,42.0,Swiggy Better,AC; Family Friendly; Smoking Area; Parking,4,False,True,True,2017-08-13,3197
REST001146,Restaurant_1146,Delhi,Delhi_Locality_19,Food Truck,Italian,4.4,11:00,23:00,1982,4.9,340,4.0,1597,4.45,779,Premium,42,42,32,36,18.0,23.0,22,17,149,122,95178,73179,92049,70617,48.0,52.0,Swiggy Better,Live Music; Outdoor Seating; Bar,3,False,False,True,2022-06-01,1444
REST001147,Restaurant_1147,Delhi,Delhi_Locality_1,QSR (Quick Service),Street Food,9.4,07:00,23:00,2961,4.0,331,3.3,3131,3.65,615,Mid-Range,67,67,41,48,21.0,19.0,22,12,253,208,122920,103615,114444,96647,52.0,48.0,Swiggy Better,Takeaway; Outdoor Seating; Parking; Bar; Alcohol,5,True,False,True,2017-10-06,3143
REST001148,Restaurant_1148,Delhi,Delhi_Locality_13,Fine Dine,Pan-Asian; Bakery,11.0,10:00,22:00,3171,4.2,1898,4.4,1788,4.3,678,Mid-Range,75,75,51,51,14.0,17.0,17,24,180,189,104954,106357,98204,99270,45.0,55.0,Zomato Better,Smoking Area; Rooftop; Live Music; Family Friendly,4,True,True,True,2022-07-05,1410
REST001149,Restaurant_1149,Delhi,Delhi_Locality_8,Fine Dine,South Indian,10.9,12:00,22:00,3407,4.6,2567,4.0,1177,4.3,1491,Luxury,74,74,49,58,16.0,12.0,26,16,202,176,252992,230926,245518,224414,41.0,59.0,Swiggy Better,Smoking Area; Rooftop; Live Music; Dessert Bar,4,True,True,False,2020-04-22,2214
REST001150,Restaurant_1150,Delhi,Delhi_Locality_5,QSR (Quick Service),Mediterranean; Chinese,5.7,11:00,22:00,2024,4.0,837,4.3,4863,4.15,1222,Luxury,48,48,38,29,23.0,21.0,25,23,229,247,215475,238448,209979,232520,52.0,48.0,Zomato Better,Dessert Bar; AC; Alcohol; Dine-in; Smoking Area; Private Room; WiFi,7,False,False,False,2022-11-04,1288
REST001151,Restaurant_1151,Delhi,Delhi_Locality_16,Cafe,Continental,10.2,08:00,23:00,2239,3.8,2380,3.8,256,3.8,811,Premium,71,71,46,48,18.0,23.0,14,11,178,178,118373,111155,112054,104836,61.0,39.0,Swiggy Better,Alcohol; Parking; Vegan Options; Live Music; WiFi; Outdoor Seating; Smoking Area,7,True,True,False,2023-10-23,935
REST001152,Restaurant_1152,Delhi,Delhi_Locality_17,Food Truck,Vietnamese,13.0,08:00,22:00,2805,4.0,1361,3.9,784,3.95,1366,Luxury,85,85,42,50,20.0,19.0,21,6,132,129,144249,142733,138639,137250,61.0,39.0,Swiggy Better,Dessert Bar; Bar; Dine-in; Outdoor Seating; Parking; Rooftop; AC; Alcohol,8,False,False,True,2019-02-19,2642
REST001153,Restaurant_1153,Delhi,Delhi_Locality_10,Cloud Kitchen,Lebanese,7.7,07:00,23:00,1959,4.2,4367,3.5,3520,3.85,655,Mid-Range,58,58,44,45,23.0,26.0,17,13,319,266,160887,128930,151636,121216,69.0,31.0,Swiggy Better,Outdoor Seating; WiFi; Smoking Area; Family Friendly; AC,5,True,True,False,2025-02-17,452
REST001154,Restaurant_1154,Delhi,Delhi_Locality_15,QSR (Quick Service),Korean; Cafe,4.8,12:00,23:00,2376,4.1,2769,4.5,4896,4.3,741,Premium,44,44,40,34,22.0,19.0,21,33,244,268,141027,160856,135659,154960,52.0,48.0,Zomato Better,Dessert Bar; Parking; Live Music; Takeaway; Family Friendly; Dine-in; Alcohol; Smoking Area,8,True,True,True,2025-09-08,249
REST001155,Restaurant_1155,Delhi,Delhi_Locality_5,Cafe,Chinese,11.2,08:00,23:00,1945,3.9,1384,3.8,2884,3.85,949,Premium,76,76,44,42,22.0,18.0,8,9,177,173,131018,134625,124292,128051,59.0,41.0,Zomato Better,Family Friendly; WiFi; Vegan Options; Live Music; Rooftop; Takeaway; AC,7,False,True,True,2017-05-08,3294
REST001156,Restaurant_1156,Delhi,Delhi_Locality_1,Food Truck,Italian,4.9,10:00,23:00,2157,3.9,3633,3.4,1712,3.65,465,Mid-Range,44,44,31,37,22.0,20.0,14,15,121,105,43886,39060,41224,36750,60.0,40.0,Swiggy Better,Live Music; Dessert Bar; Family Friendly; Alcohol; Parking; Vegan Options; Private Room; WiFi,8,True,False,True,2021-06-16,1794
REST001157,Restaurant_1157,Delhi,Delhi_Locality_7,Food Truck,Biryani,7.7,09:00,23:00,1729,3.7,128,3.6,2349,3.65,866,Premium,58,58,40,31,20.0,23.0,9,9,109,106,75515,70682,72354,67608,59.0,41.0,Swiggy Better,Rooftop; Live Music; Bar; Private Room; Alcohol; Family Friendly,6,True,False,True,2024-10-27,565
REST001158,Restaurant_1158,Delhi,Delhi_Locality_12,Cafe,Mughlai,13.8,11:00,22:00,389,3.3,2491,4.3,3691,3.8,1056,Premium,89,89,57,55,20.0,23.0,9,17,125,163,105600,132538,100037,125285,60.0,40.0,Zomato Better,Parking; Dine-in; Vegan Options; AC; Alcohol,5,False,True,True,2020-08-23,2091
REST001159,Restaurant_1159,Delhi,Delhi_Locality_5,Cloud Kitchen,Fast Food; South Indian,4.0,11:00,23:00,2125,3.9,1364,4.7,2182,4.3,605,Mid-Range,40,40,29,42,25.0,26.0,7,23,302,364,137032,162962,130992,155682,62.0,38.0,Zomato Better,Private Room; Takeaway; Dessert Bar; Parking,4,False,True,True,2017-01-23,3399
REST001160,Restaurant_1160,Delhi,Delhi_Locality_17,Food Truck,Street Food,8.4,09:00,23:00,888,3.7,3509,4.2,15,3.95,763,Premium,62,62,40,40,19.0,19.0,11,14,99,113,61184,69837,58115,66334,55.0,45.0,Zomato Better,Dessert Bar; Bar; Takeaway,3,False,True,True,2024-03-14,792
REST001161,Restaurant_1161,Delhi,Delhi_Locality_8,Fine Dine,Mughlai,11.0,12:00,23:00,3372,3.6,4525,2.9,3358,3.25,1179,Premium,75,75,45,39,17.0,12.0,9,6,157,127,153635,131765,147747,127002,50.0,50.0,Swiggy Better,Alcohol; Vegan Options; Live Music; Rooftop; Bar,5,False,True,False,2016-10-23,3491
REST001162,Restaurant_1162,Delhi,Delhi_Locality_4,Cafe,Biryani,12.3,09:00,23:00,2141,4.0,222,3.3,1380,3.65,1350,Luxury,81,81,44,57,20.0,18.0,10,6,186,153,200880,169371,193347,163174,49.0,51.0,Swiggy Better,Private Room; WiFi; Rooftop; Parking,4,False,True,True,2020-03-18,2249
REST001163,Restaurant_1163,Delhi,Delhi_Locality_3,QSR (Quick Service),Japanese,9.2,11:00,22:00,2518,4.1,3071,4.4,306,4.25,879,Premium,66,66,40,49,21.0,21.0,23,24,248,266,172213,184713,164029,175935,58.0,42.0,Zomato Better,Alcohol; AC; Rooftop,3,False,True,True,2020-11-14,2008
REST001164,Restaurant_1164,Delhi,Delhi_Locality_5,Food Truck,North Indian; Vietnamese,9.2,12:00,22:00,865,4.0,4585,3.0,3005,3.5,185,Budget,66,66,32,44,20.0,18.0,17,8,107,80,15836,12136,12305,9496,47.0,53.0,Swiggy Better,Takeaway; Rooftop; Live Music; WiFi,4,False,True,True,2024-10-10,582
REST001165,Restaurant_1165,Delhi,Delhi_Locality_2,Food Truck,Desserts,14.2,08:00,23:00,3416,4.1,3869,3.9,4073,4.0,893,Premium,91,91,48,52,20.0,20.0,22,11,144,137,102873,97872,96321,91639,48.0,52.0,Swiggy Better,Takeaway; Bar; Outdoor Seating,3,False,True,True,2018-03-16,2982
REST001166,Restaurant_1166,Delhi,Delhi_Locality_19,Cafe,Cafe; Mediterranean,15.0,07:00,23:00,1547,3.8,1386,4.5,912,4.15,391,Mid-Range,95,95,53,54,20.0,22.0,15,24,165,196,51612,59776,43774,50466,58.0,42.0,Zomato Better,Bar; Dessert Bar; Rooftop; Live Music; Private Room; Vegan Options; Smoking Area; Alcohol,8,True,True,False,2022-08-25,1359
REST001167,Restaurant_1167,Delhi,Delhi_Locality_5,Food Truck,Thai; Korean,1.4,08:00,22:00,3257,4.2,2802,4.2,4925,4.2,1031,Premium,30,30,20,25,23.0,22.0,10,22,145,145,115111,116606,112936,114431,59.0,41.0,Zomato Better,Takeaway; Vegan Options; Rooftop; AC; Alcohol; Dine-in; WiFi; Parking,8,True,False,True,2024-06-16,698
REST001168,Restaurant_1168,Delhi,Delhi_Locality_14,Fine Dine,Continental; Bakery,0.6,10:00,23:00,531,4.2,4571,3.1,119,3.65,668,Mid-Range,30,30,25,35,12.0,15.0,12,14,135,99,79358,56212,77333,54727,46.0,54.0,Swiggy Better,Smoking Area; Takeaway; WiFi; Dine-in; Alcohol; Live Music,6,False,False,False,2019-12-19,2339
REST001169,Restaurant_1169,Delhi,Delhi_Locality_12,QSR (Quick Service),Desserts,0.9,07:00,23:00,1684,4.4,294,3.2,3401,3.8,419,Mid-Range,30,30,24,21,20.0,20.0,21,14,243,177,81453,59330,77808,56675,52.0,48.0,Swiggy Better,Dine-in; Family Friendly; WiFi; Outdoor Seating; Vegan Options; Rooftop; Takeaway; Dessert Bar,8,True,True,False,2023-01-12,1219
REST001170,Restaurant_1170,Delhi,Delhi_Locality_14,Cloud Kitchen,Lebanese,3.1,08:00,23:00,3503,3.4,4964,4.2,711,3.8,1379,Luxury,35,35,32,28,28.0,28.0,12,14,301,372,298856,369351,293589,362841,57.0,43.0,Zomato Better,Dessert Bar; AC; Takeaway; Family Friendly; WiFi; Private Room; Alcohol,7,False,True,False,2024-10-11,581
REST001171,Restaurant_1171,Delhi,Delhi_Locality_3,Casual Dining,Vietnamese; Mediterranean,2.3,10:00,22:00,1628,4.1,3576,3.5,74,3.8,538,Mid-Range,31,31,27,35,23.0,22.0,23,12,225,192,93208,80570,89721,77594,44.0,56.0,Swiggy Better,Dine-in; Takeaway; AC; Parking; Rooftop; Outdoor Seating; Family Friendly; Alcohol,8,False,True,True,2024-07-07,677
REST001172,Restaurant_1172,Delhi,Delhi_Locality_3,QSR (Quick Service),Multi-Cuisine; Bakery,10.9,09:00,22:00,634,3.8,2796,5.0,1250,4.4,849,Premium,74,74,49,42,20.0,21.0,13,39,185,244,125652,163653,118807,154625,46.0,54.0,Zomato Better,Vegan Options; AC; Takeaway; Family Friendly; Outdoor Seating,5,True,False,True,2016-10-06,3508
REST001173,Restaurant_1173,Delhi,Delhi_Locality_12,QSR (Quick Service),Continental,13.7,09:00,22:00,962,4.0,985,3.7,4229,3.85,707,Premium,88,88,48,56,23.0,21.0,19,15,203,188,110511,105003,101579,96731,52.0,48.0,Swiggy Better,Live Music; Outdoor Seating; Private Room; Bar,4,True,True,True,2019-07-05,2506
REST001174,Restaurant_1174,Delhi,Delhi_Locality_9,Casual Dining,Korean,13.4,12:00,22:00,956,4.1,625,3.7,2312,3.9,213,Budget,87,87,53,45,20.0,19.0,16,15,208,188,35443,32435,26395,24257,52.0,48.0,Swiggy Better,Family Friendly; Private Room; Smoking Area; Vegan Options; Alcohol; Outdoor Seating; WiFi; Dine-in,8,True,True,False,2024-12-31,500
REST001175,Restaurant_1175,Delhi,Delhi_Locality_7,Food Truck,Continental,7.6,12:00,22:00,2347,3.4,359,4.0,4653,3.7,934,Premium,58,58,42,43,19.0,20.0,14,23,107,126,80949,94147,77846,90493,64.0,36.0,Zomato Better,Dessert Bar; Parking; Private Room; Alcohol,4,False,False,False,2023-02-14,1186
REST001176,Restaurant_1176,Delhi,Delhi_Locality_10,Casual Dining,Mexican,7.8,08:00,22:00,2213,4.0,1231,2.8,2586,3.4,786,Premium,59,59,39,43,18.0,18.0,24,13,234,164,150817,105701,143914,100863,50.0,50.0,Swiggy Better,Alcohol; Rooftop; Outdoor Seating; Smoking Area; Dine-in; Parking; Dessert Bar; Live Music,8,False,False,True,2022-03-10,1527
REST001177,Restaurant_1177,Delhi,Delhi_Locality_16,Food Truck,Thai,2.8,10:00,23:00,1103,3.6,3113,4.1,372,3.85,1240,Luxury,33,33,34,35,19.0,21.0,13,24,99,113,99435,110694,97802,108830,55.0,45.0,Zomato Better,Bar; Dessert Bar; Outdoor Seating,3,True,False,True,2022-10-10,1313
REST001178,Restaurant_1178,Delhi,Delhi_Locality_13,Fine Dine,Biryani; Bakery,8.6,08:00,22:00,2504,3.5,1126,4.5,3255,4.0,412,Mid-Range,63,63,48,46,14.0,17.0,6,28,141,181,49959,61894,45517,56193,47.0,53.0,Zomato Better,Live Music; Dine-in; Dessert Bar; Takeaway; Private Room,5,False,True,False,2023-03-06,1166
REST001179,Restaurant_1179,Delhi,Delhi_Locality_20,QSR (Quick Service),Continental,6.0,09:00,23:00,1282,3.6,1759,4.9,576,4.25,1368,Luxury,50,50,39,27,18.0,22.0,8,27,190,259,213134,276363,208384,269888,47.0,53.0,Zomato Better,Smoking Area; WiFi; Rooftop; Vegan Options,4,False,True,False,2019-04-24,2578
REST001180,Restaurant_1180,Delhi,Delhi_Locality_1,Food Truck,Street Food,11.4,08:00,23:00,3086,4.1,4922,4.3,4075,4.2,896,Premium,77,77,47,41,20.0,19.0,12,12,139,146,99635,105960,94283,100339,52.0,48.0,Zomato Better,Alcohol; AC; Dine-in; Bar; Outdoor Seating; Takeaway,6,False,True,False,2020-09-09,2074
REST001181,Restaurant_1181,Delhi,Delhi_Locality_8,Casual Dining,Street Food,8.0,09:00,22:00,2041,4.3,972,3.9,1322,4.1,492,Mid-Range,60,60,44,50,20.0,23.0,24,5,247,224,97219,84860,89809,78140,45.0,55.0,Swiggy Better,Family Friendly; Live Music; Dessert Bar; Takeaway; WiFi,5,True,False,False,2020-01-22,2305
REST001182,Restaurant_1182,Delhi,Delhi_Locality_16,QSR (Quick Service),Street Food,4.2,07:00,22:00,1910,3.7,2903,4.2,3304,3.95,175,Budget,41,41,46,33,21.0,18.0,13,14,210,238,29032,34153,24727,29274,53.0,47.0,Zomato Better,Private Room; Outdoor Seating; Rooftop,3,True,True,True,2019-10-10,2409
REST001183,Restaurant_1183,Delhi,Delhi_Locality_6,Food Truck,Mexican; Japanese,7.5,09:00,23:00,3266,4.2,1775,4.2,4914,4.2,571,Mid-Range,57,57,40,40,22.0,21.0,23,15,145,145,64580,65408,60447,61275,51.0,49.0,Zomato Better,Rooftop; Dine-in; AC; Smoking Area; Dessert Bar; Bar; Private Room; WiFi,8,False,True,True,2025-03-24,417
REST001184,Restaurant_1184,Delhi,Delhi_Locality_7,Casual Dining,Desserts; Desserts,15.0,12:00,23:00,2164,2.6,760,3.2,931,2.9,1216,Luxury,95,95,47,43,19.0,18.0,9,7,151,186,148728,185464,141556,176629,52.0,48.0,Zomato Better,Dine-in; Private Room; AC,3,True,False,True,2020-01-15,2312
REST001185,Restaurant_1185,Delhi,Delhi_Locality_8,Cloud Kitchen,North Indian,11.9,12:00,22:00,1063,4.4,2779,4.2,4756,4.3,866,Premium,79,79,56,45,27.0,26.0,18,15,302,288,190918,184561,178989,173185,71.0,29.0,Swiggy Better,Vegan Options; Live Music; Family Friendly,3,True,True,False,2023-12-13,884
REST001186,Restaurant_1186,Delhi,Delhi_Locality_16,Casual Dining,Mediterranean,3.1,10:00,23:00,1667,3.5,3009,3.9,4662,3.7,579,Mid-Range,35,35,27,36,22.0,19.0,12,9,193,215,87162,100832,83785,97070,41.0,59.0,Zomato Better,Takeaway; Vegan Options; Parking; Live Music; Alcohol; Dine-in; Dessert Bar,7,False,True,False,2021-06-10,1800
REST001187,Restaurant_1187,Delhi,Delhi_Locality_20,Casual Dining,Bakery,0.7,10:00,23:00,3353,4.6,281,4.5,779,4.55,303,Mid-Range,30,30,32,29,20.0,17.0,19,25,302,295,73204,74189,68674,69764,45.0,55.0,Zomato Better,Live Music; AC; WiFi; Family Friendly; Vegan Options; Outdoor Seating; Takeaway; Rooftop,8,True,True,False,2026-04-05,40
REST001188,Restaurant_1188,Delhi,Delhi_Locality_15,Fine Dine,Mediterranean; Desserts,10.7,09:00,22:00,105,3.5,1846,4.7,4354,4.1,204,Budget,73,73,41,51,15.0,13.0,12,25,106,143,18380,25379,14511,20160,49.0,51.0,Zomato Better,Vegan Options; Dessert Bar; AC,3,True,True,True,2017-04-22,3310
REST001189,Restaurant_1189,Delhi,Delhi_Locality_10,Casual Dining,Street Food,3.7,07:00,23:00,740,3.6,4645,4.0,3604,3.8,474,Mid-Range,38,38,41,25,20.0,21.0,15,21,178,198,67497,74143,64115,70381,49.0,51.0,Zomato Better,Smoking Area; Dessert Bar; Family Friendly; Vegan Options; Live Music,5,True,False,True,2021-01-19,1942
REST001190,Restaurant_1190,Delhi,Delhi_Locality_20,Fine Dine,Italian; Seafood,1.9,12:00,23:00,1940,4.2,3399,4.7,47,4.45,1350,Luxury,30,30,24,30,16.0,17.0,23,6,159,178,180306,199449,177921,196779,48.0,52.0,Zomato Better,Smoking Area; Rooftop; Alcohol,3,False,False,False,2024-01-15,851
REST001191,Restaurant_1191,Delhi,Delhi_Locality_19,Food Truck,Mediterranean; Multi-Cuisine,4.8,12:00,22:00,900,4.4,2234,4.0,4074,4.2,254,Budget,44,44,36,37,22.0,21.0,21,22,118,107,23378,21470,20782,19116,55.0,45.0,Swiggy Better,Bar; Parking; Alcohol; Family Friendly; Dessert Bar,5,False,False,False,2019-05-07,2565
REST001192,Restaurant_1192,Delhi,Delhi_Locality_15,Food Truck,Lebanese,11.3,09:00,22:00,1458,3.9,2080,4.4,2629,4.15,1476,Luxury,76,76,54,49,22.0,18.0,12,15,112,126,128943,152500,124687,147712,50.0,50.0,Zomato Better,Dessert Bar; Dine-in; Alcohol; Bar; WiFi; Rooftop; AC,7,False,True,False,2019-02-03,2658
REST001193,Restaurant_1193,Delhi,Delhi_Locality_12,QSR (Quick Service),North Indian,4.6,07:00,23:00,3580,3.6,4368,3.9,1778,3.75,556,Mid-Range,42,42,33,29,18.0,21.0,6,8,241,261,109876,114641,104815,109160,53.0,47.0,Zomato Better,Vegan Options; AC; WiFi; Bar; Alcohol; Dine-in,6,False,True,True,2020-12-18,1974
REST001194,Restaurant_1194,Delhi,Delhi_Locality_9,Cloud Kitchen,Bakery,1.8,12:00,23:00,35,4.1,2119,4.7,250,4.4,793,Premium,30,30,35,34,24.0,25.0,24,23,247,283,148861,168314,145156,164069,73.0,27.0,Zomato Better,Live Music; WiFi; AC; Family Friendly,4,False,False,False,2023-04-20,1121
REST001195,Restaurant_1195,Delhi,Delhi_Locality_5,Cloud Kitchen,South Indian,13.6,11:00,23:00,835,4.0,1211,4.4,449,4.2,1328,Luxury,88,88,50,61,23.0,23.0,25,23,267,294,273023,300632,261275,287696,56.0,44.0,Zomato Better,Family Friendly; Rooftop; Alcohol,3,True,False,False,2024-12-31,500
REST001196,Restaurant_1196,Delhi,Delhi_Locality_15,QSR (Quick Service),Thai,7.4,10:00,22:00,2626,2.7,187,3.8,3508,3.25,328,Mid-Range,57,57,39,43,22.0,19.0,12,13,165,232,42213,61637,37511,55025,51.0,49.0,Zomato Better,Live Music; Private Room; Parking; Dine-in; Rooftop; Outdoor Seating; AC,7,True,True,False,2017-10-04,3145
REST001197,Restaurant_1197,Delhi,Delhi_Locality_11,Fine Dine,Mediterranean; Multi-Cuisine,6.8,07:00,23:00,1956,4.7,4448,4.4,990,4.55,477,Mid-Range,54,54,35,36,18.0,17.0,38,13,178,167,69622,66116,64816,61607,51.0,49.0,Swiggy Better,Live Music; Family Friendly; Private Room; WiFi,4,False,False,True,2018-10-01,2783
REST001198,Restaurant_1198,Delhi,Delhi_Locality_16,Cafe,Bakery; Cafe,6.5,10:00,22:00,2080,3.7,105,4.5,4018,4.1,1335,Luxury,52,52,39,38,19.0,21.0,6,20,171,208,184910,219367,180464,213959,61.0,39.0,Zomato Better,WiFi; Dine-in; Family Friendly; Private Room; Rooftop; Alcohol,6,True,False,False,2021-05-04,1837
REST001199,Restaurant_1199,Delhi,Delhi_Locality_9,Food Truck,Bakery; Cafe,8.0,09:00,23:00,3178,4.2,2701,4.9,2342,4.55,164,Budget,60,60,47,33,20.0,20.0,10,26,144,168,18892,22041,14572,17001,57.0,43.0,Zomato Better,Private Room; Family Friendly; Alcohol,3,True,False,False,2017-04-11,3321
REST001200,Restaurant_1200,Delhi,Delhi_Locality_17,Casual Dining,Chinese,5.2,11:00,23:00,2586,5.0,351,3.6,4522,4.3,1300,Luxury,46,46,29,26,21.0,17.0,15,15,304,219,312208,236301,305216,231264,55.0,45.0,Swiggy Better,Family Friendly; Dessert Bar; Parking,3,False,True,False,2016-10-24,3490
REST001201,Restaurant_1201,Delhi,Delhi_Locality_4,Casual Dining,Mexican; South Indian,11.3,08:00,22:00,681,4.4,4909,3.7,3304,4.05,930,Premium,76,76,47,48,22.0,22.0,21,11,216,182,156686,132022,148478,125106,49.0,51.0,Swiggy Better,WiFi; Dine-in; Live Music; Private Room; Family Friendly,5,True,False,True,2023-03-15,1157
REST001202,Restaurant_1202,Delhi,Delhi_Locality_6,Casual Dining,Biryani,0.9,12:00,23:00,627,4.1,2683,4.5,45,4.3,195,Budget,30,30,25,30,20.0,21.0,22,13,200,219,31200,33736,28200,30451,50.0,50.0,Zomato Better,Rooftop; Dine-in; WiFi; Alcohol,4,True,True,True,2019-12-08,2350
REST001203,Restaurant_1203,Delhi,Delhi_Locality_10,Fine Dine,Pan-Asian,10.8,11:00,23:00,920,3.3,4925,4.3,3672,3.8,568,Mid-Range,74,74,41,43,14.0,16.0,15,20,111,145,54221,69182,50114,63817,51.0,49.0,Zomato Better,Alcohol; Private Room; Takeaway; Parking,4,True,True,True,2020-11-02,2020
REST001204,Restaurant_1204,Delhi,Delhi_Locality_14,Cafe,Bakery; Continental,14.0,08:00,23:00,3519,4.1,2822,3.9,1522,4.0,892,Premium,90,90,49,57,20.0,20.0,12,10,218,208,155564,148428,145754,139068,53.0,47.0,Swiggy Better,Vegan Options; Dine-in; Live Music; Private Room; Alcohol,5,True,False,False,2018-02-15,3011
REST001205,Restaurant_1205,Delhi,Delhi_Locality_13,QSR (Quick Service),Desserts; Street Food,2.0,09:00,22:00,3303,4.3,4208,3.4,4551,3.85,726,Premium,30,30,26,27,19.0,17.0,14,15,281,222,165244,133772,161029,130442,59.0,41.0,Swiggy Better,WiFi; AC; Bar; Smoking Area; Dine-in,5,True,False,False,2025-12-27,139
REST001206,Restaurant_1206,Delhi,Delhi_Locality_12,Cloud Kitchen,Vietnamese; Pan-Asian,9.2,08:00,23:00,3306,4.3,647,3.6,517,3.95,1189,Premium,66,66,43,40,25.0,24.0,24,12,374,313,333514,282839,321172,272510,58.0,42.0,Swiggy Better,Family Friendly; Smoking Area; WiFi; Parking; Vegan Options; Outdoor Seating; Bar; Rooftop,8,True,True,False,2023-11-09,918
REST001207,Restaurant_1207,Delhi,Delhi_Locality_16,Casual Dining,Seafood; Cafe,9.1,07:00,22:00,2551,3.4,2721,4.0,2993,3.7,1378,Luxury,65,65,49,42,21.0,19.0,9,13,206,242,224255,270115,217560,262250,45.0,55.0,Zomato Better,AC; Outdoor Seating; Live Music; Dessert Bar; Vegan Options; Parking,6,False,False,True,2024-12-21,510
REST001208,Restaurant_1208,Delhi,Delhi_Locality_11,QSR (Quick Service),Pan-Asian,13.6,10:00,23:00,721,3.5,180,4.2,3086,3.85,766,Premium,88,88,54,54,18.0,18.0,12,22,173,207,108664,130020,101052,120912,61.0,39.0,Zomato Better,Live Music; Rooftop; Takeaway; WiFi; Parking,5,True,True,True,2023-03-11,1161
REST001209,Restaurant_1209,Delhi,Delhi_Locality_11,Cloud Kitchen,Lebanese; South Indian,4.6,09:00,22:00,1523,4.1,2764,3.6,2988,3.85,1041,Premium,42,42,38,22,25.0,28.0,16,8,297,261,231882,195624,225645,190143,63.0,37.0,Swiggy Better,Rooftop; Dessert Bar; Family Friendly; Bar; AC,5,False,True,False,2020-01-02,2325
REST001210,Restaurant_1210,Delhi,Delhi_Locality_3,Fine Dine,Seafood; Korean,0.9,12:00,22:00,1739,4.0,737,4.2,3045,4.1,825,Premium,30,30,24,21,13.0,16.0,24,17,148,156,106227,108108,104007,105768,51.0,49.0,Zomato Better,AC; Alcohol; Smoking Area; Dine-in,4,True,True,False,2018-10-17,2767
REST001211,Restaurant_1211,Delhi,Delhi_Locality_17,Fine Dine,Thai,14.8,09:00,22:00,2267,4.1,3055,4.0,4530,4.05,553,Mid-Range,94,94,52,53,13.0,12.0,22,19,161,157,77458,76402,69891,69023,46.0,54.0,Swiggy Better,Dine-in; Vegan Options; Bar,3,True,True,True,2018-05-09,2928
REST001212,Restaurant_1212,Delhi,Delhi_Locality_19,Food Truck,Mexican,1.1,12:00,22:00,39,3.5,4259,3.8,1399,3.65,1491,Luxury,30,30,28,27,18.0,19.0,12,13,84,91,102700,109901,101440,108536,56.0,44.0,Zomato Better,Rooftop; Smoking Area; AC,3,False,False,True,2021-10-03,1685
REST001213,Restaurant_1213,Delhi,Delhi_Locality_1,Cafe,Desserts; Continental,8.4,11:00,22:00,1254,4.1,3325,4.2,3573,4.15,748,Premium,62,62,38,42,19.0,22.0,18,24,172,177,104211,103268,98879,97781,61.0,39.0,Swiggy Better,Alcohol; Live Music; Rooftop; Dessert Bar; Outdoor Seating; Family Friendly; AC; Smoking Area,8,True,False,False,2019-08-18,2462
REST001214,Restaurant_1214,Delhi,Delhi_Locality_16,Food Truck,Chinese; Japanese,6.9,09:00,23:00,3531,3.8,3189,3.8,4322,3.8,1063,Premium,54,54,36,35,19.0,21.0,14,14,135,135,116239,113368,112594,109723,64.0,36.0,Swiggy Better,Parking; Live Music; Takeaway; Smoking Area; Bar; AC; Vegan Options; WiFi,8,True,True,False,2019-05-23,2549
REST001215,Restaurant_1215,Delhi,Delhi_Locality_1,Fine Dine,Continental; Korean,12.8,10:00,23:00,2345,4.1,3208,3.5,3436,3.8,1213,Luxury,84,84,60,54,15.0,17.0,14,8,162,138,167030,138937,160226,133141,50.0,50.0,Swiggy Better,Rooftop; Dessert Bar; Private Room; Smoking Area; Outdoor Seating; WiFi; AC; Family Friendly,8,True,True,True,2025-09-13,244
REST001216,Restaurant_1216,Delhi,Delhi_Locality_18,Cloud Kitchen,Bakery,11.7,10:00,22:00,248,4.1,2474,4.4,4276,4.25,819,Premium,78,78,44,48,27.0,24.0,22,20,254,272,151858,169303,141952,158695,74.0,26.0,Zomato Better,Rooftop; Family Friendly; Dessert Bar; AC; Smoking Area; Parking; Private Room; Bar,8,True,True,False,2022-05-02,1474
REST001217,Restaurant_1217,Delhi,Delhi_Locality_16,Fine Dine,Continental; Lebanese,9.9,12:00,23:00,1099,4.3,3403,3.9,1846,4.1,489,Mid-Range,69,69,40,45,18.0,14.0,18,9,148,134,59345,56352,54239,51729,42.0,58.0,Swiggy Better,Dine-in; Smoking Area; WiFi; Outdoor Seating,4,True,False,False,2021-04-27,1844
REST001218,Restaurant_1218,Delhi,Delhi_Locality_2,Cloud Kitchen,Italian; Continental,4.1,12:00,22:00,369,3.6,187,3.8,2797,3.7,987,Premium,40,40,31,34,27.0,25.0,5,13,226,239,162835,176919,158315,172139,59.0,41.0,Zomato Better,Dessert Bar; WiFi; Live Music,3,True,True,False,2018-05-01,2936
REST001219,Restaurant_1219,Delhi,Delhi_Locality_6,Cloud Kitchen,Mexican; Bakery,12.9,11:00,22:00,2780,4.0,1684,3.8,4498,3.9,346,Mid-Range,84,84,52,50,27.0,26.0,12,12,331,314,83603,80396,69701,67208,75.0,25.0,Swiggy Better,Dine-in; Parking; Outdoor Seating,3,True,True,False,2020-05-11,2195
REST001220,Restaurant_1220,Delhi,Delhi_Locality_10,QSR (Quick Service),Street Food; Lebanese,8.9,10:00,23:00,3170,3.9,1097,3.9,3885,3.9,188,Budget,64,64,41,38,18.0,18.0,9,8,251,251,38694,38694,30662,30662,57.0,43.0,Balanced,Smoking Area; Alcohol; Live Music; Dine-in; WiFi,5,True,False,False,2020-11-30,1992
REST001221,Restaurant_1221,Delhi,Delhi_Locality_3,Fine Dine,Cafe,0.7,08:00,22:00,3106,4.4,3743,4.3,2365,4.35,844,Premium,30,30,27,23,14.0,15.0,14,11,188,183,136457,131284,133637,128539,47.0,53.0,Swiggy Better,Live Music; Takeaway; Vegan Options; Outdoor Seating; Family Friendly,5,False,True,True,2017-04-26,3306
REST001222,Restaurant_1222,Delhi,Delhi_Locality_12,Casual Dining,Mexican,6.3,08:00,22:00,207,4.1,3400,4.2,2924,4.15,845,Premium,51,51,32,37,20.0,19.0,14,23,189,194,127764,132783,122944,127836,42.0,58.0,Zomato Better,Outdoor Seating; Dine-in; Dessert Bar; Live Music; AC; Family Friendly,6,True,True,False,2021-03-10,1892
REST001223,Restaurant_1223,Delhi,Delhi_Locality_12,Fine Dine,North Indian,13.6,12:00,23:00,3492,3.9,4753,4.0,32,3.95,803,Premium,88,88,50,52,13.0,16.0,6,11,172,177,120160,119390,112592,111602,41.0,59.0,Swiggy Better,Private Room; Bar; Vegan Options; Live Music; Outdoor Seating; Smoking Area,6,False,True,True,2019-11-06,2382
REST001224,Restaurant_1224,Delhi,Delhi_Locality_12,Cafe,Cafe,4.5,12:00,23:00,1184,4.8,3439,3.8,2720,4.3,1118,Premium,42,42,38,24,18.0,22.0,36,8,200,158,183352,137782,179152,134464,57.0,43.0,Swiggy Better,Outdoor Seating; WiFi; Smoking Area,3,False,False,False,2021-08-31,1718
REST001225,Restaurant_1225,Delhi,Delhi_Locality_4,Cafe,Biryani,8.8,12:00,22:00,614,3.7,540,4.7,2655,4.2,774,Premium,64,64,41,42,17.0,18.0,9,32,144,183,92508,116146,87900,110290,51.0,49.0,Zomato Better,Bar; Live Music; Private Room; AC; Rooftop,5,True,True,False,2022-09-30,1323
REST001226,Restaurant_1226,Delhi,Delhi_Locality_15,Cafe,Pan-Asian; Bakery,10.7,07:00,23:00,246,4.5,2168,4.5,1921,4.5,1073,Premium,73,73,47,45,18.0,20.0,28,34,167,167,146936,143352,140841,137257,58.0,42.0,Swiggy Better,Takeaway; Private Room; Outdoor Seating,3,False,True,True,2020-02-06,2290
REST001227,Restaurant_1227,Delhi,Delhi_Locality_3,Casual Dining,Lebanese; Multi-Cuisine,7.0,11:00,23:00,3472,3.9,3111,4.1,4967,4.0,1060,Premium,55,55,35,42,23.0,18.0,14,17,258,272,210579,236422,203484,228942,41.0,59.0,Zomato Better,Rooftop; Bar; Takeaway,3,True,False,False,2018-03-15,2983
REST001228,Restaurant_1228,Delhi,Delhi_Locality_18,Food Truck,Chinese; Vietnamese,3.2,12:00,22:00,2968,3.7,3088,4.0,2365,3.85,1468,Luxury,36,36,25,31,19.0,19.0,11,21,124,135,147445,160525,145213,158095,59.0,41.0,Zomato Better,Bar; Rooftop; Dessert Bar; WiFi; Parking; Outdoor Seating; Private Room; Live Music,8,False,False,False,2026-01-18,117
REST001229,Restaurant_1229,Delhi,Delhi_Locality_9,Cloud Kitchen,Pan-Asian,6.2,07:00,23:00,3590,3.4,3494,3.9,1215,3.65,1486,Luxury,51,51,40,36,26.0,23.0,5,7,304,349,334290,399332,326538,390433,57.0,43.0,Zomato Better,Dessert Bar; AC; Rooftop; Bar; Takeaway; Smoking Area; Alcohol; Private Room,8,True,True,True,2025-12-28,138
REST001230,Restaurant_1230,Delhi,Delhi_Locality_3,Cloud Kitchen,North Indian,9.0,11:00,22:00,3488,4.1,3838,3.9,411,4.0,250,Budget,65,65,54,31,24.0,23.0,10,10,363,345,68970,66412,57172,55200,65.0,35.0,Swiggy Better,Dessert Bar; Bar; Alcohol; Family Friendly; Private Room; Smoking Area; Vegan Options; Dine-in,8,True,False,False,2018-10-06,2778
REST001231,Restaurant_1231,Delhi,Delhi_Locality_4,Casual Dining,Mediterranean,2.0,10:00,23:00,1405,4.0,4031,4.1,3693,4.05,564,Mid-Range,30,30,20,19,21.0,20.0,13,15,214,220,95349,99264,92139,95964,45.0,55.0,Zomato Better,Dine-in; Parking; Takeaway; Live Music,4,False,False,False,2023-08-06,1013
REST001232,Restaurant_1232,Delhi,Delhi_Locality_6,QSR (Quick Service),Thai; Vietnamese,5.6,10:00,23:00,229,4.4,2186,4.3,4310,4.35,1002,Premium,48,48,34,33,20.0,21.0,25,25,204,199,163526,157524,158630,152748,56.0,44.0,Swiggy Better,Alcohol; Family Friendly; WiFi; Private Room; Bar,5,True,False,False,2016-08-09,3566
REST001233,Restaurant_1233,Delhi,Delhi_Locality_18,Cafe,Japanese,3.9,11:00,23:00,1613,4.0,1194,3.7,305,3.85,314,Mid-Range,39,39,31,31,19.0,21.0,13,7,175,162,44509,40185,41097,37026,53.0,47.0,Swiggy Better,Rooftop; Family Friendly; Takeaway; Vegan Options; Smoking Area; Bar,6,False,True,False,2023-12-04,893
REST001234,Restaurant_1234,Delhi,Delhi_Locality_3,Casual Dining,Biryani,4.1,10:00,22:00,2303,4.6,4354,4.1,1096,4.35,1205,Luxury,40,40,35,25,18.0,19.0,30,15,272,242,268763,236204,263323,231364,47.0,53.0,Swiggy Better,Bar; Outdoor Seating; Dine-in; Private Room; Vegan Options; WiFi,6,False,False,True,2020-11-26,1996
REST001235,Restaurant_1235,Delhi,Delhi_Locality_13,Fine Dine,Fast Food,9.1,11:00,22:00,2751,3.9,3713,4.4,1900,4.15,1318,Luxury,65,65,52,41,13.0,15.0,12,23,161,181,184612,202774,179379,196891,42.0,58.0,Zomato Better,Smoking Area; Dine-in; Rooftop; Live Music; Vegan Options,5,False,False,True,2022-02-06,1559
REST001236,Restaurant_1236,Delhi,Delhi_Locality_16,QSR (Quick Service),Mughlai; Biryani,11.0,11:00,22:00,3228,3.7,1038,4.1,2477,3.9,583,Mid-Range,75,75,45,51,20.0,21.0,6,20,240,266,111936,122511,102936,112536,52.0,48.0,Zomato Better,Parking; Dine-in; Vegan Options; Outdoor Seating; Family Friendly; Bar,6,True,False,True,2020-07-04,2141
REST001237,Restaurant_1237,Delhi,Delhi_Locality_12,Cafe,Bakery,7.0,10:00,22:00,1473,4.2,1644,3.8,4733,4.0,355,Mid-Range,55,55,34,41,20.0,17.0,20,10,181,164,51404,48322,46426,43812,62.0,38.0,Swiggy Better,AC; Vegan Options; Rooftop,3,False,True,False,2017-08-10,3200
REST001238,Restaurant_1238,Delhi,Delhi_Locality_3,QSR (Quick Service),Italian,0.7,10:00,23:00,627,4.0,2290,4.3,4798,4.15,457,Mid-Range,30,30,35,34,20.0,17.0,23,13,195,210,71292,79655,68367,76505,47.0,53.0,Zomato Better,Outdoor Seating; Rooftop; Dessert Bar; Vegan Options,4,True,False,False,2021-04-05,1866
REST001239,Restaurant_1239,Delhi,Delhi_Locality_17,Casual Dining,Thai,13.4,07:00,22:00,347,3.8,1555,4.4,2464,4.1,1088,Premium,87,87,50,53,23.0,19.0,15,15,179,207,149959,182424,142172,173420,41.0,59.0,Zomato Better,Outdoor Seating; WiFi; Parking; Rooftop; Private Room; AC,6,True,True,True,2024-04-17,758
REST001240,Restaurant_1240,Delhi,Delhi_Locality_20,Casual Dining,Mughlai; Mediterranean,10.8,08:00,22:00,724,4.0,692,4.0,3653,4.0,654,Mid-Range,74,74,44,43,22.0,23.0,20,18,197,197,100493,99205,93204,91916,46.0,54.0,Swiggy Better,Dessert Bar; Dine-in; Bar; Smoking Area; Private Room; AC,6,True,True,True,2019-11-21,2367
REST001241,Restaurant_1241,Delhi,Delhi_Locality_12,Fine Dine,Street Food,2.1,09:00,22:00,807,4.5,709,4.3,1462,4.4,150,Budget,30,30,31,27,15.0,14.0,32,11,149,143,18997,18447,16762,16302,49.0,51.0,Swiggy Better,Parking; AC; WiFi; Dessert Bar; Takeaway; Alcohol; Smoking Area,7,False,True,True,2024-02-20,815
REST001242,Restaurant_1242,Delhi,Delhi_Locality_12,Cafe,Bakery,11.1,08:00,23:00,80,4.5,561,3.9,2703,4.2,1032,Premium,75,75,43,37,20.0,21.0,31,12,163,141,134572,114954,128460,109666,56.0,44.0,Swiggy Better,Outdoor Seating; Vegan Options; Dine-in; Bar; Parking; Smoking Area; WiFi,7,True,True,True,2025-04-30,380
REST001243,Restaurant_1243,Delhi,Delhi_Locality_10,Cafe,Biryani,2.8,11:00,23:00,2417,3.7,2338,4.0,66,3.85,322,Mid-Range,33,33,31,36,21.0,22.0,14,8,177,191,45025,47971,42104,44820,52.0,48.0,Zomato Better,Takeaway; WiFi; Outdoor Seating; AC; Parking; Rooftop; Dine-in,7,True,True,True,2017-01-31,3391
REST001244,Restaurant_1244,Delhi,Delhi_Locality_2,Fine Dine,Street Food,2.7,11:00,23:00,2566,3.9,4132,3.6,4216,3.75,1216,Luxury,33,33,26,33,12.0,15.0,12,7,158,145,169072,149872,166465,147479,44.0,56.0,Swiggy Better,Takeaway; Live Music; Dessert Bar; AC; Family Friendly; Parking; Smoking Area,7,False,False,True,2023-03-24,1148
REST001245,Restaurant_1245,Delhi,Delhi_Locality_18,QSR (Quick Service),Bakery; Italian,10.0,07:00,22:00,419,4.3,1135,4.1,1793,4.2,359,Mid-Range,70,70,39,52,18.0,23.0,19,15,204,195,60053,53903,52913,47078,56.0,44.0,Swiggy Better,WiFi; Bar; Dine-in; Private Room; Outdoor Seating; Dessert Bar; Smoking Area,7,False,True,False,2021-11-18,1639
REST001246,Restaurant_1246,Delhi,Delhi_Locality_6,Fine Dine,Lebanese,0.6,09:00,22:00,601,5.0,2083,3.6,1311,4.3,645,Mid-Range,30,30,20,24,15.0,14.0,29,7,162,116,88816,64345,86386,62605,41.0,59.0,Swiggy Better,Smoking Area; Bar; Live Music; Dessert Bar; Private Room; Vegan Options; Alcohol,7,False,False,False,2018-05-06,2931
REST001247,Restaurant_1247,Delhi,Delhi_Locality_18,Cloud Kitchen,Seafood,10.7,10:00,23:00,3573,4.1,3686,3.9,2779,4.0,515,Mid-Range,73,73,48,37,23.0,23.0,11,10,366,348,145137,137999,131778,125297,56.0,44.0,Swiggy Better,Dine-in; Bar; Dessert Bar,3,False,True,False,2023-02-09,1191
REST001248,Restaurant_1248,Delhi,Delhi_Locality_14,Casual Dining,Pan-Asian,5.5,10:00,22:00,295,3.6,3568,3.7,1926,3.65,1339,Luxury,47,47,28,33,21.0,22.0,7,13,168,173,177712,180684,173764,176619,43.0,57.0,Zomato Better,Live Music; AC; Dessert Bar; Smoking Area; Rooftop; Outdoor Seating; Family Friendly,7,False,True,True,2020-12-04,1988
REST001249,Restaurant_1249,Delhi,Delhi_Locality_12,QSR (Quick Service),Fast Food; Cafe,13.6,12:00,22:00,1900,4.5,3018,4.3,4751,4.4,631,Mid-Range,88,88,54,53,20.0,18.0,22,16,255,243,128724,125733,117504,115041,54.0,46.0,Swiggy Better,Live Music; WiFi; Bar; Family Friendly; Dine-in,5,False,True,False,2017-02-23,3368
REST001250,Restaurant_1250,Delhi,Delhi_Locality_12,Cafe,North Indian,0.6,11:00,23:00,2317,3.5,3282,3.8,1630,3.65,859,Premium,30,30,20,27,19.0,22.0,8,13,165,180,114805,120603,112330,117903,59.0,41.0,Zomato Better,Rooftop; Parking; Vegan Options,3,False,True,False,2019-06-09,2532
REST001251,Restaurant_1251,Pune,Pune_Locality_6,Food Truck,Desserts; Desserts,2.9,11:00,23:00,1548,3.9,1557,4.2,293,4.05,820,Premium,34,34,27,27,19.0,21.0,10,13,113,122,75054,79031,73133,76957,47.0,53.0,Zomato Better,Bar; Takeaway; Dine-in; Vegan Options; AC; Family Friendly; WiFi; Parking,8,True,True,False,2016-08-21,3554
REST001252,Restaurant_1252,Pune,Pune_Locality_1,Casual Dining,Mediterranean; Vietnamese,14.2,12:00,22:00,1402,4.0,4078,4.5,1176,4.25,438,Mid-Range,91,91,53,56,20.0,20.0,24,21,214,241,74985,84446,65248,73480,53.0,47.0,Zomato Better,Live Music; Private Room; Dessert Bar; Outdoor Seating; Smoking Area; Alcohol; Takeaway; Bar,8,True,False,True,2025-07-31,288
REST001253,Restaurant_1253,Pune,Pune_Locality_11,QSR (Quick Service),Seafood; Biryani,13.2,07:00,22:00,3393,4.4,2608,3.8,4772,4.1,1016,Premium,86,86,51,61,18.0,18.0,16,8,290,250,241604,208280,229134,197530,63.0,37.0,Swiggy Better,Smoking Area; Dine-in; Alcohol,3,False,True,True,2023-08-03,1016
REST001254,Restaurant_1254,Pune,Pune_Locality_9,Cloud Kitchen,Mughlai; Korean,10.3,07:00,22:00,137,4.2,4183,3.5,163,3.85,648,Mid-Range,71,71,44,41,26.0,26.0,11,7,256,213,122757,102137,113669,94576,74.0,26.0,Swiggy Better,Alcohol; Outdoor Seating; WiFi,3,True,False,True,2026-01-08,127
REST001255,Restaurant_1255,Pune,Pune_Locality_9,Cloud Kitchen,South Indian,14.6,10:00,23:00,286,3.4,1579,3.9,1515,3.65,281,Budget,93,93,52,60,27.0,22.0,15,7,211,243,43282,53260,33470,41961,65.0,35.0,Zomato Better,WiFi; Live Music; Dessert Bar,3,False,False,True,2023-06-03,1077
REST001256,Restaurant_1256,Pune,Pune_Locality_5,Cafe,Bakery,2.0,09:00,22:00,1714,4.5,2420,3.5,3246,4.0,153,Budget,30,30,35,31,18.0,19.0,30,12,200,155,25092,19209,22092,16884,47.0,53.0,Swiggy Better,WiFi; Outdoor Seating; Dine-in; Bar; Family Friendly; Private Room; Vegan Options,7,True,False,False,2021-07-17,1763
REST001257,Restaurant_1257,Pune,Pune_Locality_13,Casual Dining,Biryani,12.0,12:00,23:00,344,3.8,3728,3.2,4033,3.5,1017,Premium,80,80,43,49,17.0,20.0,12,15,179,150,151095,122040,143935,116040,46.0,54.0,Swiggy Better,Outdoor Seating; Rooftop; Live Music,3,True,True,False,2019-05-25,2547
REST001258,Restaurant_1258,Pune,Pune_Locality_9,Cafe,Lebanese; South Indian,7.8,07:00,23:00,950,3.7,2623,4.4,2808,4.05,1176,Premium,59,59,35,43,21.0,22.0,8,18,150,179,139356,164193,134931,158912,62.0,38.0,Zomato Better,Alcohol; Smoking Area; Dessert Bar,3,True,False,False,2019-10-19,2400
REST001259,Restaurant_1259,Pune,Pune_Locality_4,QSR (Quick Service),Biryani,5.5,09:00,23:00,2014,3.4,878,3.4,4428,3.4,1455,Luxury,47,47,32,42,17.0,22.0,9,14,195,195,235491,221305,230909,216723,59.0,41.0,Swiggy Better,Rooftop; Live Music; Vegan Options; Outdoor Seating,4,False,True,False,2018-09-23,2791
REST001260,Restaurant_1260,Pune,Pune_Locality_17,QSR (Quick Service),North Indian; Cafe,5.1,10:00,22:00,1752,4.1,3845,4.1,621,4.1,877,Premium,45,45,37,41,17.0,22.0,21,21,228,228,165963,155965,160833,150835,51.0,49.0,Swiggy Better,Parking; Rooftop; Live Music; Dessert Bar; Smoking Area; WiFi; Vegan Options; Dine-in,8,False,False,False,2021-03-05,1897
REST001261,Restaurant_1261,Pune,Pune_Locality_19,Cafe,Thai; Japanese,13.9,12:00,22:00,704,4.7,266,3.9,327,4.3,1082,Premium,89,89,54,45,19.0,22.0,19,12,185,153,162137,129125,153905,122317,45.0,55.0,Swiggy Better,Takeaway; Rooftop; Outdoor Seating,3,False,False,False,2025-02-07,462
REST001262,Restaurant_1262,Pune,Pune_Locality_1,QSR (Quick Service),Biryani,13.4,07:00,22:00,1174,5.0,4531,3.7,3512,4.35,987,Premium,87,87,45,52,19.0,23.0,24,9,261,193,208661,146678,197308,138282,50.0,50.0,Swiggy Better,Private Room; Family Friendly; Dine-in; Bar; WiFi,5,False,False,True,2025-05-14,366
REST001263,Restaurant_1263,Pune,Pune_Locality_15,Fine Dine,Italian,11.8,08:00,22:00,975,3.7,2346,4.6,2416,4.15,609,Mid-Range,79,79,48,47,14.0,14.0,11,36,125,156,65467,81703,60530,75541,44.0,56.0,Zomato Better,Vegan Options; Private Room; Family Friendly; Dessert Bar; WiFi; Smoking Area; Dine-in,7,True,True,True,2023-05-13,1098
REST001264,Restaurant_1264,Pune,Pune_Locality_20,Food Truck,Italian; Street Food,9.1,11:00,22:00,3063,3.9,1327,4.8,2333,4.35,1106,Premium,65,65,52,44,23.0,21.0,5,22,132,163,112413,142419,108123,137122,47.0,53.0,Zomato Better,AC; Rooftop; WiFi; Live Music; Outdoor Seating; Bar; Takeaway,7,False,False,False,2018-07-23,2853
REST001265,Restaurant_1265,Pune,Pune_Locality_4,QSR (Quick Service),Italian,2.9,11:00,22:00,1534,4.4,186,3.7,2023,4.05,705,Premium,34,34,31,39,21.0,18.0,11,15,239,201,133111,116198,129048,112781,50.0,50.0,Swiggy Better,WiFi; Dine-in; Rooftop; Bar; Parking; Live Music,6,False,True,True,2022-10-02,1321
REST001266,Restaurant_1266,Pune,Pune_Locality_4,Cafe,Biryani,1.6,09:00,22:00,1408,3.9,231,3.9,1136,3.9,206,Budget,30,30,23,32,19.0,20.0,5,5,167,167,27865,27521,25360,25016,50.0,50.0,Swiggy Better,Private Room; Outdoor Seating; Smoking Area; Takeaway; Dessert Bar,5,False,False,False,2024-06-13,701
REST001267,Restaurant_1267,Pune,Pune_Locality_12,Cloud Kitchen,Lebanese; Cafe,12.3,09:00,22:00,2325,3.8,1023,4.4,3363,4.1,372,Mid-Range,81,81,53,48,25.0,26.0,9,14,300,348,83700,95797,71550,81703,70.0,30.0,Zomato Better,Rooftop; Bar; Takeaway; Alcohol; WiFi; Parking,6,False,True,False,2021-05-15,1826
REST001268,Restaurant_1268,Pune,Pune_Locality_5,Food Truck,Continental,10.9,09:00,22:00,2589,3.7,4765,3.9,2557,3.8,214,Budget,74,74,48,49,20.0,21.0,10,13,120,126,20544,21301,16104,16639,49.0,51.0,Zomato Better,Bar; Live Music; Dessert Bar,3,False,True,True,2020-08-04,2110
REST001269,Restaurant_1269,Pune,Pune_Locality_11,QSR (Quick Service),North Indian; Multi-Cuisine,1.2,12:00,22:00,2066,3.3,3705,3.6,1745,3.45,888,Premium,30,30,26,36,18.0,18.0,12,12,190,207,138350,150729,135500,147624,51.0,49.0,Zomato Better,Family Friendly; WiFi; Private Room; Rooftop; Vegan Options; AC,6,False,True,False,2025-11-28,168
REST001270,Restaurant_1270,Pune,Pune_Locality_14,Cloud Kitchen,Seafood; South Indian,0.6,11:00,22:00,2357,3.6,1041,4.3,3757,3.95,895,Premium,30,30,29,17,26.0,27.0,13,21,285,341,188755,222792,184480,217677,65.0,35.0,Zomato Better,Private Room; WiFi; Dessert Bar; AC; Dine-in; Vegan Options; Takeaway; Outdoor Seating,8,True,True,False,2016-10-17,3497
REST001271,Restaurant_1271,Pune,Pune_Locality_12,Fine Dine,Street Food,4.2,12:00,22:00,1480,3.9,3566,3.9,505,3.9,1324,Luxury,41,41,36,27,13.0,17.0,9,12,140,140,161263,153848,158393,150978,55.0,45.0,Swiggy Better,Family Friendly; Vegan Options; Outdoor Seating,3,False,True,True,2022-03-31,1506
REST001272,Restaurant_1272,Pune,Pune_Locality_4,Cafe,Multi-Cuisine,10.4,07:00,22:00,3199,4.1,1903,4.1,4798,4.1,758,Premium,72,72,45,52,20.0,23.0,14,24,212,212,128556,123735,120924,116103,55.0,45.0,Swiggy Better,Vegan Options; Parking; Outdoor Seating; Dessert Bar; Live Music; AC; Takeaway,7,False,False,False,2019-11-24,2364
REST001273,Restaurant_1273,Pune,Pune_Locality_10,Cafe,Desserts,9.3,09:00,23:00,3095,4.4,960,3.5,1429,3.95,1068,Premium,66,66,42,35,22.0,21.0,14,12,225,179,187434,151025,180009,145118,55.0,45.0,Swiggy Better,Takeaway; Alcohol; Live Music; Outdoor Seating; Bar; WiFi; Dine-in; Dessert Bar,8,True,True,True,2021-11-13,1644
REST001274,Restaurant_1274,Pune,Pune_Locality_14,Cloud Kitchen,Mediterranean,13.8,12:00,22:00,1138,4.0,341,3.7,2288,3.85,947,Premium,89,89,50,56,25.0,23.0,12,6,277,256,196739,186672,184412,175280,57.0,43.0,Swiggy Better,Parking; Dine-in; Outdoor Seating,3,True,True,False,2025-11-11,185
REST001275,Restaurant_1275,Pune,Pune_Locality_19,Cafe,Seafood; Mughlai,5.7,11:00,22:00,3278,3.1,3450,4.3,4027,3.7,1136,Premium,48,48,37,33,19.0,19.0,8,24,161,224,148145,206115,144281,200739,57.0,43.0,Zomato Better,Bar; Rooftop; Outdoor Seating; Smoking Area,4,False,True,False,2019-06-21,2520
REST001276,Restaurant_1276,Pune,Pune_Locality_12,Cafe,Korean,2.2,08:00,23:00,78,4.4,1362,4.0,564,4.2,677,Mid-Range,31,31,31,35,23.0,20.0,22,20,160,145,83406,78532,80926,76284,50.0,50.0,Swiggy Better,Private Room; Family Friendly; Takeaway; Parking,4,False,False,True,2023-07-02,1048
REST001277,Restaurant_1277,Pune,Pune_Locality_18,Fine Dine,Pan-Asian,8.7,07:00,23:00,826,4.1,4665,4.6,2970,4.35,255,Budget,63,63,39,42,15.0,17.0,17,23,136,153,29478,32382,25194,27562,43.0,57.0,Zomato Better,Vegan Options; Family Friendly; Live Music; WiFi,4,True,False,False,2020-06-27,2148
REST001278,Restaurant_1278,Pune,Pune_Locality_12,Fine Dine,Fast Food; Street Food,9.3,12:00,22:00,3427,3.6,161,3.9,12,3.75,1394,Luxury,66,66,46,44,16.0,15.0,7,6,158,171,185011,202617,179797,196974,40.0,60.0,Zomato Better,Vegan Options; Private Room; Rooftop; WiFi; Parking; Outdoor Seating; Live Music,7,False,False,True,2017-08-17,3193
REST001279,Restaurant_1279,Pune,Pune_Locality_11,Casual Dining,Cafe,12.3,11:00,23:00,3223,4.2,2965,3.9,3659,4.05,1421,Luxury,81,81,52,50,23.0,20.0,11,11,272,252,297614,286473,286598,276267,40.0,60.0,Swiggy Better,Smoking Area; Vegan Options; WiFi,3,True,False,True,2022-07-08,1407
REST001280,Restaurant_1280,Pune,Pune_Locality_8,Casual Dining,Desserts,14.0,10:00,23:00,222,3.6,3979,4.0,2668,3.8,847,Premium,90,90,51,48,21.0,20.0,6,19,166,185,111075,125356,103605,117031,55.0,45.0,Zomato Better,Dine-in; WiFi; Vegan Options; Family Friendly; Outdoor Seating,5,True,False,False,2021-08-31,1718
REST001281,Restaurant_1281,Pune,Pune_Locality_6,Cafe,Mediterranean,7.8,07:00,22:00,1419,3.9,332,4.6,2536,4.25,612,Mid-Range,59,59,38,37,22.0,21.0,9,32,167,197,79719,95245,74792,89434,58.0,42.0,Zomato Better,Takeaway; Family Friendly; AC; WiFi,4,True,False,True,2019-07-04,2507
REST001282,Restaurant_1282,Pune,Pune_Locality_13,Food Truck,Seafood,7.0,10:00,23:00,167,3.4,2958,3.7,4375,3.55,794,Premium,55,55,32,41,18.0,19.0,11,12,83,90,54039,57882,51757,55407,64.0,36.0,Zomato Better,Outdoor Seating; AC; WiFi; Takeaway; Alcohol; Family Friendly; Live Music; Vegan Options,8,False,True,False,2021-03-11,1891
REST001283,Restaurant_1283,Pune,Pune_Locality_19,Fine Dine,Chinese; Desserts,3.6,07:00,23:00,3485,4.0,4905,3.6,4282,3.8,451,Mid-Range,38,38,35,30,18.0,15.0,18,12,177,159,65458,60952,62095,57931,44.0,56.0,Swiggy Better,WiFi; Dine-in; Family Friendly,3,True,False,True,2022-06-04,1441
REST001284,Restaurant_1284,Pune,Pune_Locality_19,Food Truck,Street Food,3.1,12:00,22:00,1799,4.0,1816,3.2,1312,3.6,1111,Premium,35,35,43,27,18.0,19.0,25,7,119,95,108411,85491,106328,83828,61.0,39.0,Swiggy Better,Outdoor Seating; Private Room; Live Music,3,True,True,False,2020-02-03,2293
REST001285,Restaurant_1285,Pune,Pune_Locality_19,Cloud Kitchen,Biryani,5.6,07:00,23:00,2434,4.1,1497,4.6,2798,4.35,945,Premium,48,48,35,36,26.0,22.0,20,35,328,368,229370,271252,221498,262420,66.0,34.0,Zomato Better,Live Music; AC; Dessert Bar; Vegan Options; Dine-in; Smoking Area; Rooftop,7,True,False,True,2025-06-20,329
REST001286,Restaurant_1286,Pune,Pune_Locality_7,Cafe,Mediterranean,2.3,09:00,23:00,2141,3.9,4942,3.5,3645,3.7,1053,Premium,31,31,30,28,17.0,17.0,12,9,181,162,158192,141586,155386,139075,55.0,45.0,Swiggy Better,Takeaway; Private Room; WiFi; Live Music; Bar; Family Friendly,6,True,True,False,2017-07-01,3240
REST001287,Restaurant_1287,Pune,Pune_Locality_16,Cafe,Korean,14.9,08:00,23:00,1192,3.8,3135,3.9,1962,3.85,1181,Premium,94,94,59,51,17.0,19.0,12,12,159,163,155856,155927,148383,148266,49.0,51.0,Swiggy Better,Private Room; Dine-in; Bar; Parking; WiFi,5,False,False,True,2021-06-23,1787
REST001288,Restaurant_1288,Pune,Pune_Locality_18,Food Truck,Continental,11.0,07:00,23:00,1289,4.2,1925,4.4,530,4.3,663,Mid-Range,75,75,53,52,20.0,20.0,18,15,118,124,62587,65769,58162,61119,55.0,45.0,Zomato Better,Dessert Bar; Outdoor Seating; Private Room,3,True,True,True,2019-10-29,2390
REST001289,Restaurant_1289,Pune,Pune_Locality_1,Fine Dine,Mughlai,0.7,07:00,22:00,2891,4.1,65,3.8,2381,3.95,709,Premium,30,30,30,25,15.0,18.0,12,6,171,159,103053,92439,100488,90054,52.0,48.0,Swiggy Better,Private Room; Smoking Area; Dessert Bar; WiFi; Takeaway,5,False,False,True,2021-11-28,1629
REST001290,Restaurant_1290,Pune,Pune_Locality_19,QSR (Quick Service),Mughlai,12.6,07:00,22:00,2392,3.4,2550,4.4,3045,3.9,1051,Premium,83,83,46,45,21.0,20.0,11,21,203,262,168548,220289,160124,209416,61.0,39.0,Zomato Better,Bar; AC; Private Room; Rooftop; WiFi; Family Friendly,6,False,True,False,2019-12-26,2332
REST001291,Restaurant_1291,Pune,Pune_Locality_11,Casual Dining,North Indian,12.8,11:00,23:00,602,3.7,1525,4.8,588,4.25,1155,Premium,84,84,47,53,20.0,20.0,14,37,180,233,166320,215292,158760,205506,49.0,51.0,Zomato Better,Family Friendly; Outdoor Seating; Smoking Area; Parking; WiFi; Dessert Bar; Private Room,7,True,True,True,2021-06-15,1795
REST001292,Restaurant_1292,Pune,Pune_Locality_2,Cafe,Japanese,6.5,08:00,23:00,2517,4.1,4320,3.7,3547,3.9,714,Premium,52,52,42,39,19.0,22.0,23,8,198,179,114511,99688,109363,95034,55.0,45.0,Swiggy Better,Dine-in; Live Music; Outdoor Seating; Takeaway; WiFi; Private Room; Smoking Area,7,True,True,True,2020-03-09,2258
REST001293,Restaurant_1293,Pune,Pune_Locality_1,Food Truck,Cafe,13.5,07:00,23:00,474,3.8,2071,3.6,4120,3.7,1239,Luxury,87,87,49,57,18.0,19.0,7,14,97,92,98550,92330,94330,88328,51.0,49.0,Swiggy Better,Takeaway; Parking; Smoking Area; WiFi; Live Music; AC,6,False,False,False,2022-05-27,1449
REST001294,Restaurant_1294,Pune,Pune_Locality_3,Cafe,Thai,14.1,11:00,22:00,2372,3.7,739,3.6,1988,3.65,822,Premium,90,90,50,57,21.0,23.0,8,15,176,171,114290,108232,106370,100537,53.0,47.0,Swiggy Better,Rooftop; Private Room; Alcohol; Bar,4,False,False,False,2018-11-03,2750
REST001295,Restaurant_1295,Pune,Pune_Locality_11,Fine Dine,Street Food; Continental,14.2,07:00,22:00,1615,3.5,918,3.6,3550,3.55,414,Mid-Range,91,91,52,58,16.0,15.0,7,14,128,131,44513,46098,38689,40138,49.0,51.0,Zomato Better,AC; Rooftop; Dessert Bar; Alcohol,4,False,True,False,2021-06-13,1797
REST001296,Restaurant_1296,Pune,Pune_Locality_7,Fine Dine,Multi-Cuisine; Street Food,6.8,12:00,22:00,2342,4.7,1084,4.4,4060,4.55,307,Mid-Range,54,54,37,37,16.0,17.0,24,10,186,174,47965,44336,42943,39638,52.0,48.0,Swiggy Better,Alcohol; Dessert Bar; Family Friendly; Outdoor Seating,4,True,True,False,2024-11-23,538
REST001297,Restaurant_1297,Pune,Pune_Locality_9,Cafe,Chinese,13.5,10:00,22:00,3024,4.3,2227,3.3,3426,3.8,524,Mid-Range,87,87,53,53,19.0,21.0,17,14,218,168,92527,69545,83044,62237,52.0,48.0,Swiggy Better,Dessert Bar; Parking; Dine-in; Alcohol,4,True,False,True,2024-03-04,802
REST001298,Restaurant_1298,Pune,Pune_Locality_18,Cloud Kitchen,Continental,1.8,07:00,22:00,1162,4.4,2577,4.2,4886,4.3,1229,Luxury,30,30,29,27,23.0,23.0,19,19,306,292,289576,276328,284986,271948,60.0,40.0,Swiggy Better,Rooftop; Parking; Dine-in; Family Friendly,4,False,False,True,2026-02-15,89
REST001299,Restaurant_1299,Pune,Pune_Locality_2,Cafe,Cafe; Thai,12.9,11:00,23:00,2650,4.3,42,4.0,2486,4.15,564,Mid-Range,84,84,60,56,20.0,21.0,7,17,210,196,94752,87329,85932,79097,45.0,55.0,Swiggy Better,Parking; Bar; Private Room; Live Music; Outdoor Seating; Family Friendly; Vegan Options; Rooftop,8,False,False,False,2022-04-24,1482
REST001300,Restaurant_1300,Pune,Pune_Locality_15,QSR (Quick Service),Street Food,2.3,10:00,22:00,1492,3.8,884,4.3,2370,4.05,1108,Premium,31,31,32,28,20.0,19.0,15,17,205,233,181712,209112,178534,205501,53.0,47.0,Zomato Better,Live Music; Rooftop; Private Room; Vegan Options; Outdoor Seating; Bar; WiFi,7,True,False,True,2018-05-08,2929
REST001301,Restaurant_1301,Pune,Pune_Locality_4,Casual Dining,Chinese,3.5,08:00,22:00,1073,3.6,3881,3.8,4430,3.7,1405,Luxury,37,37,29,28,19.0,20.0,8,8,185,196,210539,220304,207116,216678,43.0,57.0,Zomato Better,Smoking Area; Private Room; Vegan Options; Takeaway; Outdoor Seating; Rooftop; Dine-in; Live Music,8,False,True,True,2018-07-26,2850
REST001302,Restaurant_1302,Pune,Pune_Locality_8,Casual Dining,Street Food,8.7,09:00,23:00,3255,3.1,2367,4.2,1490,3.65,322,Mid-Range,63,63,42,40,18.0,18.0,11,20,201,273,53072,72082,46740,63483,54.0,46.0,Zomato Better,Takeaway; Dine-in; Private Room; Bar; WiFi; Dessert Bar; Live Music,7,False,False,True,2016-06-16,3620
REST001303,Restaurant_1303,Pune,Pune_Locality_7,Cloud Kitchen,Desserts,12.4,11:00,23:00,3096,3.7,1290,3.8,71,3.75,1443,Luxury,82,82,56,52,27.0,25.0,13,8,316,324,332871,350649,319915,337365,58.0,42.0,Zomato Better,Outdoor Seating; Family Friendly; Alcohol; Dine-in; Dessert Bar,5,False,False,False,2018-10-16,2768
REST001304,Restaurant_1304,Pune,Pune_Locality_7,Fine Dine,South Indian; Bakery,8.3,08:00,22:00,1554,4.5,501,4.0,3475,4.25,583,Mid-Range,61,61,39,39,17.0,16.0,35,24,163,145,78874,71009,73902,66586,48.0,52.0,Swiggy Better,WiFi; AC; Parking; Alcohol; Private Room,5,True,False,False,2024-06-06,708
REST001305,Restaurant_1305,Pune,Pune_Locality_10,Cloud Kitchen,Lebanese,4.5,12:00,22:00,1755,4.1,3111,4.6,2907,4.35,1478,Luxury,42,42,36,25,27.0,24.0,12,30,305,342,329076,384161,322671,376979,63.0,37.0,Zomato Better,Bar; AC; Smoking Area; Live Music; Parking,5,True,False,False,2022-10-13,1310
REST001306,Restaurant_1306,Pune,Pune_Locality_17,Casual Dining,Mughlai; Chinese,5.8,12:00,23:00,3256,3.5,2950,4.4,4649,3.95,889,Premium,49,49,40,33,17.0,22.0,15,17,227,286,167496,198318,161934,191311,52.0,48.0,Zomato Better,Live Music; Family Friendly; Bar; Parking; Outdoor Seating; Dessert Bar; AC; WiFi,8,False,True,True,2025-04-19,391
REST001307,Restaurant_1307,Pune,Pune_Locality_5,Food Truck,Fast Food,5.2,09:00,23:00,3029,3.5,3026,4.7,1631,4.1,1078,Premium,46,46,33,32,17.0,17.0,7,33,118,159,105579,142263,102865,138606,53.0,47.0,Zomato Better,Live Music; Dine-in; Outdoor Seating; Vegan Options; Family Friendly,5,True,True,False,2023-10-25,933
REST001308,Restaurant_1308,Pune,Pune_Locality_5,Casual Dining,Fast Food,2.3,08:00,23:00,2569,3.9,1568,3.8,4975,3.85,462,Mid-Range,31,31,33,35,21.0,21.0,9,14,237,231,86500,84310,82826,80729,40.0,60.0,Swiggy Better,Smoking Area; Outdoor Seating; Alcohol; WiFi; Dine-in; Family Friendly,6,False,False,True,2024-01-25,841
REST001309,Restaurant_1309,Pune,Pune_Locality_7,Food Truck,Street Food,10.1,09:00,23:00,2718,3.5,206,4.3,422,3.9,1047,Premium,70,70,40,45,23.0,19.0,9,17,115,141,92711,119577,88686,114642,53.0,47.0,Zomato Better,Smoking Area; Dessert Bar; Dine-in; Private Room; Vegan Options; WiFi,6,True,False,True,2020-08-14,2100
REST001310,Restaurant_1310,Pune,Pune_Locality_17,Cafe,Pan-Asian; North Indian,5.2,08:00,23:00,2402,4.1,4686,3.6,3915,3.85,527,Mid-Range,46,46,30,39,18.0,22.0,14,10,196,172,84699,70702,80191,66746,62.0,38.0,Swiggy Better,Bar; Private Room; Outdoor Seating; Family Friendly; Live Music; WiFi,6,False,True,True,2020-12-23,1969
REST001311,Restaurant_1311,Pune,Pune_Locality_6,Cafe,Biryani,3.3,12:00,22:00,2782,4.0,3536,4.3,3419,4.15,964,Premium,36,36,35,34,19.0,21.0,22,12,198,213,154606,162212,151042,158378,64.0,36.0,Zomato Better,Dine-in; AC; Alcohol; Private Room; Outdoor Seating; Rooftop; Vegan Options,7,False,False,True,2019-05-19,2553
REST001312,Restaurant_1312,Pune,Pune_Locality_1,QSR (Quick Service),Desserts; Desserts,11.4,12:00,23:00,2816,4.9,2664,4.5,3426,4.7,327,Mid-Range,77,77,48,51,20.0,20.0,40,27,305,280,79788,73248,68045,62468,46.0,54.0,Swiggy Better,Alcohol; Live Music; Smoking Area,3,True,True,True,2021-11-09,1648
REST001313,Restaurant_1313,Pune,Pune_Locality_3,QSR (Quick Service),Multi-Cuisine,12.2,08:00,23:00,2673,4.5,2039,3.9,4524,4.2,154,Budget,81,81,55,53,23.0,17.0,32,8,276,239,32728,30548,21550,20869,48.0,52.0,Swiggy Better,Alcohol; Rooftop; Parking,3,True,True,True,2026-03-22,54
REST001314,Restaurant_1314,Pune,Pune_Locality_5,Casual Dining,Korean,3.6,08:00,23:00,828,3.6,555,3.5,2394,3.55,159,Budget,38,38,29,30,17.0,18.0,13,14,180,175,23754,22816,20334,19491,43.0,57.0,Swiggy Better,Family Friendly; Outdoor Seating; Dine-in; Takeaway; Private Room; Vegan Options,6,False,True,True,2016-10-10,3504
REST001315,Restaurant_1315,Pune,Pune_Locality_11,Fine Dine,Biryani; Multi-Cuisine,6.3,12:00,22:00,2386,4.0,871,4.0,4776,4.0,1458,Luxury,51,51,45,37,14.0,14.0,16,15,159,159,199366,199366,195312,195312,54.0,46.0,Balanced,Private Room; WiFi; Alcohol; Live Music; Smoking Area,5,True,False,False,2025-01-05,495
REST001316,Restaurant_1316,Pune,Pune_Locality_16,Fine Dine,Mughlai,4.9,07:00,22:00,2564,3.5,4535,4.1,3714,3.8,172,Budget,44,44,36,36,17.0,17.0,5,11,141,166,20129,23698,17027,20046,55.0,45.0,Zomato Better,Live Music; Dessert Bar; Bar; Rooftop; Alcohol; Dine-in; Private Room,7,True,False,True,2019-04-04,2598
REST001317,Restaurant_1317,Pune,Pune_Locality_13,Casual Dining,Bakery,10.2,07:00,23:00,81,4.5,1768,3.4,1467,3.95,693,Mid-Range,71,71,43,39,21.0,19.0,34,11,204,154,111683,86444,104441,80977,42.0,58.0,Swiggy Better,Parking; Outdoor Seating; Dessert Bar; Dine-in,4,True,True,True,2023-10-26,932
REST001318,Restaurant_1318,Pune,Pune_Locality_12,Fine Dine,Mexican,11.0,11:00,22:00,708,4.2,227,4.3,841,4.25,320,Mid-Range,75,75,42,50,15.0,18.0,23,14,138,141,37536,36998,32361,31710,42.0,58.0,Swiggy Better,Dine-in; Outdoor Seating; Parking; Takeaway; Rooftop; Live Music; Alcohol,7,False,False,True,2017-10-31,3118
REST001319,Restaurant_1319,Pune,Pune_Locality_1,Cloud Kitchen,Street Food,3.0,11:00,23:00,197,4.5,2778,4.3,1719,4.4,1462,Luxury,35,35,33,27,24.0,23.0,39,18,277,264,307780,297195,302932,292575,68.0,32.0,Swiggy Better,Dine-in; Dessert Bar; Parking,3,True,False,False,2022-09-03,1350
REST001320,Restaurant_1320,Pune,Pune_Locality_11,Fine Dine,Thai,2.9,10:00,23:00,1222,3.7,4077,4.1,4140,3.9,663,Mid-Range,34,34,24,33,12.0,16.0,8,10,129,143,75263,79639,73070,77208,41.0,59.0,Zomato Better,Family Friendly; AC; WiFi; Dessert Bar; Rooftop; Dine-in; Parking; Live Music,8,False,False,True,2018-03-28,2970
REST001321,Restaurant_1321,Pune,Pune_Locality_6,Fine Dine,Multi-Cuisine; Street Food,7.1,10:00,22:00,2466,4.2,1545,3.9,4636,4.05,202,Budget,55,55,44,44,13.0,14.0,12,7,168,156,29524,27100,24904,22810,54.0,46.0,Swiggy Better,Private Room; Live Music; WiFi,3,True,False,False,2024-02-05,830
REST001322,Restaurant_1322,Pune,Pune_Locality_20,Food Truck,North Indian,9.1,07:00,22:00,1520,3.9,536,4.4,551,4.15,1110,Premium,65,65,37,35,20.0,17.0,6,24,113,127,100344,117005,96671,112877,62.0,38.0,Zomato Better,Dessert Bar; AC; WiFi,3,False,False,False,2019-12-07,2351
REST001323,Restaurant_1323,Pune,Pune_Locality_7,Food Truck,Japanese,9.6,08:00,23:00,396,4.2,4959,3.6,216,3.9,780,Premium,68,68,40,39,18.0,23.0,13,14,106,91,67797,54654,64193,51560,47.0,53.0,Swiggy Better,Smoking Area; Takeaway; Private Room,3,False,False,False,2018-06-15,2891
REST001324,Restaurant_1324,Pune,Pune_Locality_14,Cloud Kitchen,Mediterranean,13.6,09:00,22:00,2423,4.0,247,4.4,799,4.2,1141,Premium,88,88,54,52,25.0,24.0,25,24,319,351,272984,304373,258948,288929,57.0,43.0,Zomato Better,Outdoor Seating; Smoking Area; Dessert Bar,3,True,True,False,2023-06-20,1060
REST001325,Restaurant_1325,Pune,Pune_Locality_6,Casual Dining,Seafood,6.9,08:00,23:00,2721,4.4,495,3.5,2904,3.95,1452,Luxury,54,54,32,34,20.0,20.0,17,10,271,216,314793,250905,307476,245073,48.0,52.0,Swiggy Better,Alcohol; Family Friendly; Outdoor Seating; Private Room; Rooftop; Vegan Options; Live Music; Smoking Area,8,False,False,True,2018-08-12,2833
REST001326,Restaurant_1326,Pune,Pune_Locality_20,Casual Dining,Desserts,4.0,10:00,23:00,2090,4.2,4339,4.5,2535,4.35,936,Premium,40,40,32,36,20.0,21.0,17,30,243,260,181958,192254,177098,187054,42.0,58.0,Zomato Better,Rooftop; AC; Smoking Area; Dessert Bar; Parking; Outdoor Seating; Live Music; Takeaway,8,False,False,True,2021-09-29,1689
REST001327,Restaurant_1327,Pune,Pune_Locality_8,Casual Dining,Multi-Cuisine,12.5,09:00,22:00,3539,4.5,473,3.8,864,4.15,991,Premium,82,82,46,51,18.0,21.0,14,6,300,253,243786,198071,231486,187698,52.0,48.0,Swiggy Better,AC; Bar; Live Music; WiFi; Parking,5,True,False,False,2023-11-30,897
REST001328,Restaurant_1328,Pune,Pune_Locality_6,Casual Dining,Thai,13.4,09:00,23:00,828,4.3,2990,4.1,2984,4.2,390,Mid-Range,87,87,51,41,18.0,22.0,14,12,215,205,68757,62361,59404,53443,54.0,46.0,Swiggy Better,Takeaway; Family Friendly; Parking,3,False,False,False,2023-01-01,1230
REST001329,Restaurant_1329,Pune,Pune_Locality_3,Cloud Kitchen,Lebanese,9.7,12:00,23:00,2206,4.2,2469,4.5,3111,4.35,636,Mid-Range,68,68,33,44,26.0,23.0,23,28,328,351,154369,171891,143217,159957,56.0,44.0,Zomato Better,Dessert Bar; Vegan Options; Outdoor Seating; WiFi; Smoking Area; AC,6,False,True,False,2019-09-17,2432
REST001330,Restaurant_1330,Pune,Pune_Locality_7,Casual Dining,Desserts,5.2,11:00,23:00,2699,3.6,978,4.4,2960,4.0,641,Mid-Range,46,46,36,33,18.0,19.0,15,12,221,271,116162,140705,111079,134472,45.0,55.0,Zomato Better,Live Music; Private Room; WiFi; Family Friendly; Vegan Options; Outdoor Seating; Smoking Area,7,True,False,True,2021-01-25,1936
REST001331,Restaurant_1331,Pune,Pune_Locality_1,QSR (Quick Service),Mughlai; Chinese,11.0,08:00,23:00,405,3.7,1964,4.2,3929,3.95,1245,Luxury,75,75,41,39,18.0,18.0,5,12,175,199,178657,203159,172095,195696,53.0,47.0,Zomato Better,Dessert Bar; AC; Dine-in; Private Room; Bar,5,False,True,True,2018-02-25,3001
REST001332,Restaurant_1332,Pune,Pune_Locality_15,Cloud Kitchen,Vietnamese; Cafe,13.7,07:00,22:00,2516,4.2,4260,3.3,4032,3.75,1374,Luxury,88,88,59,50,22.0,22.0,18,12,338,266,362241,285077,347369,273373,63.0,37.0,Swiggy Better,Parking; Vegan Options; Dine-in,3,True,True,False,2024-06-10,704
REST001333,Restaurant_1333,Pune,Pune_Locality_3,Fine Dine,Continental; Bakery,6.5,09:00,22:00,36,4.4,1362,5.0,4580,4.7,1421,Luxury,52,52,29,35,15.0,13.0,14,23,132,150,159436,185440,156004,181540,54.0,46.0,Zomato Better,Dine-in; Alcohol; AC; Takeaway,4,False,False,False,2024-09-15,607
REST001334,Restaurant_1334,Pune,Pune_Locality_20,Fine Dine,Street Food; Mediterranean,9.3,10:00,23:00,2637,4.5,562,4.8,2352,4.65,323,Mid-Range,66,66,42,47,12.0,15.0,35,25,183,196,52015,53811,45976,47343,44.0,56.0,Zomato Better,Bar; Private Room; Alcohol; AC,4,True,False,False,2019-10-19,2400
REST001335,Restaurant_1335,Pune,Pune_Locality_20,Casual Dining,Thai; Mughlai,10.8,09:00,23:00,2486,4.6,3588,3.9,1757,4.25,1153,Premium,74,74,44,40,18.0,19.0,35,12,277,235,261892,219473,251643,210778,43.0,57.0,Swiggy Better,Family Friendly; Dessert Bar; Vegan Options; Private Room; Alcohol; Live Music; AC,7,False,False,False,2026-02-10,94
REST001336,Restaurant_1336,Pune,Pune_Locality_12,QSR (Quick Service),Lebanese,9.0,09:00,22:00,2509,3.7,1893,4.6,4677,4.15,264,Budget,65,65,47,42,21.0,22.0,13,31,223,278,46508,57245,39261,48210,61.0,39.0,Zomato Better,Dessert Bar; AC; Vegan Options; Smoking Area; Private Room; Bar; Dine-in,7,False,True,False,2022-04-13,1493
REST001337,Restaurant_1337,Pune,Pune_Locality_1,Cafe,Street Food; Mediterranean,13.6,07:00,22:00,1367,4.1,2393,4.1,1071,4.1,947,Premium,88,88,53,54,21.0,22.0,10,14,175,175,130922,129265,123222,121565,51.0,49.0,Swiggy Better,Parking; Vegan Options; WiFi; Dine-in; Alcohol,5,False,True,False,2022-09-06,1347
REST001338,Restaurant_1338,Pune,Pune_Locality_9,QSR (Quick Service),Cafe,9.8,10:00,23:00,1957,4.4,3428,4.1,2979,4.25,810,Premium,69,69,41,45,19.0,22.0,21,14,251,233,164681,147209,156021,139170,63.0,37.0,Swiggy Better,Takeaway; Outdoor Seating; Private Room; Parking; Alcohol,5,False,False,True,2021-02-25,1905
REST001339,Restaurant_1339,Pune,Pune_Locality_11,Fine Dine,Biryani,11.7,08:00,23:00,3520,3.5,1444,3.7,2252,3.6,1302,Luxury,78,78,44,39,17.0,13.0,14,11,155,164,167502,185769,161457,179373,46.0,54.0,Zomato Better,WiFi; Dessert Bar; Vegan Options; Rooftop; Bar; Dine-in,6,True,True,True,2017-02-03,3388
REST001340,Restaurant_1340,Pune,Pune_Locality_2,Cafe,Thai,6.8,11:00,23:00,271,4.0,682,3.6,1065,3.8,729,Premium,54,54,42,43,22.0,18.0,20,6,149,134,84724,80102,80701,76484,51.0,49.0,Swiggy Better,Live Music; Dessert Bar; Vegan Options; Family Friendly; AC; Smoking Area; Parking; Outdoor Seating,8,False,False,False,2025-07-01,318
REST001341,Restaurant_1341,Pune,Pune_Locality_9,Casual Dining,Mexican; North Indian,1.4,08:00,22:00,1480,3.8,2168,4.2,3349,4.0,306,Mid-Range,30,30,33,30,18.0,18.0,7,22,205,227,51438,56958,48363,53553,48.0,52.0,Zomato Better,Vegan Options; Private Room; Live Music; Dessert Bar; Rooftop,5,True,False,True,2025-02-20,449
REST001342,Restaurant_1342,Pune,Pune_Locality_2,Cloud Kitchen,Chinese; Mediterranean,14.9,12:00,22:00,858,4.7,2401,4.3,2314,4.5,327,Mid-Range,94,94,50,54,27.0,25.0,25,10,315,288,75193,70632,60388,57096,63.0,37.0,Swiggy Better,Vegan Options; Live Music; Takeaway; Private Room; Family Friendly; Alcohol; Smoking Area; Dine-in,8,True,True,True,2025-12-08,158
REST001343,Restaurant_1343,Pune,Pune_Locality_16,Cloud Kitchen,Multi-Cuisine; Mexican,14.1,10:00,23:00,3237,4.0,3746,4.4,3102,4.2,787,Premium,90,90,50,56,22.0,24.0,13,20,346,381,212395,227883,196825,210738,67.0,33.0,Zomato Better,WiFi; Live Music; Parking; Bar; Takeaway; Dessert Bar; Dine-in; Outdoor Seating,8,False,True,False,2019-11-07,2381
REST001344,Restaurant_1344,Pune,Pune_Locality_2,QSR (Quick Service),Bakery,8.3,08:00,22:00,3026,3.9,683,3.8,1695,3.85,897,Premium,61,61,35,28,21.0,19.0,5,12,248,241,175740,175103,168176,167752,51.0,49.0,Swiggy Better,Outdoor Seating; AC; WiFi,3,True,False,False,2024-09-25,597
REST001345,Restaurant_1345,Pune,Pune_Locality_4,Fine Dine,Mediterranean,5.1,12:00,23:00,535,3.8,3589,4.4,1297,4.1,369,Mid-Range,45,45,45,30,14.0,18.0,9,14,122,141,38715,42663,35970,39491,46.0,54.0,Zomato Better,Bar; Private Room; Vegan Options; Family Friendly; Live Music; Dine-in,6,True,False,False,2025-09-08,249
REST001346,Restaurant_1346,Pune,Pune_Locality_12,Food Truck,Mughlai; Fast Food,2.9,08:00,22:00,167,4.0,2969,3.3,4165,3.65,1419,Luxury,34,34,32,36,19.0,18.0,18,13,98,81,112640,94249,110974,92872,47.0,53.0,Swiggy Better,Vegan Options; Takeaway; Smoking Area; Dessert Bar; Rooftop; WiFi; Parking,7,True,False,False,2018-09-05,2809
REST001347,Restaurant_1347,Pune,Pune_Locality_19,Food Truck,Korean,4.5,10:00,23:00,3455,4.4,2643,4.0,1192,4.2,637,Mid-Range,42,42,34,33,23.0,18.0,14,22,155,141,76025,73649,72770,70688,50.0,50.0,Swiggy Better,Alcohol; Parking; Private Room; WiFi; Family Friendly; Dine-in,6,True,False,False,2017-09-28,3151
REST001348,Restaurant_1348,Pune,Pune_Locality_2,Food Truck,Biryani,2.3,09:00,23:00,2835,3.9,1881,4.0,3479,3.95,1153,Premium,31,31,34,35,17.0,18.0,13,10,129,133,123451,125746,121452,123684,52.0,48.0,Zomato Better,Rooftop; Bar; WiFi,3,True,False,True,2020-11-12,2010
REST001349,Restaurant_1349,Pune,Pune_Locality_14,Cafe,Multi-Cuisine,1.1,07:00,23:00,1046,4.5,113,4.3,4002,4.4,1353,Luxury,30,30,20,21,19.0,19.0,12,20,185,176,202747,192883,199972,190243,60.0,40.0,Swiggy Better,Family Friendly; Parking; WiFi; Dessert Bar,4,True,True,True,2016-07-16,3590
REST001350,Restaurant_1350,Pune,Pune_Locality_17,Food Truck,Mediterranean,5.4,09:00,22:00,399,3.3,4278,4.4,4172,3.85,293,Budget,47,47,31,42,19.0,22.0,15,23,83,111,19698,25367,17747,22759,47.0,53.0,Zomato Better,Private Room; AC; Smoking Area,3,False,True,True,2019-12-12,2346
REST001351,Restaurant_1351,Pune,Pune_Locality_14,Cloud Kitchen,Cafe,9.8,11:00,23:00,1429,3.8,964,4.6,597,4.2,598,Mid-Range,69,69,45,48,23.0,24.0,10,22,272,330,125245,149978,115861,138593,75.0,25.0,Zomato Better,Outdoor Seating; Parking; AC; Vegan Options; Rooftop; Takeaway; Smoking Area,7,True,True,False,2019-02-05,2656
REST001352,Restaurant_1352,Pune,Pune_Locality_18,Food Truck,Street Food; Seafood,12.7,10:00,23:00,2896,3.5,4688,3.8,4167,3.65,1435,Luxury,83,83,46,47,20.0,23.0,5,10,117,127,134316,140328,129460,135058,49.0,51.0,Zomato Better,Family Friendly; Dessert Bar; Dine-in; WiFi,4,True,False,True,2019-11-21,2367
REST001353,Restaurant_1353,Pune,Pune_Locality_14,Casual Dining,Pan-Asian; Chinese,4.1,07:00,22:00,992,4.2,4813,4.2,91,4.2,376,Mid-Range,40,40,29,33,21.0,20.0,23,8,214,214,63566,64371,59286,60091,42.0,58.0,Zomato Better,Dessert Bar; Smoking Area; Dine-in; Alcohol; Parking; Private Room,6,True,False,False,2026-03-28,48
REST001354,Restaurant_1354,Pune,Pune_Locality_14,Casual Dining,Fast Food,3.2,10:00,22:00,1738,3.8,3735,3.7,3071,3.75,951,Premium,36,36,28,28,20.0,22.0,5,9,211,206,160528,152806,156730,149098,51.0,49.0,Swiggy Better,Private Room; Bar; Dine-in,3,True,True,True,2021-01-11,1950
REST001355,Restaurant_1355,Pune,Pune_Locality_17,Fine Dine,Bakery; Seafood,3.0,09:00,23:00,1850,4.2,1053,4.7,1888,4.45,849,Premium,35,35,32,29,16.0,13.0,17,37,157,176,111966,129998,109218,126918,48.0,52.0,Zomato Better,Dessert Bar; Private Room; AC,3,False,False,True,2024-09-24,598
REST001356,Restaurant_1356,Pune,Pune_Locality_3,Food Truck,Mughlai,10.8,12:00,22:00,414,3.8,3978,4.0,4948,3.9,211,Budget,74,74,47,43,19.0,18.0,15,19,96,101,16407,17475,12855,13738,53.0,47.0,Zomato Better,Outdoor Seating; Alcohol; Takeaway; Dessert Bar; Live Music; Smoking Area,6,False,False,False,2019-10-08,2411
REST001357,Restaurant_1357,Pune,Pune_Locality_16,QSR (Quick Service),North Indian,9.4,08:00,23:00,2967,4.1,1852,4.0,4028,4.05,889,Premium,67,67,45,50,21.0,21.0,14,18,259,253,181898,177684,173221,169208,49.0,51.0,Swiggy Better,Parking; Outdoor Seating; Bar; Family Friendly; Smoking Area; AC; Rooftop; Takeaway,8,False,True,True,2017-03-02,3361
REST001358,Restaurant_1358,Pune,Pune_Locality_15,Fine Dine,Pan-Asian,8.6,07:00,22:00,1898,3.8,2711,3.3,1253,3.55,731,Premium,63,63,46,36,16.0,15.0,7,14,143,124,87807,77047,83303,73141,52.0,48.0,Swiggy Better,Live Music; Alcohol; Private Room; Outdoor Seating; Dine-in; Takeaway; Parking,7,True,False,False,2019-09-15,2434
REST001359,Restaurant_1359,Pune,Pune_Locality_19,Cloud Kitchen,Multi-Cuisine,1.8,12:00,22:00,1668,3.7,3400,4.2,2847,3.95,431,Mid-Range,30,30,12,27,26.0,27.0,11,13,272,309,86751,97220,82671,92585,74.0,26.0,Zomato Better,Dessert Bar; Parking; Smoking Area; WiFi; Vegan Options; Dine-in; Outdoor Seating,7,False,False,False,2019-10-12,2407
REST001360,Restaurant_1360,Pune,Pune_Locality_11,Casual Dining,Biryani; Desserts,7.1,10:00,23:00,3444,4.7,4452,4.4,4401,4.55,1044,Premium,55,55,36,42,23.0,22.0,38,12,311,291,250006,236967,241454,228964,52.0,48.0,Swiggy Better,Parking; Vegan Options; Smoking Area; Bar; AC; Family Friendly; Alcohol; Live Music,8,True,True,False,2019-12-17,2341
REST001361,Restaurant_1361,Pune,Pune_Locality_1,Food Truck,Bakery,13.9,09:00,22:00,2402,4.3,3410,4.4,3146,4.35,367,Mid-Range,89,89,48,51,17.0,20.0,11,24,137,140,41731,41104,35635,34874,50.0,50.0,Swiggy Better,Dine-in; Dessert Bar; Outdoor Seating; Smoking Area,4,True,True,True,2020-02-11,2285
REST001362,Restaurant_1362,Pune,Pune_Locality_19,Fine Dine,Fast Food,9.5,10:00,23:00,1652,4.4,152,3.9,1643,4.15,1474,Luxury,67,67,40,45,13.0,17.0,10,11,161,143,206463,174949,201069,170158,44.0,56.0,Swiggy Better,Dine-in; Family Friendly; Dessert Bar; Takeaway; Vegan Options; Smoking Area,6,False,False,False,2018-11-23,2730
REST001363,Restaurant_1363,Pune,Pune_Locality_19,Cloud Kitchen,Seafood; Bakery,6.4,07:00,23:00,1989,4.0,1658,4.7,4933,4.35,649,Mid-Range,52,52,41,39,26.0,26.0,20,28,305,358,146479,171933,138549,162625,67.0,33.0,Zomato Better,Smoking Area; Alcohol; Dessert Bar; Private Room; Family Friendly; Live Music,6,True,False,False,2020-06-26,2149
REST001364,Restaurant_1364,Pune,Pune_Locality_6,Food Truck,Italian,5.3,08:00,22:00,417,3.3,1056,4.4,2600,3.85,707,Premium,46,46,44,34,21.0,20.0,13,11,83,111,46357,62781,44448,60228,63.0,37.0,Zomato Better,Dine-in; Private Room; Takeaway; WiFi; AC,5,True,False,False,2019-06-20,2521
REST001365,Restaurant_1365,Pune,Pune_Locality_3,Cafe,North Indian,13.8,07:00,22:00,2780,3.5,2633,4.1,2120,3.8,953,Premium,89,89,44,55,19.0,20.0,8,22,173,203,133543,154767,125845,145733,50.0,50.0,Zomato Better,Live Music; Private Room; Vegan Options; Dessert Bar; Dine-in; Alcohol; WiFi,7,True,True,False,2025-01-31,469
REST001366,Restaurant_1366,Pune,Pune_Locality_17,Food Truck,Mediterranean,3.7,08:00,22:00,477,3.9,4446,4.2,2083,4.05,1490,Luxury,38,38,33,29,18.0,23.0,14,11,99,107,120958,122761,119077,120728,58.0,42.0,Zomato Better,Rooftop; Parking; Vegan Options; WiFi,4,True,False,False,2024-06-04,710
REST001367,Restaurant_1367,Pune,Pune_Locality_15,Fine Dine,Fast Food,9.5,11:00,22:00,3054,4.0,1152,3.7,2032,3.85,1292,Luxury,67,67,38,42,15.0,17.0,11,15,170,157,186694,168360,180999,163101,46.0,54.0,Swiggy Better,Private Room; Outdoor Seating; Bar; Alcohol; Vegan Options; Parking,6,True,True,False,2017-07-12,3229
REST001368,Restaurant_1368,Pune,Pune_Locality_20,Fine Dine,Lebanese,12.4,11:00,22:00,1956,3.7,1602,3.9,184,3.8,1231,Luxury,82,82,52,51,16.0,15.0,8,15,140,148,144765,154859,139025,148791,44.0,56.0,Zomato Better,Private Room; Dessert Bar; Family Friendly; Bar; Dine-in; Outdoor Seating; AC,7,False,True,True,2020-07-27,2118
REST001369,Restaurant_1369,Pune,Pune_Locality_10,Fine Dine,Multi-Cuisine,8.6,09:00,22:00,2286,4.1,873,4.7,646,4.4,1112,Premium,63,63,40,42,15.0,17.0,25,22,161,185,152177,170747,147105,164920,47.0,53.0,Zomato Better,Outdoor Seating; Bar; Rooftop; Dessert Bar; Alcohol; Private Room; Smoking Area,7,True,True,True,2025-08-17,271
REST001370,Restaurant_1370,Pune,Pune_Locality_15,Food Truck,Street Food,4.4,11:00,22:00,1494,4.1,1723,4.8,3431,4.45,176,Budget,42,42,29,37,21.0,21.0,18,39,118,138,16406,19187,13928,16289,55.0,45.0,Zomato Better,Dessert Bar; Outdoor Seating; AC; Parking; Bar; Family Friendly,6,True,True,False,2021-09-30,1688
REST001371,Restaurant_1371,Pune,Pune_Locality_9,Food Truck,Mexican,10.6,12:00,23:00,418,3.8,1465,4.4,2921,4.1,1058,Premium,73,73,43,33,22.0,22.0,13,14,96,111,79223,91601,75719,87550,51.0,49.0,Zomato Better,Outdoor Seating; Bar; AC; Dessert Bar; Vegan Options,5,True,True,False,2017-02-18,3373
REST001372,Restaurant_1372,Pune,Pune_Locality_14,Fine Dine,Italian; Mughlai,7.4,08:00,23:00,1052,4.4,2359,4.2,3454,4.3,1162,Premium,57,57,47,39,14.0,17.0,10,16,151,144,150897,138882,146593,134778,41.0,59.0,Swiggy Better,Bar; Live Music; Takeaway; Vegan Options; Private Room; WiFi; AC,7,False,True,False,2024-04-19,756
REST001373,Restaurant_1373,Pune,Pune_Locality_8,QSR (Quick Service),Thai; South Indian,13.9,12:00,23:00,1255,3.6,1702,4.4,4437,4.0,1333,Luxury,89,89,55,56,19.0,19.0,10,24,189,232,204068,250497,195658,240173,64.0,36.0,Zomato Better,Parking; Takeaway; Smoking Area,3,False,False,True,2016-09-20,3524
REST001374,Restaurant_1374,Pune,Pune_Locality_1,Cloud Kitchen,Bakery,12.4,08:00,23:00,859,4.7,1200,4.0,3810,4.35,331,Mid-Range,82,82,44,54,24.0,23.0,36,22,315,268,79241,68305,66326,57317,70.0,30.0,Swiggy Better,Smoking Area; Family Friendly; Bar; WiFi; Private Room; AC; Outdoor Seating,7,True,False,True,2026-01-05,130
REST001375,Restaurant_1375,Pune,Pune_Locality_9,Cafe,Japanese,7.3,10:00,22:00,3132,3.8,1560,4.1,1016,3.95,1400,Luxury,56,56,44,46,18.0,22.0,7,17,195,210,223860,229320,218400,223440,64.0,36.0,Zomato Better,Alcohol; Rooftop; Bar; Dine-in,4,False,True,True,2022-05-19,1457
REST001376,Restaurant_1376,Pune,Pune_Locality_4,Cafe,Korean,13.7,09:00,23:00,1506,3.9,4426,4.1,1355,4.0,801,Premium,88,88,46,50,18.0,19.0,5,11,169,178,111002,115488,103566,107656,63.0,37.0,Zomato Better,Parking; AC; Live Music; Dine-in,4,True,True,True,2020-08-16,2098
REST001377,Restaurant_1377,Pune,Pune_Locality_10,Cloud Kitchen,Multi-Cuisine,13.1,09:00,23:00,67,3.4,3125,3.7,2961,3.55,1057,Premium,85,85,58,56,26.0,26.0,6,8,205,224,160346,175208,151634,165688,65.0,35.0,Zomato Better,Rooftop; Bar; Smoking Area; Parking,4,True,False,False,2024-05-08,737
REST001378,Restaurant_1378,Pune,Pune_Locality_7,Food Truck,Mughlai,4.8,07:00,22:00,1613,4.1,2971,4.5,4469,4.3,1049,Premium,44,44,37,40,19.0,20.0,16,32,120,131,101962,109935,99322,107053,58.0,42.0,Zomato Better,Takeaway; AC; Live Music; Rooftop,4,True,False,True,2021-12-11,1616
REST001379,Restaurant_1379,Pune,Pune_Locality_13,Fine Dine,Multi-Cuisine,14.5,11:00,22:00,653,4.0,3329,4.3,2562,4.15,1396,Luxury,92,92,62,56,17.0,15.0,12,12,130,140,150628,166124,144648,159684,44.0,56.0,Zomato Better,Rooftop; Live Music; WiFi; Dessert Bar; Private Room; Dine-in,6,True,True,True,2025-08-08,280
REST001380,Restaurant_1380,Pune,Pune_Locality_13,Cloud Kitchen,Mexican,6.8,08:00,23:00,3109,3.8,602,4.3,2386,4.05,155,Budget,54,54,34,37,28.0,28.0,7,15,325,367,36270,40957,27495,31048,67.0,33.0,Zomato Better,Parking; Takeaway; Rooftop; Private Room; Dessert Bar; Dine-in; Alcohol,7,False,False,True,2025-05-24,356
REST001381,Restaurant_1381,Pune,Pune_Locality_2,Cloud Kitchen,Mexican; Biryani,3.1,07:00,23:00,1625,3.9,861,4.0,3632,3.95,686,Mid-Range,35,35,27,28,26.0,23.0,11,14,286,293,145185,154768,140180,149640,65.0,35.0,Zomato Better,WiFi; Takeaway; Dine-in; AC; Bar,5,False,False,False,2022-09-15,1338
REST001382,Restaurant_1382,Pune,Pune_Locality_12,Casual Dining,Continental; Mexican,1.3,12:00,23:00,757,4.2,4309,4.2,4697,4.2,549,Mid-Range,30,30,22,34,17.0,17.0,12,10,208,208,94779,94779,91659,91659,53.0,47.0,Balanced,Family Friendly; Rooftop; Outdoor Seating; Vegan Options; Alcohol; Parking; Dine-in; Private Room,8,True,True,True,2022-05-29,1447
REST001383,Restaurant_1383,Pune,Pune_Locality_9,Cloud Kitchen,Mexican,8.3,08:00,22:00,988,4.1,670,3.5,2096,3.8,1082,Premium,61,61,37,39,27.0,23.0,15,9,279,238,220370,198287,211861,191028,60.0,40.0,Swiggy Better,Outdoor Seating; Smoking Area; Dine-in; Private Room; Alcohol; Dessert Bar; Takeaway,7,False,True,False,2025-10-03,224
REST001384,Restaurant_1384,Pune,Pune_Locality_18,Casual Dining,Italian; Mediterranean,0.6,08:00,23:00,3369,3.8,382,3.8,2693,3.8,266,Budget,30,30,22,26,19.0,23.0,6,8,249,249,53649,51000,49914,47265,51.0,49.0,Swiggy Better,WiFi; Live Music; Dine-in; Private Room; Outdoor Seating; Parking; Rooftop,7,True,False,False,2023-06-24,1056
REST001385,Restaurant_1385,Pune,Pune_Locality_17,Casual Dining,Cafe,14.4,07:00,22:00,1241,3.6,2114,4.0,1734,3.8,1370,Luxury,92,92,50,51,20.0,19.0,13,10,189,210,207144,233037,198450,223377,53.0,47.0,Zomato Better,Live Music; Dine-in; Alcohol; AC,4,False,True,False,2023-01-24,1207
REST001386,Restaurant_1386,Pune,Pune_Locality_2,Cafe,Cafe; Korean,8.0,07:00,23:00,3356,4.7,2241,3.9,4197,4.3,1164,Premium,60,60,38,37,19.0,20.0,26,12,246,204,231938,189964,224558,183844,46.0,54.0,Swiggy Better,Outdoor Seating; Takeaway; Dine-in; Vegan Options; Rooftop; Family Friendly,6,False,False,False,2023-05-28,1083
REST001387,Restaurant_1387,Pune,Pune_Locality_3,Food Truck,Cafe,7.3,09:00,22:00,2014,4.6,2930,4.1,3241,4.35,1231,Luxury,56,56,37,34,23.0,19.0,35,16,140,125,132701,124638,128781,121138,51.0,49.0,Swiggy Better,WiFi; Rooftop; Smoking Area; Vegan Options; AC; Dessert Bar,6,False,True,True,2021-04-29,1842
REST001388,Restaurant_1388,Pune,Pune_Locality_2,Casual Dining,Mediterranean,11.6,10:00,23:00,3516,4.0,875,4.0,4460,4.0,153,Budget,78,78,50,53,21.0,19.0,14,19,266,266,32151,32965,21777,22591,43.0,57.0,Zomato Better,WiFi; Live Music; Vegan Options,3,True,False,False,2024-12-22,509
REST001389,Restaurant_1389,Pune,Pune_Locality_11,Fine Dine,Continental,7.5,09:00,22:00,1836,3.8,4602,3.6,2382,3.7,1294,Luxury,57,57,43,38,15.0,14.0,13,6,142,135,156185,150233,152138,146385,51.0,49.0,Swiggy Better,Parking; Outdoor Seating; WiFi; Dessert Bar; Alcohol; Takeaway,6,True,False,False,2023-07-21,1029
REST001390,Restaurant_1390,Pune,Pune_Locality_17,Cloud Kitchen,Desserts,3.8,08:00,22:00,2541,4.1,2941,4.5,1978,4.3,1377,Luxury,39,39,27,38,24.0,25.0,21,26,331,363,346398,374888,339943,367809,73.0,27.0,Zomato Better,Vegan Options; Rooftop; Alcohol; Family Friendly,4,True,False,True,2018-05-21,2916
REST001391,Restaurant_1391,Pune,Pune_Locality_20,Fine Dine,Chinese,7.6,09:00,23:00,2978,4.3,4019,4.0,1662,4.15,1489,Luxury,58,58,34,41,16.0,16.0,23,24,181,168,226387,210127,221138,205255,44.0,56.0,Swiggy Better,Takeaway; Vegan Options; WiFi; Parking; AC; Bar; Family Friendly,7,False,True,False,2019-06-15,2526
REST001392,Restaurant_1392,Pune,Pune_Locality_9,Fine Dine,South Indian; Biryani,0.8,08:00,23:00,1955,3.2,4765,3.8,801,3.5,254,Budget,30,30,18,25,13.0,16.0,10,11,121,144,26738,30723,24923,28563,44.0,56.0,Zomato Better,Dessert Bar; WiFi; Live Music; Dine-in; Family Friendly; Outdoor Seating; Takeaway,7,False,False,True,2017-04-18,3314
REST001393,Restaurant_1393,Pune,Pune_Locality_19,Cafe,Mexican; Korean,2.0,11:00,23:00,1341,4.2,2534,4.4,584,4.3,393,Mid-Range,30,30,35,30,23.0,23.0,23,24,178,187,53864,56588,51194,53783,52.0,48.0,Zomato Better,Outdoor Seating; AC; Parking,3,False,True,True,2020-02-17,2279
REST001394,Restaurant_1394,Pune,Pune_Locality_4,Food Truck,Continental; Korean,2.9,11:00,23:00,2039,4.2,4740,3.9,4781,4.05,281,Budget,34,34,27,27,19.0,21.0,21,15,128,119,29134,26416,26958,24393,58.0,42.0,Swiggy Better,Rooftop; Parking; Private Room; Live Music; Family Friendly; Bar; Dine-in,7,False,True,False,2021-03-06,1896
REST001395,Restaurant_1395,Pune,Pune_Locality_12,Casual Dining,Italian,8.7,07:00,23:00,2053,4.2,2102,3.6,2101,3.9,1271,Luxury,63,63,39,33,19.0,17.0,18,5,242,207,249141,218370,241518,211850,44.0,56.0,Swiggy Better,Parking; AC; Dine-in; Outdoor Seating; Live Music; Takeaway,6,True,False,True,2022-10-14,1309
REST001396,Restaurant_1396,Pune,Pune_Locality_19,Cloud Kitchen,Vietnamese,6.5,08:00,22:00,3063,3.9,2714,3.5,2512,3.7,465,Mid-Range,52,52,34,38,28.0,26.0,14,14,332,298,111153,102541,102521,94793,60.0,40.0,Swiggy Better,Smoking Area; Private Room; Parking; Takeaway,4,False,True,False,2017-03-06,3357
REST001397,Restaurant_1397,Pune,Pune_Locality_9,Cloud Kitchen,Lebanese; Mughlai,7.0,11:00,23:00,1530,4.3,2003,3.5,3977,3.9,287,Budget,55,55,47,33,28.0,26.0,14,10,312,254,64471,53944,55891,46959,61.0,39.0,Swiggy Better,Bar; Vegan Options; Dine-in; AC; Family Friendly; Dessert Bar; Takeaway; Parking,8,True,False,True,2026-04-07,38
REST001398,Restaurant_1398,Pune,Pune_Locality_9,Cloud Kitchen,Seafood; North Indian,1.4,09:00,23:00,676,4.1,2414,4.0,1000,4.05,561,Mid-Range,30,30,31,24,25.0,24.0,25,10,268,262,112761,111706,108741,107776,63.0,37.0,Swiggy Better,Takeaway; Outdoor Seating; Family Friendly; Vegan Options; Rooftop; Smoking Area,6,False,False,False,2023-11-25,902
REST001399,Restaurant_1399,Pune,Pune_Locality_6,Fine Dine,Mexican; Seafood,15.0,08:00,22:00,1908,3.9,4497,3.7,834,3.8,1147,Premium,95,95,59,52,18.0,13.0,12,5,147,140,138259,139704,131276,133054,46.0,54.0,Zomato Better,Bar; Parking; WiFi; Live Music,4,True,False,True,2019-02-09,2652
REST001400,Restaurant_1400,Pune,Pune_Locality_10,Food Truck,Chinese,14.9,10:00,22:00,1147,3.9,2326,4.1,3155,4.0,1107,Premium,94,94,60,54,17.0,18.0,14,10,108,113,99231,102574,94155,97263,65.0,35.0,Zomato Better,Bar; Takeaway; Parking; Smoking Area; Rooftop; Dine-in,6,True,False,True,2025-07-25,294
REST001401,Restaurant_1401,Pune,Pune_Locality_8,QSR (Quick Service),North Indian; Multi-Cuisine,1.9,08:00,22:00,583,4.3,3154,3.4,3606,3.85,1041,Premium,30,30,25,31,19.0,21.0,15,9,208,165,175387,135694,172267,133219,58.0,42.0,Swiggy Better,Dessert Bar; Smoking Area; Takeaway; Bar,4,False,False,False,2023-10-22,936
REST001402,Restaurant_1402,Pune,Pune_Locality_14,Casual Dining,Fast Food; Thai,13.7,11:00,22:00,1940,3.4,1974,4.6,4264,4.0,215,Budget,88,88,57,50,18.0,22.0,12,37,193,262,34025,43937,25533,32409,43.0,57.0,Zomato Better,Alcohol; AC; WiFi; Parking; Bar; Dessert Bar; Outdoor Seating; Private Room,8,True,False,True,2024-12-13,518
REST001403,Restaurant_1403,Pune,Pune_Locality_12,Cloud Kitchen,North Indian; Pan-Asian,14.7,09:00,22:00,64,3.7,4614,3.7,3274,3.7,1238,Luxury,93,93,45,54,23.0,23.0,15,14,223,223,212576,212576,202207,202207,61.0,39.0,Balanced,Private Room; Smoking Area; Bar; Alcohol; Vegan Options; AC; Outdoor Seating,7,False,False,True,2019-08-06,2474
REST001404,Restaurant_1404,Pune,Pune_Locality_1,Cloud Kitchen,Cafe,1.0,08:00,23:00,2684,3.9,725,3.9,3963,3.9,1352,Luxury,30,30,30,23,22.0,26.0,12,13,320,320,337459,320153,332659,315353,74.0,26.0,Swiggy Better,Vegan Options; Parking; Live Music; Takeaway; Outdoor Seating,5,False,True,False,2023-04-17,1124
REST001405,Restaurant_1405,Pune,Pune_Locality_3,QSR (Quick Service),Thai; Biryani,9.6,10:00,22:00,2047,4.7,3425,4.6,740,4.65,962,Premium,68,68,43,48,23.0,22.0,33,30,270,265,199999,198845,190819,189835,51.0,49.0,Swiggy Better,Outdoor Seating; Rooftop; Smoking Area; Private Room,4,False,False,True,2025-11-06,190
REST001406,Restaurant_1406,Pune,Pune_Locality_4,Fine Dine,Italian,2.9,10:00,22:00,2981,3.6,366,3.7,4561,3.65,1381,Luxury,34,34,36,25,17.0,18.0,13,15,152,156,174226,176657,171642,174005,44.0,56.0,Zomato Better,Bar; Private Room; Smoking Area; Takeaway; Outdoor Seating; AC; Alcohol; Rooftop,8,False,True,True,2026-03-13,63
REST001407,Restaurant_1407,Pune,Pune_Locality_18,Food Truck,North Indian,12.2,07:00,23:00,2520,4.5,4170,3.3,352,3.9,1269,Luxury,81,81,50,50,21.0,17.0,21,13,145,106,145363,111646,139491,107353,49.0,51.0,Swiggy Better,Takeaway; Bar; Private Room; Dine-in; Parking; AC; Live Music; Dessert Bar,8,False,True,True,2019-03-04,2629
REST001408,Restaurant_1408,Pune,Pune_Locality_14,Fine Dine,Cafe; Italian,10.7,09:00,23:00,2358,4.2,625,4.0,1326,4.1,745,Premium,73,73,57,39,17.0,13.0,13,14,166,158,102646,102407,96587,96640,52.0,48.0,Zomato Better,Dessert Bar; Bar; Private Room; Parking; Vegan Options; Alcohol; Live Music; AC,8,True,True,False,2021-02-28,1902
REST001409,Restaurant_1409,Pune,Pune_Locality_19,Food Truck,Thai; Desserts,13.6,09:00,22:00,2997,4.2,4750,3.7,1227,3.95,150,Budget,88,88,52,54,21.0,19.0,21,12,142,125,16827,15187,10579,9687,62.0,38.0,Swiggy Better,Smoking Area; Private Room; Takeaway; AC; Bar; Parking; Family Friendly; Rooftop,8,True,True,False,2023-02-01,1199
REST001410,Restaurant_1410,Pune,Pune_Locality_17,Fine Dine,Seafood,8.8,10:00,23:00,3117,3.8,2891,3.7,333,3.75,1232,Luxury,64,64,34,49,15.0,14.0,7,7,162,158,169646,167404,164462,162348,51.0,49.0,Swiggy Better,Dine-in; Family Friendly; Outdoor Seating; WiFi,4,False,False,True,2023-06-07,1073
REST001411,Restaurant_1411,Pune,Pune_Locality_7,Casual Dining,Mexican,10.2,09:00,23:00,2358,3.6,3261,4.0,981,3.8,1182,Premium,71,71,45,37,18.0,18.0,5,17,214,238,207417,230679,199820,222230,53.0,47.0,Zomato Better,WiFi; Dessert Bar; Smoking Area; Outdoor Seating; Private Room,5,False,False,True,2019-12-16,2342
REST001412,Restaurant_1412,Pune,Pune_Locality_20,Food Truck,Fast Food,6.1,11:00,22:00,1590,4.3,4908,4.5,3407,4.4,440,Mid-Range,50,50,42,35,18.0,20.0,12,25,125,131,45100,46112,41975,42837,48.0,52.0,Zomato Better,Parking; Live Music; WiFi; Takeaway; Alcohol; Private Room,6,False,False,False,2019-03-03,2630
REST001413,Restaurant_1413,Pune,Pune_Locality_5,Food Truck,South Indian,13.5,07:00,23:00,102,3.4,229,4.0,3454,3.7,416,Mid-Range,87,87,47,50,18.0,19.0,14,19,82,97,27971,32685,24404,28465,63.0,37.0,Zomato Better,Family Friendly; Live Music; Rooftop; Parking; Dessert Bar,5,True,False,False,2025-03-20,421
REST001414,Restaurant_1414,Pune,Pune_Locality_7,Cafe,Cafe; North Indian,3.2,12:00,22:00,1006,4.2,3507,3.6,3849,3.9,1323,Luxury,36,36,24,23,20.0,21.0,25,12,172,147,182044,153639,178948,150993,53.0,47.0,Swiggy Better,Dessert Bar; Outdoor Seating; Rooftop; Dine-in; Takeaway; Smoking Area; Bar; WiFi,8,True,True,False,2020-07-29,2116
REST001415,Restaurant_1415,Pune,Pune_Locality_13,Casual Dining,Street Food; Fast Food,0.8,12:00,23:00,377,3.6,2842,4.1,1826,3.85,535,Mid-Range,30,30,32,20,18.0,18.0,8,14,170,194,74579,85107,72029,82197,44.0,56.0,Zomato Better,WiFi; Outdoor Seating; Parking; Family Friendly,4,False,False,True,2017-08-27,3183
REST001416,Restaurant_1416,Pune,Pune_Locality_15,Cloud Kitchen,Street Food,10.3,08:00,22:00,226,3.7,2830,3.6,1539,3.65,340,Mid-Range,71,71,54,52,25.0,22.0,11,8,228,222,58140,58874,50046,50993,66.0,34.0,Zomato Better,Live Music; Vegan Options; AC; Bar; Alcohol; Family Friendly; Dessert Bar,7,False,True,True,2017-03-10,3353
REST001417,Restaurant_1417,Pune,Pune_Locality_11,Cafe,Biryani,13.6,12:00,22:00,2593,3.7,4876,4.3,2558,4.0,1065,Premium,88,88,52,50,21.0,21.0,8,15,180,209,151443,175842,143523,166646,53.0,47.0,Zomato Better,Parking; Live Music; Outdoor Seating; Dessert Bar; Bar; Dine-in; Rooftop,7,False,False,True,2021-09-20,1698
REST001418,Restaurant_1418,Pune,Pune_Locality_19,Cloud Kitchen,Biryani; Multi-Cuisine,14.3,12:00,23:00,1715,3.7,569,3.6,4268,3.65,1316,Luxury,91,91,48,53,26.0,22.0,8,14,274,266,266832,273043,254365,260940,69.0,31.0,Zomato Better,Vegan Options; Bar; WiFi; Dessert Bar; Parking,5,True,True,False,2024-12-31,500
REST001419,Restaurant_1419,Pune,Pune_Locality_11,Cafe,Street Food,14.4,07:00,23:00,241,3.5,4687,4.1,3471,3.8,431,Mid-Range,92,92,51,55,21.0,22.0,10,19,130,152,44263,51099,38283,44107,63.0,37.0,Zomato Better,Vegan Options; Family Friendly; Dessert Bar; Private Room; Smoking Area; Takeaway; Bar,7,True,True,True,2026-01-22,113
REST001420,Restaurant_1420,Pune,Pune_Locality_1,Food Truck,Lebanese,1.9,08:00,23:00,1076,3.7,3246,3.5,1502,3.6,804,Premium,30,30,33,31,18.0,22.0,5,14,101,96,66587,60203,65072,58763,57.0,43.0,Swiggy Better,AC; Family Friendly; Takeaway; Dessert Bar; Bar; Dine-in; Alcohol; Vegan Options,8,True,False,False,2019-03-18,2615
REST001421,Restaurant_1421,Pune,Pune_Locality_6,Food Truck,Multi-Cuisine; Desserts,10.1,12:00,23:00,2011,4.5,4836,3.6,3238,4.05,1017,Premium,70,70,40,51,22.0,18.0,21,10,137,110,108676,91733,103881,87883,57.0,43.0,Swiggy Better,Family Friendly; Takeaway; Vegan Options,3,False,True,False,2017-12-15,3073
REST001422,Restaurant_1422,Pune,Pune_Locality_7,Fine Dine,Fast Food; Desserts,11.5,09:00,22:00,992,4.4,3675,3.8,3975,4.1,1169,Premium,77,77,44,49,17.0,14.0,20,13,149,129,144570,129688,138833,124722,51.0,49.0,Swiggy Better,Parking; Dine-in; Live Music; Dessert Bar; Takeaway; Private Room,6,False,False,True,2019-07-27,2484
REST001423,Restaurant_1423,Pune,Pune_Locality_16,QSR (Quick Service),North Indian,1.6,12:00,22:00,2838,4.1,3392,3.9,709,4.0,1330,Luxury,30,30,23,24,19.0,22.0,23,14,256,243,275788,252088,271948,248443,50.0,50.0,Swiggy Better,Private Room; Dessert Bar; WiFi; Family Friendly; Outdoor Seating; Takeaway,6,False,True,True,2017-11-14,3104
REST001424,Restaurant_1424,Pune,Pune_Locality_14,QSR (Quick Service),Cafe,7.8,08:00,22:00,3346,4.1,1625,4.4,3179,4.25,1323,Luxury,59,59,38,42,20.0,21.0,22,25,269,288,284709,301008,276774,292512,52.0,48.0,Zomato Better,Parking; Bar; Dine-in; Family Friendly,4,True,True,False,2018-11-15,2738
REST001425,Restaurant_1425,Pune,Pune_Locality_20,Casual Dining,Thai; Lebanese,4.8,10:00,23:00,1919,4.4,599,3.9,1512,4.15,925,Premium,44,44,40,38,21.0,21.0,17,6,250,221,182687,161495,177187,156633,50.0,50.0,Swiggy Better,AC; Outdoor Seating; Family Friendly; Parking; Smoking Area; WiFi; Vegan Options,7,True,True,False,2019-10-01,2418
REST001426,Restaurant_1426,Pune,Pune_Locality_13,Fine Dine,Lebanese; Mughlai,13.4,08:00,22:00,1672,4.4,3205,4.2,1198,4.3,391,Mid-Range,87,87,52,50,14.0,12.0,24,11,162,154,54474,52988,47427,46289,50.0,50.0,Swiggy Better,Private Room; Alcohol; Takeaway; Rooftop; Live Music,5,False,True,False,2016-06-28,3608
REST001427,Restaurant_1427,Pune,Pune_Locality_8,Cafe,Lebanese; Lebanese,9.3,08:00,23:00,1524,4.7,4889,3.6,2606,4.15,1339,Luxury,66,66,43,38,21.0,19.0,29,13,204,156,215793,169196,209061,164048,54.0,46.0,Swiggy Better,Vegan Options; Bar; Rooftop; Dine-in; Family Friendly; Takeaway; Outdoor Seating,7,False,True,False,2022-08-21,1363
REST001428,Restaurant_1428,Pune,Pune_Locality_16,Cafe,Japanese,0.6,08:00,22:00,2720,4.1,869,4.6,1747,4.35,413,Mid-Range,30,30,21,30,19.0,17.0,12,27,202,227,67575,77813,64545,74408,54.0,46.0,Zomato Better,Rooftop; Alcohol; Private Room; WiFi; Takeaway; Parking,6,False,False,True,2025-05-08,372
REST001429,Restaurant_1429,Pune,Pune_Locality_9,Cafe,Vietnamese; Thai,3.0,12:00,23:00,2591,4.5,3398,4.2,706,4.35,1118,Premium,35,35,17,36,20.0,18.0,27,21,219,204,195873,187019,192041,183449,52.0,48.0,Swiggy Better,Smoking Area; Outdoor Seating; Bar; Alcohol; Parking,5,False,True,False,2016-07-15,3591
REST001430,Restaurant_1430,Pune,Pune_Locality_5,Casual Dining,North Indian; Continental,8.4,12:00,22:00,3592,3.8,1939,3.8,2933,3.8,444,Mid-Range,62,62,36,40,18.0,21.0,8,10,255,255,92840,89443,84935,81538,49.0,51.0,Swiggy Better,Dessert Bar; AC; WiFi; Family Friendly; Outdoor Seating; Private Room; Alcohol,7,False,False,False,2023-04-22,1119
REST001431,Restaurant_1431,Pune,Pune_Locality_2,QSR (Quick Service),Biryani,7.1,11:00,22:00,648,4.0,1016,4.0,4520,4.0,873,Premium,55,55,38,37,23.0,20.0,22,19,195,195,131080,136188,125718,130825,56.0,44.0,Zomato Better,Rooftop; Dine-in; Bar; Dessert Bar; Parking,5,True,True,True,2022-09-13,1340
REST001432,Restaurant_1432,Pune,Pune_Locality_18,Fine Dine,North Indian,13.4,10:00,23:00,3403,3.4,2139,3.6,2087,3.5,1173,Premium,87,87,45,54,17.0,16.0,11,11,149,158,145064,155680,138583,148807,47.0,53.0,Zomato Better,Private Room; AC; Rooftop; Dessert Bar,4,False,False,False,2017-09-25,3154
REST001433,Restaurant_1433,Pune,Pune_Locality_15,Casual Dining,Cafe,6.9,11:00,23:00,3076,4.3,3938,4.0,4738,4.15,452,Mid-Range,54,54,44,47,23.0,18.0,13,12,275,255,95711,94513,88286,87628,50.0,50.0,Swiggy Better,Dine-in; Outdoor Seating; Live Music; Family Friendly; WiFi,5,True,False,False,2023-07-17,1033
REST001434,Restaurant_1434,Pune,Pune_Locality_6,QSR (Quick Service),South Indian,2.2,07:00,23:00,1216,4.0,3886,4.0,1079,4.0,1003,Premium,31,31,35,30,20.0,18.0,12,18,209,209,167701,171894,164462,168654,63.0,37.0,Zomato Better,Vegan Options; Family Friendly; Private Room; Live Music; AC,5,False,True,False,2019-11-15,2373
REST001435,Restaurant_1435,Pune,Pune_Locality_15,Food Truck,Italian; Chinese,11.4,12:00,22:00,2015,3.7,3624,4.2,4341,3.95,1229,Luxury,77,77,44,52,21.0,21.0,10,21,113,128,109712,124276,105362,119348,51.0,49.0,Zomato Better,Takeaway; Live Music; Smoking Area; Dessert Bar; Vegan Options; Alcohol,6,False,False,False,2023-04-30,1111
REST001436,Restaurant_1436,Pune,Pune_Locality_19,Fine Dine,Mexican,5.1,10:00,23:00,1418,3.5,1951,4.1,3602,3.8,1461,Luxury,45,45,36,37,15.0,15.0,11,12,125,146,155231,181310,152418,178025,48.0,52.0,Zomato Better,Takeaway; Alcohol; Rooftop; Vegan Options; Private Room; Family Friendly; Parking,7,False,False,True,2019-08-23,2457
REST001437,Restaurant_1437,Pune,Pune_Locality_1,Casual Dining,Fast Food; South Indian,13.8,11:00,22:00,1355,3.8,938,4.3,3599,4.05,621,Mid-Range,89,89,47,56,19.0,20.0,14,17,202,229,101608,113767,92619,103576,44.0,56.0,Zomato Better,WiFi; Outdoor Seating; Smoking Area; AC; Private Room,5,False,True,True,2024-10-11,581
REST001438,Restaurant_1438,Pune,Pune_Locality_2,Food Truck,Cafe,11.7,10:00,23:00,3155,4.0,1605,4.4,3028,4.2,1404,Luxury,78,78,52,46,21.0,20.0,22,15,137,151,151954,169603,146611,163714,63.0,37.0,Zomato Better,Outdoor Seating; Bar; Private Room; Takeaway; Vegan Options; AC; Dine-in,7,False,False,False,2017-09-21,3158
REST001439,Restaurant_1439,Pune,Pune_Locality_18,Cafe,Multi-Cuisine,2.6,10:00,22:00,2903,3.1,2037,4.2,398,3.65,1354,Luxury,33,33,35,27,22.0,21.0,11,22,155,211,163698,225698,161141,222216,57.0,43.0,Zomato Better,Dine-in; Vegan Options; Family Friendly; Dessert Bar; Private Room; Rooftop,6,False,False,True,2026-03-01,75
REST001440,Restaurant_1440,Pune,Pune_Locality_12,Cafe,Lebanese,10.1,12:00,22:00,1847,3.8,232,3.9,679,3.85,185,Budget,70,70,51,42,21.0,18.0,10,7,171,175,24991,26547,19006,20422,59.0,41.0,Zomato Better,Alcohol; Outdoor Seating; Parking; WiFi; AC; Live Music,6,True,False,False,2019-04-28,2574
REST001441,Restaurant_1441,Pune,Pune_Locality_16,Cafe,Chinese; Mexican,2.3,10:00,23:00,1909,4.1,3633,4.5,1358,4.3,719,Premium,31,31,30,25,22.0,22.0,24,21,186,204,104312,114407,101429,111245,47.0,53.0,Zomato Better,Dessert Bar; Alcohol; WiFi; Dine-in; Family Friendly; Parking; Vegan Options,7,True,True,True,2022-03-14,1523
REST001442,Restaurant_1442,Pune,Pune_Locality_16,Cafe,Mediterranean,2.6,08:00,23:00,2166,4.4,206,4.1,2870,4.25,318,Mid-Range,33,33,33,20,19.0,18.0,14,13,205,191,52803,49805,49421,46653,53.0,47.0,Swiggy Better,AC; Alcohol; Live Music; Private Room; Family Friendly,5,True,True,False,2020-11-12,2010
REST001443,Restaurant_1443,Pune,Pune_Locality_18,Casual Dining,Street Food,11.7,09:00,22:00,487,3.9,857,4.3,3937,4.1,644,Mid-Range,78,78,58,48,20.0,22.0,13,21,187,206,96342,103477,89049,95443,50.0,50.0,Zomato Better,Live Music; Dine-in; AC; Alcohol; WiFi; Bar; Smoking Area,7,False,True,False,2021-07-16,1764
REST001444,Restaurant_1444,Pune,Pune_Locality_14,Casual Dining,Bakery,5.4,07:00,23:00,1724,3.6,2876,4.1,4631,3.85,878,Premium,47,47,32,36,22.0,19.0,5,20,200,228,136968,162149,132268,156791,54.0,46.0,Zomato Better,Rooftop; Dessert Bar; Private Room; Family Friendly; Bar; Outdoor Seating; Parking; Dine-in,8,False,True,False,2024-04-13,762
REST001445,Restaurant_1445,Pune,Pune_Locality_18,Cafe,Japanese; Thai,1.4,11:00,23:00,2603,4.2,1249,3.5,1740,3.85,851,Premium,30,30,23,28,20.0,18.0,10,7,205,170,139564,118629,136489,116079,52.0,48.0,Swiggy Better,Takeaway; Dine-in; Rooftop; WiFi; Smoking Area,5,False,True,False,2017-06-09,3262
REST001446,Restaurant_1446,Pune,Pune_Locality_4,Cafe,Seafood,6.4,11:00,22:00,86,3.5,948,4.3,714,3.9,853,Premium,52,52,33,32,18.0,21.0,5,18,127,156,88831,105123,85529,101067,64.0,36.0,Zomato Better,Dessert Bar; Smoking Area; Parking; Dine-in; Bar; Private Room,6,False,False,False,2020-02-06,2290
REST001447,Restaurant_1447,Pune,Pune_Locality_5,Fine Dine,Lebanese,2.4,07:00,23:00,1986,4.4,314,3.6,3159,4.0,785,Premium,31,31,26,27,15.0,14.0,11,15,167,137,111430,92488,108842,90365,44.0,56.0,Swiggy Better,Rooftop; Dessert Bar; AC; Live Music,4,True,False,False,2023-01-02,1229
REST001448,Restaurant_1448,Pune,Pune_Locality_11,Casual Dining,Fast Food,11.7,07:00,23:00,3076,4.6,1940,4.2,2872,4.4,282,Budget,78,78,50,39,21.0,19.0,40,23,294,268,65497,61216,54031,50764,53.0,47.0,Swiggy Better,Bar; Live Music; Dessert Bar; Vegan Options; Dine-in; Rooftop,6,True,False,True,2022-04-14,1492
REST001449,Restaurant_1449,Pune,Pune_Locality_18,Food Truck,Japanese,13.1,12:00,23:00,2257,3.8,2600,4.0,865,3.9,767,Premium,85,85,57,51,20.0,20.0,13,24,119,125,73018,76700,67960,71387,47.0,53.0,Zomato Better,Takeaway; Family Friendly; Dine-in; Vegan Options,4,True,False,True,2021-09-24,1694
REST001450,Restaurant_1450,Pune,Pune_Locality_18,Casual Dining,North Indian,4.8,07:00,22:00,2498,3.6,838,3.9,3131,3.75,666,Mid-Range,44,44,29,44,18.0,20.0,6,7,217,235,118508,125208,113734,120038,46.0,54.0,Zomato Better,Live Music; AC; Takeaway; Outdoor Seating; Family Friendly,5,False,False,True,2021-11-11,1646
REST001451,Restaurant_1451,Pune,Pune_Locality_16,Casual Dining,Korean,12.0,11:00,23:00,2646,3.6,4559,4.0,500,3.8,1442,Luxury,80,80,43,46,18.0,22.0,15,17,220,245,260136,275566,251336,265766,52.0,48.0,Zomato Better,Rooftop; Parking; Smoking Area,3,False,True,True,2021-07-13,1767
REST001452,Restaurant_1452,Pune,Pune_Locality_3,QSR (Quick Service),Fast Food,4.3,09:00,23:00,3183,4.4,312,4.2,2180,4.3,687,Mid-Range,41,41,34,28,19.0,19.0,14,23,284,271,158037,150803,152215,145247,54.0,46.0,Swiggy Better,Vegan Options; WiFi; Bar; Parking; Private Room; Takeaway; Smoking Area; Live Music,8,False,True,False,2023-06-09,1071
REST001453,Restaurant_1453,Pune,Pune_Locality_7,Cloud Kitchen,Continental,12.3,08:00,23:00,3339,4.0,2674,4.4,1359,4.2,789,Premium,81,81,57,44,22.0,27.0,19,13,349,384,214781,221172,200647,205620,68.0,32.0,Zomato Better,AC; WiFi; Rooftop; Private Room; Dine-in,5,True,False,True,2018-07-05,2871
REST001454,Restaurant_1454,Pune,Pune_Locality_5,Casual Dining,Pan-Asian,5.2,10:00,22:00,1428,3.8,3534,3.9,1258,3.85,330,Mid-Range,46,46,36,39,21.0,19.0,5,14,204,209,53182,55865,48490,51058,42.0,58.0,Zomato Better,Parking; WiFi; Outdoor Seating; Dessert Bar; Smoking Area; Rooftop; Family Friendly; Bar,8,True,False,True,2021-10-12,1676
REST001455,Restaurant_1455,Pune,Pune_Locality_6,Food Truck,Desserts; Thai,10.6,08:00,23:00,1826,4.4,1693,4.2,2523,4.3,216,Budget,73,73,45,43,20.0,23.0,17,14,132,126,22809,20956,17991,16357,57.0,43.0,Swiggy Better,Family Friendly; Outdoor Seating; Smoking Area; Live Music; Bar; Private Room,6,False,True,False,2021-04-03,1868
REST001456,Restaurant_1456,Pune,Pune_Locality_14,Cafe,Mexican,13.3,11:00,22:00,1405,3.3,3162,3.6,4412,3.45,1064,Premium,86,86,48,47,21.0,23.0,9,9,141,154,118518,126169,112455,119547,51.0,49.0,Zomato Better,Vegan Options; Live Music; Rooftop; Takeaway; Private Room; AC; Family Friendly,7,False,False,False,2024-07-11,673
REST001457,Restaurant_1457,Pune,Pune_Locality_20,Cloud Kitchen,Thai,14.5,12:00,23:00,48,4.1,3607,4.6,4117,4.35,578,Mid-Range,92,92,54,52,23.0,26.0,16,23,247,277,109929,118478,98567,105736,57.0,43.0,Zomato Better,Family Friendly; Vegan Options; Dine-in; Parking; Live Music; WiFi,6,True,True,True,2020-01-26,2301
REST001458,Restaurant_1458,Pune,Pune_Locality_11,Casual Dining,Bakery,12.0,12:00,22:00,2752,3.8,3309,4.0,2300,3.9,1257,Luxury,80,80,50,46,20.0,22.0,14,17,235,247,236316,242173,226916,232293,46.0,54.0,Zomato Better,Alcohol; Private Room; Bar; Rooftop; Vegan Options; Parking; Live Music,7,True,True,False,2022-04-28,1478
REST001459,Restaurant_1459,Pune,Pune_Locality_18,Cafe,Cafe,13.7,10:00,22:00,1502,4.0,2611,4.2,4759,4.1,322,Mid-Range,88,88,57,53,20.0,22.0,17,22,173,182,44564,45711,36952,37703,54.0,46.0,Zomato Better,Dine-in; WiFi; AC; Smoking Area; Outdoor Seating,5,False,True,True,2017-03-17,3346
REST001460,Restaurant_1460,Pune,Pune_Locality_20,QSR (Quick Service),Multi-Cuisine,2.4,07:00,22:00,1409,4.6,823,3.4,2014,4.0,840,Premium,31,31,34,31,20.0,17.0,30,12,246,182,165312,126890,161499,124069,46.0,54.0,Swiggy Better,Smoking Area; Vegan Options; Family Friendly; Dessert Bar; Dine-in; AC; Outdoor Seating,7,True,True,False,2019-12-17,2341
REST001461,Restaurant_1461,Pune,Pune_Locality_14,Cafe,Pan-Asian,8.2,09:00,22:00,1743,4.3,4534,4.0,771,4.15,951,Premium,60,60,32,38,18.0,17.0,17,25,191,178,148945,140500,143215,135160,64.0,36.0,Swiggy Better,Dine-in; Alcohol; Dessert Bar; Family Friendly,4,True,False,True,2017-10-29,3120
REST001462,Restaurant_1462,Pune,Pune_Locality_1,Food Truck,North Indian,9.2,07:00,22:00,665,3.6,3214,4.6,1460,4.1,964,Premium,66,66,45,37,23.0,23.0,12,29,94,120,69774,89073,66672,85113,58.0,42.0,Zomato Better,Private Room; Parking; Dessert Bar; Family Friendly; Vegan Options; Alcohol; Rooftop,7,True,True,True,2023-09-12,976
REST001463,Restaurant_1463,Pune,Pune_Locality_11,Cloud Kitchen,Cafe,14.1,11:00,22:00,655,4.2,1440,4.5,2696,4.35,674,Mid-Range,90,90,57,54,26.0,25.0,19,35,274,294,136660,148617,124330,135387,68.0,32.0,Zomato Better,WiFi; Live Music; Dessert Bar; Takeaway; Alcohol,5,False,False,False,2022-03-29,1508
REST001464,Restaurant_1464,Pune,Pune_Locality_16,Cloud Kitchen,Japanese,12.3,11:00,22:00,3434,4.0,3520,3.7,1785,3.85,968,Premium,81,81,43,53,25.0,24.0,21,15,352,326,255552,239831,241296,226628,65.0,35.0,Swiggy Better,WiFi; Private Room; Parking,3,True,False,True,2022-03-29,1508
REST001465,Restaurant_1465,Pune,Pune_Locality_20,Fine Dine,Multi-Cuisine; South Indian,8.9,08:00,22:00,3027,3.8,647,4.1,1869,3.95,892,Premium,64,64,50,42,13.0,13.0,10,23,161,174,124942,135030,119790,129462,40.0,60.0,Zomato Better,AC; WiFi; Dine-in; Takeaway; Rooftop; Bar; Private Room,7,False,True,True,2025-04-09,401
REST001466,Restaurant_1466,Pune,Pune_Locality_14,Casual Dining,Mughlai,2.9,10:00,22:00,743,3.9,3186,3.7,2273,3.8,417,Mid-Range,34,34,31,25,18.0,19.0,9,5,193,183,65994,61811,62713,58700,54.0,46.0,Swiggy Better,Outdoor Seating; Live Music; Takeaway; Dine-in; Rooftop; Family Friendly; Dessert Bar,7,False,True,False,2019-07-15,2496
REST001467,Restaurant_1467,Pune,Pune_Locality_2,QSR (Quick Service),Street Food; Desserts,5.3,11:00,23:00,481,4.2,105,4.0,56,4.1,831,Premium,46,46,30,38,21.0,18.0,11,8,201,191,131954,130151,127331,125758,61.0,39.0,Swiggy Better,Vegan Options; Parking; Takeaway; Family Friendly; AC,5,True,False,False,2024-03-31,775
REST001468,Restaurant_1468,Pune,Pune_Locality_5,Fine Dine,Cafe; North Indian,10.7,11:00,23:00,3332,3.8,3261,4.0,3403,3.9,818,Premium,73,73,46,45,13.0,13.0,12,24,166,174,118135,123828,112076,117477,44.0,56.0,Zomato Better,WiFi; Takeaway; Dessert Bar; Smoking Area; Vegan Options; Dine-in,6,False,False,False,2025-04-30,380
REST001469,Restaurant_1469,Pune,Pune_Locality_16,QSR (Quick Service),Bakery,13.0,11:00,23:00,2586,3.8,2859,3.4,1347,3.6,956,Premium,85,85,55,50,22.0,21.0,13,14,231,207,172252,156334,162434,147537,54.0,46.0,Swiggy Better,Takeaway; AC; Bar; Alcohol; Live Music; Smoking Area; Family Friendly; Vegan Options,8,False,True,True,2025-03-28,413
REST001470,Restaurant_1470,Pune,Pune_Locality_6,QSR (Quick Service),Fast Food; Italian,4.7,11:00,23:00,3331,4.8,3421,4.0,3611,4.4,594,Mid-Range,43,43,41,37,17.0,21.0,28,12,314,262,154808,122946,148057,117313,49.0,51.0,Swiggy Better,Smoking Area; Dine-in; Dessert Bar; AC; Bar; Vegan Options; Parking,7,False,False,True,2018-12-12,2711
REST001471,Restaurant_1471,Pune,Pune_Locality_1,Food Truck,Pan-Asian,3.3,07:00,22:00,60,4.4,741,3.8,3790,4.1,209,Budget,36,36,29,33,18.0,21.0,24,8,106,91,18166,15025,16258,13387,63.0,37.0,Swiggy Better,Live Music; Private Room; Takeaway; Dessert Bar; Alcohol; Rooftop; Family Friendly,7,True,True,False,2023-07-19,1031
REST001472,Restaurant_1472,Pune,Pune_Locality_14,Cloud Kitchen,Korean,4.3,07:00,22:00,155,3.6,2608,3.3,2391,3.45,415,Mid-Range,41,41,35,25,27.0,25.0,7,9,220,202,66649,62872,62139,58731,69.0,31.0,Swiggy Better,Takeaway; AC; WiFi,3,True,False,True,2017-09-27,3152
REST001473,Restaurant_1473,Pune,Pune_Locality_4,QSR (Quick Service),Biryani; Chinese,4.2,09:00,23:00,1967,3.5,1193,3.2,2260,3.35,1231,Luxury,41,41,35,36,21.0,22.0,9,7,199,182,193525,174752,189446,171021,62.0,38.0,Swiggy Better,Takeaway; Rooftop; Smoking Area; AC; Alcohol; WiFi; Bar; Dine-in,8,True,False,False,2025-03-11,430
REST001474,Restaurant_1474,Pune,Pune_Locality_14,Food Truck,Continental,6.2,07:00,23:00,631,3.9,1552,4.3,1923,4.1,351,Mid-Range,51,51,45,34,22.0,17.0,5,20,101,112,27651,32628,25076,29772,50.0,50.0,Zomato Better,Private Room; WiFi; Takeaway; Rooftop; Live Music; Family Friendly; Bar; Dessert Bar,8,False,False,True,2017-12-16,3072
REST001475,Restaurant_1475,Pune,Pune_Locality_16,Cafe,Italian; North Indian,8.4,12:00,22:00,3502,3.7,4733,3.6,2641,3.65,1077,Premium,62,62,41,40,22.0,18.0,5,9,197,191,165491,168679,159384,162758,56.0,44.0,Zomato Better,Bar; Dessert Bar; Parking,3,False,False,False,2020-10-23,2030
REST001476,Restaurant_1476,Pune,Pune_Locality_8,Cloud Kitchen,Cafe,5.9,12:00,23:00,2710,4.0,3924,4.7,292,4.35,342,Mid-Range,49,49,33,31,27.0,24.0,17,12,329,386,82138,100329,74077,90872,62.0,38.0,Zomato Better,Rooftop; Private Room; Bar; Family Friendly; Parking; Dine-in; WiFi; Vegan Options,8,True,False,True,2026-01-30,105
REST001477,Restaurant_1477,Pune,Pune_Locality_20,Cafe,Italian,6.3,12:00,23:00,2374,4.0,2946,4.1,1395,4.05,1306,Luxury,51,51,45,38,19.0,21.0,25,14,190,195,200993,201189,196148,196216,58.0,42.0,Zomato Better,Takeaway; Alcohol; WiFi; Family Friendly; Outdoor Seating; AC; Vegan Options,7,True,False,True,2023-12-26,871
REST001478,Restaurant_1478,Pune,Pune_Locality_4,QSR (Quick Service),Chinese,1.8,09:00,22:00,1448,4.2,3133,3.4,1464,3.8,1149,Premium,30,30,18,27,20.0,20.0,11,11,226,183,207739,168213,204349,165468,57.0,43.0,Swiggy Better,Rooftop; Live Music; Takeaway; Smoking Area; Outdoor Seating; Bar; Family Friendly,7,False,True,True,2016-06-09,3627
REST001479,Restaurant_1479,Pune,Pune_Locality_3,Casual Dining,Bakery,3.2,10:00,23:00,1628,4.0,1764,4.0,4262,4.0,854,Premium,36,36,41,27,18.0,20.0,13,18,220,220,154061,150304,150101,146344,42.0,58.0,Swiggy Better,Live Music; WiFi; Rooftop,3,True,False,False,2018-12-20,2703
REST001480,Restaurant_1480,Pune,Pune_Locality_16,Casual Dining,Continental,3.9,09:00,22:00,2037,4.2,2545,3.9,1247,4.05,174,Budget,39,39,30,30,18.0,20.0,13,10,241,224,34385,31180,29686,26812,47.0,53.0,Swiggy Better,Alcohol; Family Friendly; Takeaway; Vegan Options; Bar; WiFi; Outdoor Seating; Parking,8,True,False,True,2019-12-08,2350
REST001481,Restaurant_1481,Pune,Pune_Locality_1,Cafe,Mughlai,13.0,09:00,23:00,2383,3.8,4494,3.4,4037,3.6,1162,Premium,85,85,40,42,19.0,21.0,7,12,181,162,170360,148712,162668,141827,57.0,43.0,Swiggy Better,Family Friendly; Vegan Options; Parking; Smoking Area,4,True,True,True,2020-06-13,2162
REST001482,Restaurant_1482,Pune,Pune_Locality_5,Cloud Kitchen,Biryani; Chinese,9.0,08:00,23:00,378,4.5,613,4.4,1970,4.45,1492,Luxury,65,65,43,45,23.0,28.0,21,15,283,277,325121,297564,315924,288561,65.0,35.0,Swiggy Better,AC; Vegan Options; WiFi; Alcohol; Rooftop,5,True,True,True,2023-12-03,894
REST001483,Restaurant_1483,Pune,Pune_Locality_6,Cafe,Continental,13.6,10:00,22:00,2314,3.7,3897,3.9,495,3.8,1328,Luxury,88,88,49,58,18.0,17.0,13,10,175,184,190568,202812,182868,194716,62.0,38.0,Zomato Better,Smoking Area; Family Friendly; Alcohol; Live Music; Private Room; Vegan Options; Outdoor Seating,7,True,True,False,2025-01-13,487
REST001484,Restaurant_1484,Pune,Pune_Locality_13,Cafe,Japanese,9.9,07:00,22:00,2142,3.6,1909,4.1,620,3.85,1069,Premium,69,69,47,41,20.0,22.0,8,10,167,190,142818,158425,137056,151870,59.0,41.0,Zomato Better,Family Friendly; Dessert Bar; WiFi; Private Room,4,False,True,True,2020-03-10,2257
REST001485,Restaurant_1485,Pune,Pune_Locality_2,Fine Dine,Cafe; Street Food,10.2,09:00,23:00,2384,4.4,2575,4.7,2537,4.55,213,Budget,71,71,40,47,12.0,17.0,21,30,175,187,32802,33059,26589,26421,55.0,45.0,Swiggy Better,Alcohol; Smoking Area; Outdoor Seating; Live Music; WiFi; Private Room; Takeaway; Vegan Options,8,True,True,True,2019-12-16,2342
REST001486,Restaurant_1486,Pune,Pune_Locality_5,Food Truck,Mughlai,11.1,09:00,23:00,2221,2.9,1369,4.1,2800,3.5,1205,Luxury,75,75,42,47,23.0,20.0,9,13,90,128,83506,123392,80131,118592,54.0,46.0,Zomato Better,Smoking Area; Private Room; Rooftop; Live Music; Bar,5,True,False,True,2017-08-19,3191
REST001487,Restaurant_1487,Pune,Pune_Locality_16,Cloud Kitchen,Mexican,1.4,12:00,23:00,2743,4.2,752,4.8,828,4.5,1323,Luxury,30,30,28,25,23.0,23.0,20,30,346,396,352473,403409,347283,397469,64.0,36.0,Zomato Better,Live Music; Dine-in; Vegan Options; Smoking Area; Family Friendly; Bar; Takeaway; Rooftop,8,False,True,False,2023-09-15,973
REST001488,Restaurant_1488,Pune,Pune_Locality_15,Cloud Kitchen,Vietnamese,0.6,10:00,22:00,910,4.2,4421,4.0,4767,4.1,430,Mid-Range,30,30,33,18,28.0,25.0,11,25,283,269,87616,86752,83371,82717,61.0,39.0,Swiggy Better,Rooftop; Takeaway; AC; Outdoor Seating,4,False,False,False,2018-07-09,2867
REST001489,Restaurant_1489,Pune,Pune_Locality_9,Casual Dining,Seafood,14.0,08:00,23:00,1028,4.7,506,3.4,3488,4.05,822,Premium,90,90,56,47,19.0,22.0,32,12,241,174,160462,111561,149617,103731,49.0,51.0,Swiggy Better,Dessert Bar; Takeaway; Outdoor Seating; Dine-in; Family Friendly; Rooftop; Bar,7,False,False,True,2020-02-19,2277
REST001490,Restaurant_1490,Pune,Pune_Locality_1,Casual Dining,Mughlai; Mughlai,13.8,07:00,23:00,2230,3.3,2164,3.8,2284,3.55,809,Premium,89,89,41,57,23.0,21.0,13,6,193,223,120225,142521,111636,132598,47.0,53.0,Zomato Better,Family Friendly; WiFi; Private Room; Outdoor Seating; Dine-in; Parking; Rooftop; Dessert Bar,8,False,True,False,2022-02-20,1545
REST001491,Restaurant_1491,Pune,Pune_Locality_1,Cloud Kitchen,Multi-Cuisine; Desserts,8.7,07:00,22:00,743,3.9,2598,3.4,4936,3.65,1372,Luxury,63,63,41,41,22.0,27.0,15,6,257,224,275031,224349,266935,217293,75.0,25.0,Swiggy Better,Private Room; Dine-in; Parking; Bar; Dessert Bar,5,True,False,False,2019-03-23,2610
REST001492,Restaurant_1492,Pune,Pune_Locality_9,Fine Dine,Korean,11.9,10:00,23:00,1143,3.9,411,4.3,121,4.1,232,Budget,79,79,49,47,14.0,17.0,9,14,135,149,26935,28691,21602,22805,44.0,56.0,Zomato Better,AC; Alcohol; Rooftop; Live Music; WiFi; Private Room,6,False,False,False,2024-05-18,727
REST001493,Restaurant_1493,Pune,Pune_Locality_18,Cloud Kitchen,North Indian,8.9,09:00,23:00,611,3.7,3467,4.2,505,3.95,320,Mid-Range,64,64,48,41,26.0,26.0,6,13,240,273,56832,64646,49152,55910,69.0,31.0,Zomato Better,Dessert Bar; Takeaway; Rooftop; AC,4,False,True,False,2018-08-25,2820
REST001494,Restaurant_1494,Pune,Pune_Locality_19,Fine Dine,Japanese; Pan-Asian,5.3,09:00,22:00,122,4.7,3607,4.6,588,4.65,1168,Premium,46,46,35,42,15.0,17.0,32,26,143,140,141970,135721,138681,132501,50.0,50.0,Swiggy Better,Dessert Bar; Dine-in; Bar,3,True,True,True,2018-06-07,2899
REST001495,Restaurant_1495,Pune,Pune_Locality_16,Fine Dine,Korean,1.3,09:00,23:00,1513,4.4,2406,4.3,2287,4.35,927,Premium,30,30,24,25,16.0,16.0,15,18,159,155,123810,120695,121425,118370,51.0,49.0,Swiggy Better,WiFi; Takeaway; Dessert Bar; Alcohol; Live Music; Outdoor Seating; Bar; Private Room,8,True,True,False,2016-08-07,3568
REST001496,Restaurant_1496,Pune,Pune_Locality_9,Cafe,Continental,11.6,11:00,22:00,2947,4.1,2669,3.6,4717,3.85,339,Mid-Range,78,78,47,44,23.0,22.0,19,5,207,181,54033,47860,45960,40801,62.0,38.0,Swiggy Better,Vegan Options; Dessert Bar; WiFi,3,False,False,False,2016-09-30,3514
REST001497,Restaurant_1497,Pune,Pune_Locality_5,Cloud Kitchen,Cafe; Korean,9.8,11:00,23:00,1214,3.5,3914,3.8,2008,3.65,1129,Premium,69,69,38,48,25.0,24.0,14,12,244,265,206607,227380,198189,218238,71.0,29.0,Zomato Better,Family Friendly; Alcohol; Dine-in; Parking,4,True,False,True,2016-09-06,3538
REST001498,Restaurant_1498,Pune,Pune_Locality_18,QSR (Quick Service),Italian,7.1,08:00,23:00,1764,3.9,3759,4.4,3553,4.15,1020,Premium,55,55,37,34,21.0,21.0,14,16,217,245,174858,197421,168891,190683,46.0,54.0,Zomato Better,Outdoor Seating; AC; WiFi; Smoking Area; Parking,5,True,True,False,2021-04-05,1866
REST001499,Restaurant_1499,Pune,Pune_Locality_17,Food Truck,Multi-Cuisine; North Indian,12.0,10:00,23:00,1752,3.9,3080,4.0,3582,3.95,585,Mid-Range,80,80,51,41,22.0,19.0,5,19,116,119,52930,56388,48290,51628,58.0,42.0,Zomato Better,Rooftop; Family Friendly; Private Room; Smoking Area; Takeaway,5,False,True,False,2022-04-21,1485
REST001500,Restaurant_1500,Pune,Pune_Locality_12,Cloud Kitchen,South Indian,14.9,07:00,22:00,3101,3.3,2107,4.8,2321,4.05,223,Budget,94,94,49,48,27.0,24.0,10,24,282,410,45906,69486,32652,50216,69.0,31.0,Zomato Better,AC; Dessert Bar; Live Music; Family Friendly; WiFi,5,False,False,False,2022-04-14,1492
REST001501,Restaurant_1501,Hyderabad,Hyderabad_Locality_16,Cafe,Mughlai; Lebanese,6.2,12:00,23:00,3443,4.2,2234,4.7,1515,4.45,156,Budget,51,51,33,23,20.0,19.0,16,20,222,249,27705,31463,22044,25114,46.0,54.0,Zomato Better,Family Friendly; Outdoor Seating; Smoking Area; Bar; Rooftop; Private Room; Alcohol; Vegan Options,8,False,False,False,2019-11-16,2372
REST001502,Restaurant_1502,Hyderabad,Hyderabad_Locality_2,Cafe,Thai; Multi-Cuisine,14.2,11:00,23:00,2304,4.4,3502,3.3,3312,3.85,196,Budget,91,91,54,64,20.0,22.0,15,12,208,156,32614,23849,23150,16751,61.0,39.0,Swiggy Better,Dessert Bar; WiFi; Private Room; Alcohol; Outdoor Seating; Vegan Options,6,False,True,False,2018-07-12,2864
REST001503,Restaurant_1503,Hyderabad,Hyderabad_Locality_13,Fine Dine,South Indian; Vietnamese,12.1,09:00,22:00,1800,3.2,3835,4.1,4314,3.65,674,Mid-Range,80,80,52,53,14.0,18.0,14,13,119,153,68977,84560,64217,78440,46.0,54.0,Zomato Better,Live Music; Dessert Bar; AC; Vegan Options; Parking; Dine-in,6,False,True,True,2022-06-10,1435
REST001504,Restaurant_1504,Hyderabad,Hyderabad_Locality_20,QSR (Quick Service),South Indian,1.6,11:00,23:00,1779,3.6,4184,3.9,1172,3.75,576,Mid-Range,30,30,35,30,17.0,18.0,9,14,201,218,96094,102965,93079,99695,45.0,55.0,Zomato Better,Outdoor Seating; Live Music; Rooftop,3,False,False,True,2023-09-09,979
REST001505,Restaurant_1505,Hyderabad,Hyderabad_Locality_9,Cloud Kitchen,Korean; Fast Food,9.5,11:00,22:00,430,4.3,4738,4.2,2897,4.25,1400,Luxury,67,67,42,42,25.0,24.0,18,11,273,266,286650,283024,277504,274113,69.0,31.0,Swiggy Better,Takeaway; Smoking Area; Alcohol; Outdoor Seating,4,False,True,False,2023-05-04,1107
REST001506,Restaurant_1506,Hyderabad,Hyderabad_Locality_3,QSR (Quick Service),Korean,10.0,08:00,22:00,142,3.2,497,3.7,3020,3.45,1384,Luxury,70,70,58,40,21.0,19.0,8,14,146,169,159630,189455,154520,183540,59.0,41.0,Zomato Better,Private Room; Live Music; Alcohol; Dessert Bar; Smoking Area,5,False,False,False,2016-05-31,3636
REST001507,Restaurant_1507,Hyderabad,Hyderabad_Locality_13,Casual Dining,Thai,4.0,10:00,22:00,2977,3.8,2668,4.5,449,4.15,648,Mid-Range,40,40,47,33,20.0,22.0,15,12,240,285,124416,144050,119616,138350,43.0,57.0,Zomato Better,Vegan Options; Live Music; Takeaway; AC; Outdoor Seating; Parking,6,True,False,True,2022-05-03,1473
REST001508,Restaurant_1508,Hyderabad,Hyderabad_Locality_20,Casual Dining,Mexican,2.6,12:00,23:00,3560,3.7,2025,3.4,3826,3.55,444,Mid-Range,33,33,25,34,21.0,21.0,8,13,247,227,86637,79622,82562,75877,47.0,53.0,Swiggy Better,Alcohol; Vegan Options; WiFi; Private Room; Takeaway; Outdoor Seating; Smoking Area; AC,8,False,True,False,2020-08-10,2104
REST001509,Restaurant_1509,Hyderabad,Hyderabad_Locality_18,Cloud Kitchen,Desserts,6.1,07:00,22:00,2555,3.9,1364,4.4,4899,4.15,922,Premium,50,50,45,27,23.0,26.0,6,20,315,356,223631,242891,215756,233991,63.0,37.0,Zomato Better,Live Music; Takeaway; Dessert Bar; Alcohol; Dine-in; Outdoor Seating,6,True,False,False,2026-01-23,112
REST001510,Restaurant_1510,Hyderabad,Hyderabad_Locality_4,Fine Dine,North Indian,8.7,11:00,23:00,581,4.0,3748,4.6,470,4.3,518,Mid-Range,63,63,37,44,14.0,14.0,21,20,129,148,57466,65931,53403,61269,54.0,46.0,Zomato Better,Takeaway; Vegan Options; Live Music,3,False,True,True,2025-07-31,288
REST001511,Restaurant_1511,Hyderabad,Hyderabad_Locality_10,Fine Dine,Italian; Thai,5.9,08:00,22:00,1844,4.2,389,3.6,547,3.9,1094,Premium,49,49,36,40,15.0,14.0,10,12,157,135,145994,127013,142147,123705,54.0,46.0,Swiggy Better,Dine-in; Outdoor Seating; Takeaway; Bar,4,False,True,True,2021-03-16,1886
REST001512,Restaurant_1512,Hyderabad,Hyderabad_Locality_2,Casual Dining,Vietnamese,1.7,07:00,22:00,3612,3.5,4644,3.2,1417,3.35,997,Premium,30,30,33,36,21.0,18.0,7,15,235,215,185093,175771,181568,172546,55.0,45.0,Swiggy Better,Dine-in; Smoking Area; AC; Takeaway; Live Music,5,False,False,False,2023-04-06,1135
REST001513,Restaurant_1513,Hyderabad,Hyderabad_Locality_11,Cloud Kitchen,South Indian,12.9,08:00,23:00,1139,3.9,2277,4.0,3868,3.95,320,Mid-Range,84,84,56,53,28.0,22.0,9,20,270,277,62208,69139,50868,57505,72.0,28.0,Zomato Better,Takeaway; Parking; Bar,3,True,True,True,2018-05-09,2928
REST001514,Restaurant_1514,Hyderabad,Hyderabad_Locality_14,Food Truck,Mughlai; Lebanese,1.3,10:00,23:00,648,3.8,2254,3.8,4060,3.8,1142,Premium,30,30,23,24,19.0,20.0,10,11,99,99,91576,90446,90091,88961,62.0,38.0,Swiggy Better,Parking; Family Friendly; Smoking Area; Dine-in,4,False,True,False,2024-04-10,765
REST001515,Restaurant_1515,Hyderabad,Hyderabad_Locality_19,Cloud Kitchen,Desserts; Mediterranean,13.2,12:00,23:00,2745,4.0,4040,3.3,2774,3.65,678,Mid-Range,86,86,57,45,27.0,23.0,13,9,330,272,163330,142000,149140,130304,58.0,42.0,Swiggy Better,Alcohol; Private Room; Rooftop; Takeaway; AC; Dine-in; Parking,7,True,True,False,2019-12-04,2354
REST001516,Restaurant_1516,Hyderabad,Hyderabad_Locality_16,Cafe,Mughlai,1.1,10:00,23:00,727,4.0,2681,3.6,392,3.8,687,Mid-Range,30,30,26,31,22.0,19.0,14,14,158,142,84665,79018,82295,76888,63.0,37.0,Swiggy Better,Rooftop; Outdoor Seating; Bar; AC; Family Friendly,5,True,True,False,2018-06-09,2897
REST001517,Restaurant_1517,Hyderabad,Hyderabad_Locality_4,Fine Dine,Chinese,3.8,11:00,23:00,2770,4.8,3374,3.9,4186,4.35,666,Mid-Range,39,39,41,24,14.0,14.0,33,14,198,161,113406,92214,109545,89074,47.0,53.0,Swiggy Better,Alcohol; Takeaway; WiFi; Outdoor Seating; Dine-in; Family Friendly; AC; Private Room,8,False,True,False,2025-10-17,210
REST001518,Restaurant_1518,Hyderabad,Hyderabad_Locality_14,Food Truck,Chinese; Cafe,5.7,08:00,22:00,1964,3.5,3839,3.7,3216,3.6,991,Premium,48,48,35,28,18.0,20.0,6,10,106,112,86137,88793,83593,86105,51.0,49.0,Zomato Better,Dine-in; Rooftop; Family Friendly,3,False,True,False,2025-05-21,359
REST001519,Restaurant_1519,Hyderabad,Hyderabad_Locality_1,QSR (Quick Service),Italian; Japanese,0.6,10:00,23:00,1868,4.1,3022,4.3,2980,4.2,1085,Premium,30,30,20,28,20.0,22.0,23,23,231,243,200508,205650,197043,202005,54.0,46.0,Zomato Better,Outdoor Seating; Bar; Takeaway; Vegan Options; Smoking Area; Dessert Bar,6,True,False,True,2019-09-18,2431
REST001520,Restaurant_1520,Hyderabad,Hyderabad_Locality_19,QSR (Quick Service),Bakery,12.0,09:00,22:00,483,3.8,2988,4.1,3985,3.95,1245,Luxury,80,80,49,54,22.0,19.0,5,13,182,196,176740,197656,169460,189816,62.0,38.0,Zomato Better,Dessert Bar; Rooftop; Dine-in; Parking,4,False,False,False,2018-07-28,2848
REST001521,Restaurant_1521,Hyderabad,Hyderabad_Locality_18,Cafe,Mediterranean,14.8,07:00,22:00,2239,4.3,2813,4.6,3327,4.45,414,Mid-Range,94,94,57,55,17.0,20.0,11,24,202,216,69411,71539,59917,61387,47.0,53.0,Zomato Better,Family Friendly; Private Room; Dessert Bar; Dine-in; Takeaway,5,False,True,True,2018-03-29,2969
REST001522,Restaurant_1522,Hyderabad,Hyderabad_Locality_8,Cafe,Lebanese,7.1,09:00,23:00,957,3.4,875,3.4,2615,3.4,402,Mid-Range,55,55,30,45,20.0,19.0,14,11,138,138,44380,44935,40585,41140,60.0,40.0,Zomato Better,Alcohol; Private Room; AC; Bar; Live Music,5,False,True,False,2024-10-19,573
REST001523,Restaurant_1523,Hyderabad,Hyderabad_Locality_7,Casual Dining,Mediterranean,13.9,07:00,22:00,3345,4.4,2955,4.7,386,4.55,1275,Luxury,89,89,63,52,19.0,21.0,24,16,288,308,297432,310233,284616,296527,46.0,54.0,Zomato Better,Private Room; Alcohol; Family Friendly; Takeaway; Smoking Area; Live Music; WiFi; Bar,8,True,True,True,2019-02-11,2650
REST001524,Restaurant_1524,Hyderabad,Hyderabad_Locality_10,Cloud Kitchen,Mediterranean,8.0,12:00,22:00,1016,4.6,2276,3.8,3537,4.2,276,Budget,60,60,42,50,26.0,22.0,37,14,314,259,64131,55757,54711,47987,72.0,28.0,Swiggy Better,Private Room; Dessert Bar; Family Friendly; Dine-in; AC; WiFi; Live Music; Rooftop,8,False,True,False,2023-02-05,1195
REST001525,Restaurant_1525,Hyderabad,Hyderabad_Locality_11,Cloud Kitchen,Vietnamese; Lebanese,11.3,08:00,22:00,3394,4.0,4012,4.1,4349,4.05,1331,Luxury,76,76,57,49,24.0,28.0,10,11,351,360,355057,344995,341719,331315,64.0,36.0,Swiggy Better,Smoking Area; Dessert Bar; Rooftop; Dine-in; Takeaway,5,False,False,False,2022-08-09,1375
REST001526,Restaurant_1526,Hyderabad,Hyderabad_Locality_1,Cloud Kitchen,Bakery; Thai,8.4,10:00,23:00,767,4.2,1358,4.0,4117,4.1,816,Premium,62,62,42,36,23.0,22.0,14,21,278,265,174672,168667,166054,160452,62.0,38.0,Swiggy Better,Parking; Private Room; Smoking Area,3,True,True,False,2024-03-04,802
REST001527,Restaurant_1527,Hyderabad,Hyderabad_Locality_3,Casual Dining,Desserts,12.1,11:00,23:00,2294,3.5,2840,3.0,120,3.25,890,Premium,80,80,59,59,21.0,22.0,15,9,206,177,144838,122873,136598,115793,49.0,51.0,Swiggy Better,Alcohol; Dine-in; Parking,3,True,False,True,2025-02-22,447
REST001528,Restaurant_1528,Hyderabad,Hyderabad_Locality_2,Fine Dine,North Indian,14.7,09:00,22:00,3040,3.7,1753,4.5,1781,4.1,465,Mid-Range,93,93,46,55,17.0,15.0,14,28,157,191,60594,75492,53293,66611,42.0,58.0,Zomato Better,Live Music; Alcohol; Family Friendly; Vegan Options; Smoking Area; Dine-in,6,True,False,True,2024-04-16,759
REST001529,Restaurant_1529,Hyderabad,Hyderabad_Locality_2,Food Truck,South Indian,5.8,10:00,22:00,843,3.8,1018,4.1,1677,3.95,1127,Premium,49,49,39,45,18.0,19.0,6,17,101,109,93338,99502,90863,96832,57.0,43.0,Zomato Better,AC; Vegan Options; WiFi; Live Music; Smoking Area; Rooftop,6,True,False,True,2022-05-13,1463
REST001530,Restaurant_1530,Hyderabad,Hyderabad_Locality_11,Fine Dine,Biryani,10.5,09:00,23:00,2471,4.5,971,3.9,3025,4.2,214,Budget,72,72,46,39,17.0,14.0,27,15,180,156,31971,28710,25491,23094,55.0,45.0,Swiggy Better,Alcohol; Family Friendly; Vegan Options,3,False,False,True,2017-07-12,3229
REST001531,Restaurant_1531,Hyderabad,Hyderabad_Locality_7,Casual Dining,Biryani; Continental,0.6,08:00,22:00,667,4.2,4312,3.4,1970,3.8,362,Mid-Range,30,30,23,22,19.0,21.0,14,12,206,166,60403,47472,57313,44982,52.0,48.0,Swiggy Better,WiFi; Dine-in; Private Room,3,False,True,False,2017-08-07,3203
REST001532,Restaurant_1532,Hyderabad,Hyderabad_Locality_15,Cloud Kitchen,Mexican,1.1,12:00,22:00,2076,3.5,3811,4.4,2586,3.95,1126,Premium,30,30,26,20,23.0,25.0,10,16,269,339,233228,286285,229193,281200,74.0,26.0,Zomato Better,Live Music; Alcohol; Dine-in; Private Room; Bar; Outdoor Seating,6,True,True,True,2016-05-21,3646
REST001533,Restaurant_1533,Hyderabad,Hyderabad_Locality_20,Food Truck,Street Food,12.1,11:00,22:00,2408,3.9,3833,4.5,2974,4.2,353,Mid-Range,80,80,38,47,17.0,20.0,15,40,124,143,36330,40383,31370,34663,48.0,52.0,Zomato Better,Private Room; Live Music; AC; Family Friendly; Alcohol; Outdoor Seating,6,True,False,False,2020-03-07,2260
REST001534,Restaurant_1534,Hyderabad,Hyderabad_Locality_13,Fine Dine,North Indian,12.9,12:00,22:00,2095,4.2,4826,3.8,394,4.0,788,Premium,84,84,50,47,16.0,14.0,10,11,162,146,107231,98941,100427,92809,43.0,57.0,Swiggy Better,Rooftop; Takeaway; Dessert Bar; Family Friendly; Vegan Options; Outdoor Seating; Smoking Area,7,False,True,False,2018-10-27,2757
REST001535,Restaurant_1535,Hyderabad,Hyderabad_Locality_4,Food Truck,Street Food,1.1,11:00,22:00,285,3.9,4483,4.6,2842,4.25,679,Mid-Range,30,30,26,33,20.0,23.0,9,37,97,114,52690,59602,51235,57892,54.0,46.0,Zomato Better,Live Music; WiFi; AC; Parking,4,False,False,True,2018-01-12,3045
REST001536,Restaurant_1536,Hyderabad,Hyderabad_Locality_7,Cloud Kitchen,South Indian,1.5,12:00,22:00,2095,3.6,3409,4.2,2448,3.9,264,Budget,30,30,24,34,25.0,26.0,8,10,277,324,54846,63296,50691,58436,73.0,27.0,Zomato Better,Family Friendly; Bar; Alcohol; Dine-in; Live Music; Smoking Area; Rooftop,7,True,False,True,2018-05-16,2921
REST001537,Restaurant_1537,Hyderabad,Hyderabad_Locality_17,Cloud Kitchen,Italian,8.1,09:00,22:00,124,3.5,3996,4.9,4437,4.2,1453,Luxury,60,60,46,45,26.0,24.0,7,23,213,298,229021,329075,222631,320135,64.0,36.0,Zomato Better,Dessert Bar; Parking; AC; Outdoor Seating; WiFi; Family Friendly,6,False,False,True,2023-07-12,1038
REST001538,Restaurant_1538,Hyderabad,Hyderabad_Locality_15,Fine Dine,Multi-Cuisine; Fast Food,3.8,07:00,23:00,3336,3.7,3356,3.6,3571,3.65,426,Mid-Range,39,39,36,33,17.0,15.0,11,9,161,157,56926,56849,53786,53788,40.0,60.0,Zomato Better,Rooftop; Takeaway; Parking,3,False,False,False,2022-12-27,1235
REST001539,Restaurant_1539,Hyderabad,Hyderabad_Locality_20,Cloud Kitchen,Continental,10.6,12:00,23:00,2123,4.2,1035,3.7,2599,3.95,853,Premium,73,73,44,42,25.0,25.0,24,7,325,286,207918,182968,196056,172529,60.0,40.0,Swiggy Better,Outdoor Seating; Vegan Options; Private Room; Dine-in; Family Friendly; Smoking Area; Rooftop,7,False,False,False,2019-05-20,2552
REST001540,Restaurant_1540,Hyderabad,Hyderabad_Locality_11,Fine Dine,Mexican; Italian,14.8,07:00,22:00,1094,3.6,1921,4.0,4573,3.8,983,Premium,94,94,51,49,16.0,17.0,13,22,124,137,102389,111776,96561,105337,55.0,45.0,Zomato Better,Outdoor Seating; Parking; Dessert Bar; WiFi,4,False,False,False,2024-03-12,794
REST001541,Restaurant_1541,Hyderabad,Hyderabad_Locality_12,Cloud Kitchen,Chinese,6.3,09:00,22:00,2066,3.7,4029,3.9,658,3.8,775,Premium,51,51,40,31,25.0,26.0,5,15,284,300,165075,172050,157833,164400,63.0,37.0,Zomato Better,Dine-in; Smoking Area; Bar; Takeaway; Outdoor Seating; AC,6,False,False,False,2016-09-11,3533
REST001542,Restaurant_1542,Hyderabad,Hyderabad_Locality_14,Cafe,South Indian,1.6,07:00,22:00,2507,4.5,3530,4.0,3223,4.25,878,Premium,30,30,31,22,19.0,19.0,27,11,217,193,154326,137257,151071,134362,51.0,49.0,Swiggy Better,Takeaway; Family Friendly; Alcohol,3,False,False,False,2024-10-29,563
REST001543,Restaurant_1543,Hyderabad,Hyderabad_Locality_6,Cafe,Seafood; Lebanese,12.2,12:00,23:00,47,4.3,2794,4.6,4514,4.45,1318,Luxury,81,81,38,48,22.0,17.0,16,25,155,166,159346,181594,153068,174871,59.0,41.0,Zomato Better,AC; Smoking Area; Parking,3,False,True,False,2025-10-10,217
REST001544,Restaurant_1544,Hyderabad,Hyderabad_Locality_13,Fine Dine,Lebanese,11.4,07:00,23:00,299,4.5,2081,4.3,17,4.4,1459,Luxury,77,77,48,48,14.0,13.0,34,11,140,134,175663,170090,170273,164931,40.0,60.0,Swiggy Better,Live Music; WiFi; Vegan Options; Dessert Bar; Private Room,5,False,False,False,2024-09-18,604
REST001545,Restaurant_1545,Hyderabad,Hyderabad_Locality_11,Cafe,Biryani; South Indian,14.6,10:00,23:00,1195,3.9,679,3.7,3378,3.8,180,Budget,93,93,56,58,19.0,21.0,13,13,163,155,23765,22041,16185,14833,56.0,44.0,Swiggy Better,Family Friendly; Parking; Private Room; Vegan Options; Dessert Bar; Alcohol; Smoking Area; Rooftop,8,True,True,True,2023-05-15,1096
REST001546,Restaurant_1546,Hyderabad,Hyderabad_Locality_17,Cafe,Pan-Asian; Fast Food,11.2,08:00,22:00,3472,4.8,3281,4.2,2252,4.5,623,Mid-Range,76,76,54,48,23.0,21.0,35,24,254,223,121846,109753,112194,101279,58.0,42.0,Swiggy Better,WiFi; Smoking Area; Dessert Bar; Private Room; Live Music; Rooftop; Outdoor Seating; Bar,8,False,False,False,2020-05-25,2181
REST001547,Restaurant_1547,Hyderabad,Hyderabad_Locality_10,Cloud Kitchen,Lebanese; South Indian,15.0,10:00,22:00,1965,4.0,3232,4.6,2254,4.3,1420,Luxury,95,95,46,56,27.0,23.0,19,23,304,350,315126,382690,300686,366065,71.0,29.0,Zomato Better,Rooftop; Dine-in; AC; Family Friendly; Dessert Bar; Takeaway; Private Room,7,True,False,False,2020-01-08,2319
REST001548,Restaurant_1548,Hyderabad,Hyderabad_Locality_19,QSR (Quick Service),Fast Food; Fast Food,8.8,10:00,23:00,300,4.1,1047,4.2,3480,4.15,878,Premium,64,64,29,42,22.0,23.0,15,19,192,196,131489,132507,125345,126235,54.0,46.0,Zomato Better,Vegan Options; Takeaway; Dine-in; Parking; Dessert Bar; Bar; Family Friendly,7,True,False,False,2017-09-08,3171
REST001549,Restaurant_1549,Hyderabad,Hyderabad_Locality_13,Casual Dining,Desserts; Pan-Asian,5.6,12:00,22:00,509,4.3,1685,4.0,2182,4.15,713,Premium,48,48,45,39,20.0,17.0,16,12,206,192,117502,113623,112558,109015,50.0,50.0,Swiggy Better,Live Music; Vegan Options; Parking; Private Room; Dessert Bar; WiFi; Smoking Area; Rooftop,8,False,False,False,2016-09-05,3539
REST001550,Restaurant_1550,Hyderabad,Hyderabad_Locality_4,Food Truck,North Indian; Bakery,2.8,07:00,22:00,699,4.1,2537,3.8,1256,3.95,343,Mid-Range,33,33,36,29,19.0,20.0,16,12,107,99,29727,27165,27962,25532,51.0,49.0,Swiggy Better,Family Friendly; Dine-in; Smoking Area; Private Room; Parking; Bar; Rooftop; Vegan Options,8,False,True,False,2019-02-16,2645
REST001551,Restaurant_1551,Hyderabad,Hyderabad_Locality_15,Casual Dining,Mediterranean; Fast Food,6.4,12:00,22:00,1075,4.2,1262,4.3,37,4.25,1165,Premium,52,52,36,36,17.0,20.0,17,12,216,221,208861,205972,203245,200226,51.0,49.0,Swiggy Better,Smoking Area; Alcohol; Family Friendly; Rooftop; Dessert Bar; Parking; Outdoor Seating,7,True,False,True,2016-11-30,3453
REST001552,Restaurant_1552,Hyderabad,Hyderabad_Locality_10,Cloud Kitchen,Korean; Thai,5.7,07:00,22:00,1126,4.9,3715,3.9,4668,4.4,464,Mid-Range,48,48,31,35,26.0,23.0,31,6,339,270,116399,96465,108263,89985,58.0,42.0,Swiggy Better,Vegan Options; Bar; Smoking Area; Parking; Outdoor Seating,5,False,False,False,2021-04-13,1858
REST001553,Restaurant_1553,Hyderabad,Hyderabad_Locality_7,Fine Dine,Pan-Asian; Cafe,14.4,12:00,23:00,319,3.4,593,3.7,1756,3.55,1463,Luxury,92,92,52,59,17.0,16.0,11,6,106,115,128714,141325,123838,136035,53.0,47.0,Zomato Better,AC; Parking; Dessert Bar; Dine-in; Outdoor Seating; Takeaway,6,True,True,True,2017-06-22,3249
REST001554,Restaurant_1554,Hyderabad,Hyderabad_Locality_10,Casual Dining,Multi-Cuisine,10.1,11:00,23:00,3188,4.6,3811,3.5,472,4.05,160,Budget,70,70,40,50,18.0,22.0,21,15,297,226,38966,28204,28571,20294,54.0,46.0,Swiggy Better,Live Music; Takeaway; Vegan Options; Bar; Dine-in; Parking,6,True,False,False,2016-12-05,3448
REST001555,Restaurant_1555,Hyderabad,Hyderabad_Locality_18,Food Truck,Bakery,7.3,12:00,22:00,2387,3.8,4089,3.1,2360,3.45,938,Premium,56,56,40,36,21.0,20.0,8,6,121,98,89663,73539,86275,70795,63.0,37.0,Swiggy Better,Bar; Parking; Outdoor Seating,3,False,True,False,2020-03-30,2237
REST001556,Restaurant_1556,Hyderabad,Hyderabad_Locality_11,Casual Dining,Biryani,7.0,12:00,22:00,819,3.8,2066,4.5,4996,4.15,698,Mid-Range,55,55,42,30,20.0,21.0,10,38,190,225,106096,124069,100871,117882,49.0,51.0,Zomato Better,AC; Outdoor Seating; Dessert Bar; WiFi; Rooftop; Live Music; Alcohol; Bar,8,True,True,False,2017-09-08,3171
REST001557,Restaurant_1557,Hyderabad,Hyderabad_Locality_12,Cloud Kitchen,Biryani,7.0,12:00,23:00,966,4.0,3652,4.0,491,4.0,806,Premium,55,55,34,29,23.0,27.0,10,16,271,271,168188,159450,160735,151998,58.0,42.0,Swiggy Better,Dessert Bar; Alcohol; AC,3,False,True,False,2026-01-28,107
REST001558,Restaurant_1558,Hyderabad,Hyderabad_Locality_9,QSR (Quick Service),Korean,12.5,10:00,23:00,1558,4.2,3353,4.0,3306,4.1,1090,Premium,82,82,46,41,21.0,17.0,18,17,229,218,197191,197224,187802,188286,64.0,36.0,Zomato Better,Dine-in; Rooftop; Takeaway; Smoking Area; Outdoor Seating,5,False,False,False,2022-06-14,1431
REST001559,Restaurant_1559,Hyderabad,Hyderabad_Locality_14,Cloud Kitchen,Seafood,12.7,10:00,23:00,3495,4.0,1150,3.2,4826,3.6,1466,Luxury,83,83,37,52,22.0,22.0,20,14,354,283,404791,323604,390100,311860,57.0,43.0,Swiggy Better,Rooftop; Smoking Area; Private Room,3,True,True,True,2023-07-22,1028
REST001560,Restaurant_1560,Hyderabad,Hyderabad_Locality_6,Food Truck,Seafood; Mexican,2.2,10:00,22:00,2909,4.5,3083,3.4,2749,3.95,601,Mid-Range,31,31,35,20,22.0,17.0,26,9,151,114,70785,56866,68445,55099,49.0,51.0,Swiggy Better,Alcohol; Vegan Options; Dine-in; Family Friendly,4,True,False,True,2024-08-13,640
REST001561,Restaurant_1561,Hyderabad,Hyderabad_Locality_4,Fine Dine,Korean; Mediterranean,5.6,10:00,22:00,260,4.1,3271,3.9,1007,4.0,963,Premium,48,48,33,34,15.0,14.0,11,9,127,121,103955,100209,100907,97305,53.0,47.0,Swiggy Better,Takeaway; Family Friendly; Dessert Bar,3,False,False,False,2019-06-18,2523
REST001562,Restaurant_1562,Hyderabad,Hyderabad_Locality_19,Cafe,Bakery,14.7,10:00,22:00,1719,3.5,408,3.8,4511,3.65,1094,Premium,93,93,53,59,18.0,21.0,13,8,155,169,139047,146059,131839,138201,46.0,54.0,Zomato Better,Alcohol; Dessert Bar; Rooftop,3,False,False,False,2018-04-21,2946
REST001563,Restaurant_1563,Hyderabad,Hyderabad_Locality_17,Cloud Kitchen,Korean,2.7,08:00,23:00,3215,3.8,4360,4.3,3218,4.05,1251,Luxury,33,33,23,15,24.0,25.0,8,10,328,371,311849,348090,306437,341969,64.0,36.0,Zomato Better,Vegan Options; Bar; Family Friendly,3,True,False,False,2023-05-27,1084
REST001564,Restaurant_1564,Hyderabad,Hyderabad_Locality_4,QSR (Quick Service),Korean; North Indian,12.3,08:00,23:00,826,3.8,729,4.1,547,3.95,820,Premium,81,81,43,55,17.0,17.0,7,15,190,205,129314,139523,121619,131220,55.0,45.0,Zomato Better,Rooftop; Private Room; AC; WiFi; Vegan Options,5,True,True,True,2021-04-01,1870
REST001565,Restaurant_1565,Hyderabad,Hyderabad_Locality_9,Cloud Kitchen,Mughlai,10.2,12:00,22:00,716,3.8,4679,3.7,3354,3.75,1458,Luxury,71,71,46,59,23.0,27.0,14,6,250,243,280665,258634,271790,250008,57.0,43.0,Swiggy Better,Takeaway; Alcohol; Bar; Smoking Area; Live Music,5,False,True,False,2025-12-29,137
REST001566,Restaurant_1566,Hyderabad,Hyderabad_Locality_14,Cloud Kitchen,Vietnamese,11.1,11:00,23:00,1182,4.3,4485,4.1,541,4.2,822,Premium,75,75,54,52,27.0,25.0,12,12,299,285,179417,175702,168205,165015,67.0,33.0,Swiggy Better,Dessert Bar; Outdoor Seating; AC; Alcohol; Vegan Options; Dine-in; Smoking Area,7,False,True,False,2019-02-08,2653
REST001567,Restaurant_1567,Hyderabad,Hyderabad_Locality_10,Food Truck,Chinese; Seafood,13.0,12:00,23:00,1786,4.3,852,3.7,3916,4.0,1105,Premium,85,85,47,42,23.0,19.0,25,5,128,110,108908,98455,103468,93780,51.0,49.0,Swiggy Better,Dine-in; Parking; Bar; Alcohol; Private Room; Rooftop; Outdoor Seating,7,False,True,False,2023-06-06,1074
REST001568,Restaurant_1568,Hyderabad,Hyderabad_Locality_11,Cloud Kitchen,Biryani,10.7,09:00,22:00,753,4.1,694,4.0,3004,4.05,282,Budget,73,73,46,40,25.0,26.0,23,15,271,264,57316,55091,47425,45455,63.0,37.0,Swiggy Better,Dessert Bar; WiFi; Vegan Options; Private Room,4,False,False,True,2023-04-30,1111
REST001569,Restaurant_1569,Hyderabad,Hyderabad_Locality_12,Food Truck,Desserts,13.0,08:00,23:00,897,4.5,687,4.2,92,4.35,429,Mid-Range,85,85,56,44,19.0,21.0,24,7,121,113,42046,38296,36903,33494,50.0,50.0,Swiggy Better,Smoking Area; Rooftop; Family Friendly; Bar; Private Room; Dine-in,6,False,False,True,2016-10-02,3512
REST001570,Restaurant_1570,Hyderabad,Hyderabad_Locality_20,Cloud Kitchen,Thai,10.1,12:00,23:00,1506,3.9,2107,4.6,4419,4.25,522,Mid-Range,70,70,50,48,23.0,26.0,10,35,282,332,113347,128244,103477,116624,55.0,45.0,Zomato Better,Vegan Options; WiFi; Rooftop; Takeaway; Dessert Bar; Parking,6,True,True,False,2019-04-22,2580
REST001571,Restaurant_1571,Hyderabad,Hyderabad_Locality_7,QSR (Quick Service),Cafe,7.3,11:00,22:00,87,3.8,3801,3.8,2628,3.8,491,Mid-Range,56,56,40,36,18.0,19.0,9,7,173,173,69653,68803,64809,63959,65.0,35.0,Swiggy Better,Bar; Live Music; Vegan Options,3,False,False,False,2017-05-30,3272
REST001572,Restaurant_1572,Hyderabad,Hyderabad_Locality_1,QSR (Quick Service),Mexican,7.6,09:00,22:00,942,4.6,2678,4.0,2681,4.3,1221,Luxury,58,58,50,43,18.0,22.0,21,25,233,203,233284,193333,226527,187446,61.0,39.0,Swiggy Better,Alcohol; Outdoor Seating; Smoking Area; AC; Private Room; Parking; Vegan Options; Family Friendly,8,True,True,False,2016-07-24,3582
REST001573,Restaurant_1573,Hyderabad,Hyderabad_Locality_12,Fine Dine,Mexican; Fast Food,13.1,12:00,22:00,1926,3.6,3018,4.3,2894,3.95,1252,Luxury,85,85,56,56,17.0,18.0,15,12,136,163,141325,167342,135545,160414,46.0,54.0,Zomato Better,Family Friendly; Parking; Dine-in; Takeaway; Bar; Private Room,6,True,True,False,2019-02-27,2634
REST001574,Restaurant_1574,Hyderabad,Hyderabad_Locality_10,Cafe,North Indian; Bakery,11.6,09:00,23:00,3427,3.6,3120,4.1,4473,3.85,1193,Premium,78,78,46,43,18.0,23.0,14,25,190,216,185869,198419,178459,189995,60.0,40.0,Zomato Better,Alcohol; Dine-in; Rooftop,3,False,True,True,2020-08-12,2102
REST001575,Restaurant_1575,Hyderabad,Hyderabad_Locality_3,Food Truck,Korean,12.1,08:00,22:00,2915,4.8,3207,3.9,2714,4.35,1077,Premium,80,80,47,44,21.0,22.0,32,9,161,130,136983,109207,130543,104007,49.0,51.0,Swiggy Better,Parking; Takeaway; Outdoor Seating; Dessert Bar; Smoking Area,5,False,True,True,2024-05-23,722
REST001576,Restaurant_1576,Hyderabad,Hyderabad_Locality_7,Fine Dine,Japanese; Biryani,11.9,10:00,23:00,3190,3.7,1087,3.4,4827,3.55,1308,Luxury,79,79,46,44,12.0,12.0,15,11,159,146,183015,168051,176734,162284,43.0,57.0,Swiggy Better,Smoking Area; Bar; AC,3,True,False,True,2022-06-23,1422
REST001577,Restaurant_1577,Hyderabad,Hyderabad_Locality_7,Fine Dine,Mediterranean; Thai,8.0,11:00,22:00,652,4.2,4779,4.1,4239,4.15,923,Premium,60,60,48,41,14.0,15.0,13,11,137,133,108747,104345,104637,100355,47.0,53.0,Swiggy Better,AC; Dessert Bar; Live Music; Private Room,4,True,False,False,2022-01-24,1572
REST001578,Restaurant_1578,Hyderabad,Hyderabad_Locality_11,Cafe,Lebanese; Fast Food,9.6,11:00,23:00,2842,3.9,1765,3.9,2624,3.9,494,Mid-Range,68,68,38,42,22.0,17.0,13,13,195,195,75137,79953,68507,73323,57.0,43.0,Zomato Better,Smoking Area; AC; Rooftop; Dine-in; Alcohol; Takeaway; Vegan Options,7,True,False,False,2025-03-04,437
REST001579,Restaurant_1579,Hyderabad,Hyderabad_Locality_13,Food Truck,Fast Food; Bakery,0.9,10:00,22:00,3224,3.6,4584,4.0,4151,3.8,736,Premium,30,30,26,35,22.0,18.0,6,16,124,138,71185,83285,69325,81215,49.0,51.0,Zomato Better,AC; Private Room; Rooftop; Bar,4,False,False,False,2016-09-18,3526
REST001580,Restaurant_1580,Hyderabad,Hyderabad_Locality_3,Casual Dining,Japanese; Cafe,10.9,12:00,22:00,340,4.1,2443,3.7,1981,3.9,245,Budget,74,74,48,32,20.0,23.0,22,13,193,174,37828,32825,30687,26387,49.0,51.0,Swiggy Better,Rooftop; WiFi; Outdoor Seating; Takeaway; Alcohol; Bar; Dessert Bar; Dine-in,8,True,False,False,2023-02-27,1173
REST001581,Restaurant_1581,Hyderabad,Hyderabad_Locality_8,Casual Dining,Vietnamese,2.0,10:00,23:00,683,3.7,3185,3.7,70,3.7,594,Mid-Range,30,30,36,31,17.0,20.0,12,5,182,182,89729,86486,86999,83756,42.0,58.0,Swiggy Better,Outdoor Seating; Bar; Live Music; Smoking Area; Family Friendly,5,False,True,True,2016-07-01,3605
REST001582,Restaurant_1582,Hyderabad,Hyderabad_Locality_1,Food Truck,Mughlai; Fast Food,6.5,09:00,22:00,129,3.8,3725,4.1,1381,3.95,961,Premium,52,52,46,43,20.0,18.0,5,10,92,100,70729,78802,68337,76202,47.0,53.0,Zomato Better,Family Friendly; Vegan Options; Dessert Bar,3,True,False,True,2025-07-26,293
REST001583,Restaurant_1583,Hyderabad,Hyderabad_Locality_7,Cloud Kitchen,Lebanese,8.4,07:00,22:00,103,3.5,1456,3.2,254,3.35,1308,Luxury,62,62,38,36,27.0,24.0,6,9,212,194,202426,192851,195854,186837,72.0,28.0,Swiggy Better,Vegan Options; AC; Takeaway; Bar; Live Music; Private Room,6,True,False,True,2020-09-25,2058
REST001584,Restaurant_1584,Hyderabad,Hyderabad_Locality_10,Cloud Kitchen,Fast Food,5.8,12:00,22:00,2881,3.3,1686,4.3,2884,3.8,618,Mid-Range,49,49,36,39,28.0,26.0,11,14,276,359,122808,164177,116046,155382,56.0,44.0,Zomato Better,Takeaway; Dine-in; WiFi; Vegan Options; Rooftop,5,False,True,True,2020-11-05,2017
REST001585,Restaurant_1585,Hyderabad,Hyderabad_Locality_4,Fine Dine,Pan-Asian; Mughlai,3.5,08:00,22:00,2723,3.6,461,3.8,4814,3.7,456,Mid-Range,37,37,31,32,16.0,13.0,14,15,148,156,56689,61888,53951,59002,45.0,55.0,Zomato Better,AC; Smoking Area; Parking; Live Music; Bar; Vegan Options; Dine-in; Dessert Bar,8,False,True,False,2018-11-16,2737
REST001586,Restaurant_1586,Hyderabad,Hyderabad_Locality_20,Cloud Kitchen,Desserts,2.0,11:00,22:00,1341,4.0,4537,3.9,2454,3.95,358,Mid-Range,30,30,23,33,22.0,26.0,23,13,284,276,79304,73117,75044,68977,65.0,35.0,Swiggy Better,Dessert Bar; Takeaway; WiFi; AC,4,False,True,True,2016-12-22,3431
REST001587,Restaurant_1587,Hyderabad,Hyderabad_Locality_12,Casual Dining,Korean,13.1,11:00,23:00,1507,3.5,1331,4.4,490,3.95,350,Mid-Range,85,85,42,51,17.0,18.0,5,13,190,238,55195,68306,47120,58191,54.0,46.0,Zomato Better,Parking; Takeaway; Vegan Options; Alcohol; Bar; Rooftop,6,True,False,True,2017-12-11,3077
REST001588,Restaurant_1588,Hyderabad,Hyderabad_Locality_2,Food Truck,Italian; Pan-Asian,7.1,07:00,22:00,1437,3.3,3886,4.6,2912,3.95,192,Budget,55,55,38,41,18.0,18.0,15,36,94,132,14799,20782,12214,17152,53.0,47.0,Zomato Better,WiFi; Live Music; Bar; Vegan Options; Dessert Bar; AC; Parking; Rooftop,8,False,True,True,2026-03-05,71
REST001589,Restaurant_1589,Hyderabad,Hyderabad_Locality_16,Fine Dine,Desserts; Japanese,1.7,08:00,23:00,152,4.1,2339,3.6,4006,3.85,921,Premium,30,30,28,26,13.0,18.0,25,6,125,110,100158,83074,98283,81424,44.0,56.0,Swiggy Better,Smoking Area; Vegan Options; Family Friendly; WiFi; Parking; Live Music; Takeaway; Bar,8,False,False,True,2022-04-22,1484
REST001590,Restaurant_1590,Hyderabad,Hyderabad_Locality_20,Food Truck,South Indian,13.5,12:00,23:00,1777,3.9,2591,4.2,3489,4.05,670,Mid-Range,87,87,55,56,19.0,19.0,6,11,116,125,62953,67837,57907,62400,48.0,52.0,Zomato Better,Dine-in; Vegan Options; Alcohol; Outdoor Seating; WiFi; Parking; Smoking Area,7,True,False,False,2018-04-30,2937
REST001591,Restaurant_1591,Hyderabad,Hyderabad_Locality_5,Cafe,Seafood,12.6,07:00,23:00,1743,3.9,3515,4.4,114,4.15,492,Mid-Range,83,83,51,52,22.0,21.0,6,8,173,196,66390,76181,59210,68047,51.0,49.0,Zomato Better,Bar; Takeaway; Family Friendly; AC; Outdoor Seating,5,True,True,False,2019-10-30,2389
REST001592,Restaurant_1592,Hyderabad,Hyderabad_Locality_9,QSR (Quick Service),Chinese,10.3,10:00,22:00,424,4.4,306,3.9,2885,4.15,1275,Luxury,71,71,45,48,18.0,18.0,22,14,209,185,218509,193417,211090,186850,47.0,53.0,Swiggy Better,Smoking Area; Takeaway; Dine-in; Alcohol; Outdoor Seating; Vegan Options; AC; Parking,8,False,True,True,2024-10-03,589
REST001593,Restaurant_1593,Hyderabad,Hyderabad_Locality_14,Cloud Kitchen,Seafood,12.6,10:00,23:00,1994,3.3,3142,4.2,1399,3.75,827,Premium,83,83,55,46,22.0,26.0,15,19,252,320,162555,195833,152097,182553,73.0,27.0,Zomato Better,Rooftop; Private Room; Vegan Options; Smoking Area,4,True,False,True,2021-01-12,1949
REST001594,Restaurant_1594,Hyderabad,Hyderabad_Locality_14,Food Truck,Korean; Thai,2.2,11:00,23:00,620,3.5,887,3.5,2065,3.5,638,Mid-Range,31,31,19,27,19.0,17.0,7,15,91,91,47026,48188,45616,46777,51.0,49.0,Zomato Better,Alcohol; Rooftop; AC; Parking; Vegan Options; Takeaway; Smoking Area; Dessert Bar,8,True,False,True,2024-03-16,790
REST001595,Restaurant_1595,Hyderabad,Hyderabad_Locality_7,Food Truck,South Indian; Mughlai,0.7,10:00,22:00,1803,4.5,4444,3.6,1853,4.05,258,Budget,30,30,27,37,18.0,20.0,35,12,134,107,28349,22084,26339,20479,51.0,49.0,Swiggy Better,Vegan Options; Outdoor Seating; Bar; Rooftop; Takeaway; Smoking Area,6,True,True,True,2022-08-09,1375
REST001596,Restaurant_1596,Hyderabad,Hyderabad_Locality_2,Cloud Kitchen,Italian,9.2,09:00,23:00,2016,3.6,210,4.5,3585,4.05,1360,Luxury,66,66,58,37,23.0,25.0,11,35,275,344,287980,350880,278905,339528,73.0,27.0,Zomato Better,Alcohol; Dessert Bar; WiFi; Live Music,4,True,False,False,2017-12-07,3081
REST001597,Restaurant_1597,Hyderabad,Hyderabad_Locality_11,Cloud Kitchen,Multi-Cuisine,9.2,11:00,22:00,1921,3.8,3360,3.9,1866,3.85,486,Mid-Range,66,66,42,39,28.0,25.0,5,8,287,295,100427,107527,90956,97792,74.0,26.0,Zomato Better,Private Room; Dessert Bar; Vegan Options; Takeaway; Rooftop; Dine-in; Parking; AC,8,False,False,True,2018-08-17,2828
REST001598,Restaurant_1598,Hyderabad,Hyderabad_Locality_7,QSR (Quick Service),Chinese; Seafood,0.8,10:00,22:00,1866,4.3,4163,4.4,3646,4.35,937,Premium,30,30,28,20,21.0,17.0,21,12,242,248,179135,192872,175505,189152,58.0,42.0,Zomato Better,Takeaway; Family Friendly; Rooftop; Dine-in; Outdoor Seating; WiFi; Dessert Bar,7,True,False,True,2017-11-19,3099
REST001599,Restaurant_1599,Hyderabad,Hyderabad_Locality_15,Cloud Kitchen,Desserts; Bakery,4.1,07:00,22:00,215,4.5,2162,3.9,1589,4.2,738,Premium,40,40,37,35,26.0,27.0,37,7,277,240,151275,129297,145735,124497,68.0,32.0,Swiggy Better,Takeaway; Smoking Area; Private Room; Bar; WiFi; Family Friendly,6,False,True,False,2026-01-02,133
REST001600,Restaurant_1600,Hyderabad,Hyderabad_Locality_16,Casual Dining,Desserts,13.3,08:00,23:00,3102,3.9,2661,4.3,2868,4.1,1005,Premium,86,86,55,47,18.0,21.0,11,20,250,275,206025,218336,195275,206511,54.0,46.0,Zomato Better,Outdoor Seating; AC; Private Room; Live Music; Family Friendly; Dine-in; Vegan Options,7,False,True,True,2020-02-19,2277
REST001601,Restaurant_1601,Hyderabad,Hyderabad_Locality_12,Fine Dine,Italian,7.4,07:00,23:00,3043,3.7,4262,4.3,4347,4.0,246,Budget,57,57,46,34,12.0,16.0,5,14,157,182,33987,37608,29512,32421,44.0,56.0,Zomato Better,WiFi; AC; Rooftop; Bar; Outdoor Seating,5,True,False,False,2025-07-21,298
REST001602,Restaurant_1602,Hyderabad,Hyderabad_Locality_18,Casual Dining,Desserts; South Indian,7.1,10:00,22:00,3159,4.5,777,4.2,4239,4.35,324,Mid-Range,55,55,43,49,21.0,18.0,20,19,290,270,74228,71733,66253,64308,51.0,49.0,Swiggy Better,Dine-in; Dessert Bar; Live Music; Smoking Area; Private Room,5,True,False,True,2019-12-03,2355
REST001603,Restaurant_1603,Hyderabad,Hyderabad_Locality_16,Cafe,Chinese,6.5,08:00,23:00,2408,4.2,3345,4.6,4556,4.4,346,Mid-Range,52,52,39,41,21.0,22.0,15,40,201,220,54941,59373,49715,53653,60.0,40.0,Zomato Better,Rooftop; Bar; Smoking Area; Alcohol; Takeaway; Private Room,6,True,False,True,2022-06-01,1444
REST001604,Restaurant_1604,Hyderabad,Hyderabad_Locality_17,Cafe,Korean,8.3,08:00,22:00,169,4.1,3353,4.4,430,4.25,1484,Luxury,61,61,42,47,21.0,22.0,24,22,151,162,177026,187518,172420,182577,46.0,54.0,Zomato Better,Outdoor Seating; Alcohol; Family Friendly,3,False,True,True,2020-12-29,1963
REST001605,Restaurant_1605,Hyderabad,Hyderabad_Locality_17,Cloud Kitchen,Biryani,1.5,12:00,22:00,1416,4.0,3948,4.2,4409,4.1,302,Mid-Range,30,30,30,33,26.0,23.0,20,17,286,300,63915,69762,59625,65262,60.0,40.0,Zomato Better,Rooftop; Alcohol; Outdoor Seating,3,True,False,True,2019-01-15,2677
REST001606,Restaurant_1606,Hyderabad,Hyderabad_Locality_8,QSR (Quick Service),Mexican,9.1,10:00,22:00,1033,4.0,1438,5.0,360,4.5,1048,Premium,65,65,45,46,18.0,21.0,20,23,205,256,176168,211947,169506,203627,55.0,45.0,Zomato Better,Private Room; Rooftop; Smoking Area; Outdoor Seating; Live Music; Dine-in; AC; Family Friendly,8,True,True,False,2018-09-03,2811
REST001607,Restaurant_1607,Hyderabad,Hyderabad_Locality_3,Cloud Kitchen,Multi-Cuisine,4.5,08:00,22:00,347,4.0,1308,4.4,314,4.2,1300,Luxury,42,42,35,38,25.0,25.0,22,15,251,276,244725,269100,239454,263304,61.0,39.0,Zomato Better,Private Room; Family Friendly; Alcohol; Dessert Bar,4,False,True,True,2020-11-28,1994
REST001608,Restaurant_1608,Hyderabad,Hyderabad_Locality_14,Casual Dining,Street Food,0.9,08:00,23:00,1733,3.6,3349,3.5,4575,3.55,1315,Luxury,30,30,27,25,20.0,17.0,11,14,200,194,210400,211741,207400,208831,45.0,55.0,Zomato Better,WiFi; Dessert Bar; Live Music; AC; Bar; Rooftop; Vegan Options,7,False,False,True,2021-08-14,1735
REST001609,Restaurant_1609,Hyderabad,Hyderabad_Locality_11,Food Truck,Desserts,7.5,12:00,23:00,2002,4.3,1141,3.8,2275,4.05,844,Premium,57,57,34,39,21.0,22.0,16,12,131,116,87345,76365,83612,73059,56.0,44.0,Swiggy Better,WiFi; Alcohol; Vegan Options; Outdoor Seating; Live Music,5,False,True,True,2023-02-15,1185
REST001610,Restaurant_1610,Hyderabad,Hyderabad_Locality_6,QSR (Quick Service),Desserts,5.6,10:00,23:00,3500,3.9,3937,3.8,4245,3.85,504,Mid-Range,48,48,29,30,20.0,17.0,11,6,259,252,104428,105416,98212,99368,57.0,43.0,Zomato Better,Dine-in; Live Music; Family Friendly; Bar; AC; Private Room; Outdoor Seating; WiFi,8,True,True,True,2016-12-07,3446
REST001611,Restaurant_1611,Hyderabad,Hyderabad_Locality_3,QSR (Quick Service),Bakery,9.6,11:00,22:00,1820,3.6,2623,4.0,994,3.8,181,Budget,68,68,35,42,22.0,20.0,5,25,202,224,28518,32435,21650,24819,47.0,53.0,Zomato Better,Bar; Alcohol; Live Music; Vegan Options; Rooftop; Takeaway; Dessert Bar; Outdoor Seating,8,False,True,False,2024-06-03,711
REST001612,Restaurant_1612,Hyderabad,Hyderabad_Locality_12,QSR (Quick Service),Korean,13.6,10:00,23:00,300,3.6,3899,4.1,2478,3.85,1217,Luxury,88,88,47,57,23.0,21.0,15,25,168,192,157431,184594,150039,176146,56.0,44.0,Zomato Better,Bar; Rooftop; Dine-in; Parking; AC; Private Room; Smoking Area; Alcohol,8,False,True,False,2020-06-02,2173
REST001613,Restaurant_1613,Hyderabad,Hyderabad_Locality_1,Fine Dine,South Indian,11.8,10:00,23:00,3087,4.2,557,3.6,2818,3.9,546,Mid-Range,79,79,53,48,17.0,13.0,19,10,179,153,81119,72678,74048,66634,46.0,54.0,Swiggy Better,Vegan Options; Family Friendly; Bar; Smoking Area; Takeaway; Alcohol,6,True,False,True,2023-11-25,902
REST001614,Restaurant_1614,Hyderabad,Hyderabad_Locality_11,Cafe,Mediterranean; Street Food,7.1,09:00,23:00,3499,3.9,4569,4.0,1570,3.95,699,Mid-Range,55,55,39,36,18.0,22.0,13,15,207,213,118648,116131,112955,110274,45.0,55.0,Swiggy Better,WiFi; Vegan Options; Bar; Private Room; AC; Rooftop; Dessert Bar; Alcohol,8,True,True,False,2020-07-11,2134
REST001615,Restaurant_1615,Hyderabad,Hyderabad_Locality_10,QSR (Quick Service),Thai,2.1,07:00,22:00,2649,3.8,2515,4.1,4322,3.95,1061,Premium,30,30,29,31,19.0,22.0,8,24,233,251,200242,207722,196747,203957,61.0,39.0,Zomato Better,Dine-in; Private Room; Outdoor Seating; Rooftop; Dessert Bar; Vegan Options; Live Music,7,True,False,True,2022-12-27,1235
REST001616,Restaurant_1616,Hyderabad,Hyderabad_Locality_7,Fine Dine,Biryani,4.5,12:00,23:00,3511,3.8,4897,4.4,260,4.1,233,Budget,42,42,29,34,17.0,17.0,12,14,168,195,32489,37711,28961,33616,46.0,54.0,Zomato Better,Dine-in; AC; Dessert Bar; Live Music,4,False,False,True,2021-04-12,1859
REST001617,Restaurant_1617,Hyderabad,Hyderabad_Locality_4,Cloud Kitchen,Chinese; Pan-Asian,14.5,09:00,22:00,245,4.0,3968,4.5,3120,4.25,1146,Premium,92,92,46,48,26.0,26.0,14,28,248,279,210313,236603,198905,223769,68.0,32.0,Zomato Better,AC; Family Friendly; Live Music; Private Room; Takeaway; Vegan Options; Smoking Area,7,False,False,False,2022-08-09,1375
REST001618,Restaurant_1618,Hyderabad,Hyderabad_Locality_20,Food Truck,Italian; North Indian,4.9,12:00,22:00,1111,4.4,2285,3.8,2452,4.1,566,Mid-Range,44,44,27,31,22.0,20.0,18,6,121,105,53419,47544,50757,45234,48.0,52.0,Swiggy Better,Dessert Bar; AC; Private Room; Family Friendly,4,False,False,False,2016-11-08,3475
REST001619,Restaurant_1619,Hyderabad,Hyderabad_Locality_16,Food Truck,North Indian,8.0,11:00,22:00,980,4.3,4427,4.0,1970,4.15,812,Premium,60,60,33,36,19.0,17.0,19,19,117,108,76953,72787,73443,69547,63.0,37.0,Swiggy Better,Family Friendly; WiFi; Outdoor Seating; Smoking Area; Dine-in,5,False,True,False,2022-03-24,1513
REST001620,Restaurant_1620,Hyderabad,Hyderabad_Locality_18,QSR (Quick Service),Mughlai; Multi-Cuisine,6.5,11:00,23:00,279,4.0,1346,4.7,4512,4.35,1123,Premium,52,52,37,39,18.0,21.0,13,28,186,219,171279,194290,166443,188596,51.0,49.0,Zomato Better,Rooftop; Dine-in; Live Music; Family Friendly; Alcohol; Outdoor Seating,6,True,True,False,2022-10-07,1316
REST001621,Restaurant_1621,Hyderabad,Hyderabad_Locality_1,Food Truck,Vietnamese; Italian,8.6,09:00,23:00,2679,4.0,3857,4.0,2944,4.0,210,Budget,63,63,47,46,18.0,22.0,15,20,131,131,22558,21457,18431,17331,58.0,42.0,Swiggy Better,Family Friendly; Private Room; Vegan Options; Smoking Area; WiFi; AC,6,True,True,False,2017-09-24,3155
REST001622,Restaurant_1622,Hyderabad,Hyderabad_Locality_6,Cloud Kitchen,Chinese,6.4,10:00,23:00,3024,4.8,1865,4.4,4611,4.6,953,Premium,52,52,39,43,28.0,23.0,33,14,407,373,279267,273711,268685,264013,60.0,40.0,Swiggy Better,Dessert Bar; Private Room; Vegan Options; Alcohol; AC,5,False,True,False,2019-06-13,2528
REST001623,Restaurant_1623,Hyderabad,Hyderabad_Locality_9,Cloud Kitchen,Mediterranean,8.7,07:00,23:00,1883,4.1,2045,4.3,2112,4.2,1303,Luxury,63,63,39,39,26.0,24.0,11,11,309,324,297943,320850,288210,310644,58.0,42.0,Zomato Better,Bar; Outdoor Seating; Alcohol,3,True,False,True,2020-08-05,2109
REST001624,Restaurant_1624,Hyderabad,Hyderabad_Locality_19,Food Truck,North Indian; Biryani,2.9,09:00,22:00,106,4.2,2376,3.7,2917,3.95,967,Premium,34,34,23,29,17.0,17.0,15,8,102,90,81866,72234,80132,70704,57.0,43.0,Swiggy Better,Takeaway; Rooftop; Parking; Outdoor Seating,4,False,True,True,2023-03-27,1145
REST001625,Restaurant_1625,Hyderabad,Hyderabad_Locality_17,QSR (Quick Service),Lebanese,10.5,08:00,23:00,2877,3.6,773,4.2,1439,3.9,1133,Premium,72,72,35,49,20.0,22.0,8,17,225,263,203940,232423,195840,222955,64.0,36.0,Zomato Better,Private Room; Parking; AC; Vegan Options,4,False,True,True,2026-01-24,111
REST001626,Restaurant_1626,Hyderabad,Hyderabad_Locality_11,Food Truck,Desserts,7.0,07:00,23:00,1579,4.4,1445,3.5,4722,3.95,895,Premium,55,55,43,40,18.0,20.0,12,15,128,102,93939,73032,90419,70227,46.0,54.0,Swiggy Better,Smoking Area; Family Friendly; Live Music; Dessert Bar; Outdoor Seating; AC; Parking; Bar,8,True,False,False,2019-03-04,2629
REST001627,Restaurant_1627,Hyderabad,Hyderabad_Locality_3,QSR (Quick Service),Pan-Asian,2.3,07:00,22:00,2729,4.0,3379,3.5,3737,3.75,505,Mid-Range,31,31,25,31,22.0,23.0,15,13,247,216,97293,83991,93464,80643,46.0,54.0,Swiggy Better,Takeaway; WiFi; Dessert Bar; Live Music; Parking; Bar; Rooftop,7,False,True,False,2022-06-11,1434
REST001628,Restaurant_1628,Hyderabad,Hyderabad_Locality_1,Casual Dining,Japanese; Mexican,7.7,07:00,22:00,2123,4.3,2334,2.5,3734,3.4,832,Premium,58,58,42,37,22.0,20.0,18,14,249,145,161591,96512,154370,92307,51.0,49.0,Swiggy Better,Alcohol; Private Room; Bar,3,False,True,True,2022-02-02,1563
REST001629,Restaurant_1629,Hyderabad,Hyderabad_Locality_12,Cafe,Desserts,10.2,09:00,23:00,1321,4.0,497,3.8,3299,3.9,1413,Luxury,71,71,52,46,18.0,23.0,21,14,170,161,196972,175169,190937,169454,54.0,46.0,Swiggy Better,Live Music; Dessert Bar; Family Friendly; Outdoor Seating; Parking; Smoking Area,6,True,True,False,2024-12-15,516
REST001630,Restaurant_1630,Hyderabad,Hyderabad_Locality_8,Food Truck,Desserts,14.5,09:00,23:00,2470,4.5,4491,3.6,144,4.05,806,Premium,92,92,53,54,18.0,22.0,26,6,144,115,95172,72298,88548,67008,57.0,43.0,Swiggy Better,Parking; Dine-in; Family Friendly; Alcohol; Rooftop; Live Music; Private Room,7,False,True,True,2019-10-06,2413
REST001631,Restaurant_1631,Hyderabad,Hyderabad_Locality_7,Fine Dine,Cafe; Lebanese,14.2,11:00,22:00,3085,4.2,2720,3.8,2994,4.0,903,Premium,91,91,50,41,14.0,13.0,19,14,179,162,139007,127268,130863,119897,51.0,49.0,Swiggy Better,Parking; AC; Rooftop; Smoking Area; Family Friendly; Alcohol,6,True,True,True,2019-08-16,2464
REST001632,Restaurant_1632,Hyderabad,Hyderabad_Locality_3,Food Truck,Korean; Bakery,0.9,09:00,22:00,2823,4.5,2905,3.9,3654,4.2,1270,Luxury,30,30,16,30,20.0,22.0,38,10,149,129,151384,127787,149149,125852,61.0,39.0,Swiggy Better,Outdoor Seating; Bar; Alcohol; Live Music; Vegan Options; Family Friendly,6,True,True,True,2018-08-22,2823
REST001633,Restaurant_1633,Hyderabad,Hyderabad_Locality_12,Food Truck,Vietnamese,9.7,12:00,23:00,2440,3.4,155,4.4,3703,3.9,748,Premium,68,68,41,48,21.0,19.0,12,10,108,140,63819,84823,60147,80063,58.0,42.0,Zomato Better,Smoking Area; Outdoor Seating; Family Friendly; Takeaway,4,False,False,False,2020-06-14,2161
REST001634,Restaurant_1634,Hyderabad,Hyderabad_Locality_2,QSR (Quick Service),South Indian; Japanese,10.1,10:00,23:00,171,4.4,1049,3.6,383,4.0,666,Mid-Range,70,70,36,51,22.0,23.0,16,14,202,165,104934,84615,97864,78840,63.0,37.0,Swiggy Better,Dessert Bar; AC; WiFi,3,False,False,True,2020-09-26,2057
REST001635,Restaurant_1635,Hyderabad,Hyderabad_Locality_10,Food Truck,Fast Food,9.6,09:00,22:00,1076,3.9,839,3.7,4713,3.8,1140,Premium,68,68,49,47,21.0,18.0,7,5,107,101,96364,94414,92726,90980,57.0,43.0,Swiggy Better,Rooftop; AC; Family Friendly; Outdoor Seating,4,True,False,False,2019-05-10,2562
REST001636,Restaurant_1636,Hyderabad,Hyderabad_Locality_13,Casual Dining,Mexican,6.5,09:00,23:00,1751,4.1,4705,4.0,1811,4.05,859,Premium,52,52,39,42,23.0,21.0,17,13,228,223,150806,151330,144878,145532,46.0,54.0,Zomato Better,Smoking Area; Rooftop; Private Room; Live Music; Dine-in; Dessert Bar; Takeaway; AC,8,True,True,True,2024-04-14,761
REST001637,Restaurant_1637,Hyderabad,Hyderabad_Locality_2,QSR (Quick Service),Fast Food; South Indian,12.7,09:00,22:00,2046,4.1,3102,3.6,2203,3.85,581,Mid-Range,83,83,56,48,19.0,20.0,17,6,236,207,111063,96213,101269,87623,45.0,55.0,Swiggy Better,Family Friendly; Outdoor Seating; Live Music; Private Room; WiFi; AC,6,False,False,True,2020-12-20,1972
REST001638,Restaurant_1638,Hyderabad,Hyderabad_Locality_13,Fine Dine,Mediterranean,1.4,12:00,22:00,1890,3.6,4365,4.0,1357,3.8,298,Budget,30,30,27,34,15.0,17.0,5,18,135,151,34195,37348,32170,35083,41.0,59.0,Zomato Better,Vegan Options; Rooftop; Alcohol; Bar; Dine-in; Takeaway,6,True,False,False,2025-08-09,279
REST001639,Restaurant_1639,Hyderabad,Hyderabad_Locality_14,Cloud Kitchen,Desserts,11.2,12:00,23:00,2239,3.6,4864,4.1,184,3.85,611,Mid-Range,76,76,48,44,27.0,24.0,14,9,282,321,125780,149059,115064,136861,68.0,32.0,Zomato Better,Smoking Area; Vegan Options; Takeaway; Dine-in; Private Room; Dessert Bar,6,True,False,False,2020-05-09,2197
REST001640,Restaurant_1640,Hyderabad,Hyderabad_Locality_7,Food Truck,Mediterranean,11.7,07:00,23:00,2233,3.9,2177,4.3,1746,4.1,200,Budget,78,78,47,57,22.0,22.0,5,10,122,134,19032,20904,14274,15678,48.0,52.0,Zomato Better,AC; Rooftop; Family Friendly; Parking,4,False,False,False,2021-04-12,1859
REST001641,Restaurant_1641,Hyderabad,Hyderabad_Locality_10,Casual Dining,Vietnamese,12.0,10:00,22:00,396,3.6,862,3.9,3869,3.75,438,Mid-Range,80,80,52,42,22.0,19.0,7,6,170,185,58078,65634,51278,58234,41.0,59.0,Zomato Better,Rooftop; Outdoor Seating; AC; Live Music; Dessert Bar; Bar,6,True,True,False,2017-07-05,3236
REST001642,Restaurant_1642,Hyderabad,Hyderabad_Locality_18,Food Truck,Lebanese; North Indian,13.4,12:00,23:00,2141,4.1,1372,3.9,3019,4.0,1178,Premium,87,87,56,52,17.0,23.0,24,12,127,121,124172,109754,118648,104490,63.0,37.0,Swiggy Better,Takeaway; Smoking Area; Outdoor Seating; Family Friendly,4,True,False,True,2020-06-30,2145
REST001643,Restaurant_1643,Hyderabad,Hyderabad_Locality_4,Fine Dine,Korean,14.5,12:00,23:00,3515,4.9,1918,4.0,3020,4.45,413,Mid-Range,92,92,56,55,13.0,16.0,23,12,217,177,77970,61404,67988,53262,46.0,54.0,Swiggy Better,Family Friendly; Rooftop; Dine-in,3,False,False,False,2020-05-22,2184
REST001644,Restaurant_1644,Hyderabad,Hyderabad_Locality_4,QSR (Quick Service),Mexican; Seafood,4.7,09:00,23:00,993,3.5,1578,4.2,3832,3.85,747,Premium,43,43,38,33,20.0,19.0,14,25,178,214,106372,129484,102545,124883,51.0,49.0,Zomato Better,Family Friendly; Rooftop; Private Room; Live Music; Dessert Bar; Vegan Options; Parking; Takeaway,8,False,False,True,2025-11-27,169
REST001645,Restaurant_1645,Hyderabad,Hyderabad_Locality_8,Cafe,Fast Food; Lebanese,10.0,07:00,22:00,3059,3.9,2901,4.6,516,4.25,1050,Premium,70,70,47,36,23.0,18.0,14,32,199,234,160891,201474,153926,193284,52.0,48.0,Zomato Better,Dessert Bar; Smoking Area; Bar; Live Music; Outdoor Seating; Rooftop; Dine-in; WiFi,8,False,False,False,2024-08-05,648
REST001646,Restaurant_1646,Hyderabad,Hyderabad_Locality_3,Cafe,Korean,5.7,11:00,23:00,2661,3.8,1893,3.5,1895,3.65,1184,Premium,48,48,36,34,22.0,21.0,14,15,186,171,171774,159946,167310,155842,48.0,52.0,Swiggy Better,AC; Outdoor Seating; Alcohol,3,True,False,False,2018-03-21,2977
REST001647,Restaurant_1647,Hyderabad,Hyderabad_Locality_1,Cloud Kitchen,South Indian; Bakery,14.6,11:00,22:00,2388,3.9,4286,4.1,1775,4.0,688,Mid-Range,93,93,57,52,24.0,24.0,13,11,310,326,162092,170458,147677,155299,66.0,34.0,Zomato Better,Smoking Area; Alcohol; Family Friendly; Rooftop; Vegan Options; Live Music; WiFi; Bar,8,True,False,False,2018-06-04,2902
REST001648,Restaurant_1648,Hyderabad,Hyderabad_Locality_5,Fine Dine,Mexican,1.9,10:00,23:00,2228,4.0,2353,4.6,4104,4.3,767,Premium,30,30,33,34,15.0,16.0,25,20,156,180,101704,115970,99364,113270,42.0,58.0,Zomato Better,Bar; Dessert Bar; Outdoor Seating; Vegan Options; Parking; Takeaway; AC,7,True,True,False,2020-01-18,2309
REST001649,Restaurant_1649,Hyderabad,Hyderabad_Locality_5,QSR (Quick Service),Desserts,6.0,10:00,22:00,1824,4.1,1543,4.8,2775,4.45,1217,Luxury,50,50,43,41,20.0,20.0,22,27,230,269,223928,261898,218178,255173,64.0,36.0,Zomato Better,Dine-in; WiFi; Rooftop; Takeaway; Vegan Options,5,False,False,False,2023-05-11,1100
REST001650,Restaurant_1650,Hyderabad,Hyderabad_Locality_10,Cloud Kitchen,Mughlai; Continental,6.3,10:00,23:00,2532,4.2,4865,3.9,1468,4.05,286,Budget,51,51,35,37,24.0,26.0,19,10,339,315,73685,66666,65040,58634,57.0,43.0,Swiggy Better,Dessert Bar; Family Friendly; Dine-in; Bar; Smoking Area,5,False,True,True,2019-04-10,2592
REST001651,Restaurant_1651,Hyderabad,Hyderabad_Locality_11,QSR (Quick Service),Street Food,10.8,10:00,23:00,208,3.6,4250,4.2,2452,3.9,385,Mid-Range,74,74,47,53,20.0,17.0,13,17,166,194,51128,61992,44986,54814,47.0,53.0,Zomato Better,Parking; Vegan Options; WiFi; Alcohol,4,True,True,False,2023-06-01,1079
REST001652,Restaurant_1652,Hyderabad,Hyderabad_Locality_18,Casual Dining,Seafood; Japanese,2.2,07:00,22:00,3604,4.5,2543,3.5,893,4.0,1147,Premium,31,31,21,33,18.0,19.0,23,15,302,235,284043,218331,279362,214688,45.0,55.0,Swiggy Better,Dessert Bar; Takeaway; Dine-in; Smoking Area; Private Room; WiFi; Family Friendly,7,True,True,True,2019-03-26,2607
REST001653,Restaurant_1653,Hyderabad,Hyderabad_Locality_11,Food Truck,Thai; Cafe,8.0,11:00,22:00,1183,3.9,3899,3.8,611,3.85,427,Mid-Range,60,60,51,31,22.0,19.0,13,10,108,105,35970,36316,32730,33166,59.0,41.0,Zomato Better,Private Room; Smoking Area; Vegan Options; Dine-in,4,True,False,False,2023-02-16,1184
REST001654,Restaurant_1654,Hyderabad,Hyderabad_Locality_1,Cloud Kitchen,Korean; Desserts,13.7,12:00,22:00,38,4.7,4416,4.1,4885,4.4,477,Mid-Range,88,88,55,58,24.0,23.0,39,22,283,247,102593,90720,90141,79852,72.0,28.0,Swiggy Better,Alcohol; Bar; WiFi; Dine-in; Outdoor Seating,5,True,False,False,2021-07-27,1753
REST001655,Restaurant_1655,Hyderabad,Hyderabad_Locality_11,QSR (Quick Service),Continental; Lebanese,8.5,11:00,22:00,560,4.3,3162,3.9,2633,4.1,1009,Premium,62,62,44,46,20.0,19.0,10,15,208,188,167897,153650,161449,147822,65.0,35.0,Swiggy Better,Private Room; Alcohol; Rooftop,3,True,True,True,2018-06-13,2893
REST001656,Restaurant_1656,Hyderabad,Hyderabad_Locality_7,Fine Dine,North Indian,7.1,11:00,23:00,659,4.4,1322,3.5,1276,3.95,254,Budget,55,55,54,29,12.0,18.0,12,11,143,114,31963,23743,28030,20608,40.0,60.0,Swiggy Better,Bar; Outdoor Seating; Private Room; Live Music; Vegan Options; Family Friendly; AC,7,False,True,False,2025-01-08,492
REST001657,Restaurant_1657,Hyderabad,Hyderabad_Locality_3,QSR (Quick Service),Chinese,14.6,07:00,23:00,2329,4.7,1049,4.0,3731,4.35,424,Mid-Range,93,93,51,52,21.0,22.0,24,23,278,237,93118,78380,80191,67360,61.0,39.0,Swiggy Better,Parking; Alcohol; Rooftop; Live Music,4,False,True,False,2018-05-26,2911
REST001658,Restaurant_1658,Hyderabad,Hyderabad_Locality_18,Casual Dining,Japanese,7.6,09:00,23:00,2712,3.9,1163,4.1,1891,4.0,641,Mid-Range,58,58,34,47,20.0,23.0,13,17,240,253,123072,124873,116112,117536,48.0,52.0,Zomato Better,AC; Dessert Bar; Live Music; Private Room; Alcohol,5,True,False,True,2025-05-16,364
REST001659,Restaurant_1659,Hyderabad,Hyderabad_Locality_16,QSR (Quick Service),Mughlai; Japanese,5.8,12:00,22:00,105,3.9,4803,3.9,4937,3.9,266,Budget,49,49,46,35,23.0,19.0,11,12,178,178,36457,38351,32096,33990,62.0,38.0,Zomato Better,Parking; Dessert Bar; Private Room; Outdoor Seating; Rooftop; Dine-in; Bar,7,False,True,False,2023-03-17,1155
REST001660,Restaurant_1660,Hyderabad,Hyderabad_Locality_3,QSR (Quick Service),Japanese,8.7,07:00,23:00,2553,3.7,2772,3.7,4237,3.7,766,Premium,63,63,36,41,17.0,17.0,7,11,224,224,142414,142414,135358,135358,57.0,43.0,Balanced,Alcohol; Rooftop; Smoking Area; AC,4,False,True,True,2020-10-03,2050
REST001661,Restaurant_1661,Hyderabad,Hyderabad_Locality_1,Fine Dine,South Indian,5.7,07:00,22:00,3315,3.6,1732,3.8,2646,3.7,1064,Premium,48,48,35,38,13.0,14.0,10,15,157,165,145331,150981,141563,147021,54.0,46.0,Zomato Better,Alcohol; Dine-in; Bar; Rooftop; Smoking Area; WiFi,6,False,True,True,2026-04-10,35
REST001662,Restaurant_1662,Hyderabad,Hyderabad_Locality_5,QSR (Quick Service),Lebanese,11.8,08:00,23:00,1587,3.9,2348,3.7,3970,3.8,226,Budget,79,79,62,48,20.0,17.0,15,12,213,202,38510,37891,30096,29912,52.0,48.0,Swiggy Better,WiFi; Bar; Smoking Area; AC,4,True,False,False,2017-03-21,3342
REST001663,Restaurant_1663,Hyderabad,Hyderabad_Locality_18,Cafe,Multi-Cuisine; Seafood,7.4,10:00,23:00,1213,4.0,455,4.9,4363,4.45,585,Mid-Range,57,57,38,42,17.0,21.0,11,21,167,205,81086,94740,76327,88898,56.0,44.0,Zomato Better,Bar; Private Room; AC; Live Music; WiFi; Family Friendly; Dessert Bar; Takeaway,8,True,False,True,2017-08-07,3203
REST001664,Restaurant_1664,Hyderabad,Hyderabad_Locality_7,Fine Dine,Biryani,0.7,11:00,23:00,3228,4.3,1769,3.7,3554,4.0,1287,Luxury,30,30,27,18,17.0,14.0,24,10,186,160,198687,177091,195897,174691,54.0,46.0,Swiggy Better,Parking; Smoking Area; Outdoor Seating; Private Room; Alcohol; AC; Dessert Bar; Bar,8,False,False,False,2026-01-05,130
REST001665,Restaurant_1665,Hyderabad,Hyderabad_Locality_16,Cloud Kitchen,Desserts; Thai,8.1,10:00,23:00,2724,4.3,923,3.7,1846,4.0,242,Budget,60,60,44,42,24.0,24.0,17,8,354,304,65107,55911,54487,46791,62.0,38.0,Swiggy Better,Family Friendly; Vegan Options; Alcohol; Parking; Outdoor Seating,5,False,False,False,2023-01-23,1208
REST001666,Restaurant_1666,Hyderabad,Hyderabad_Locality_12,Fine Dine,Seafood; Seafood,1.0,12:00,23:00,2759,4.1,340,4.3,3511,4.2,1385,Luxury,30,30,33,23,15.0,16.0,13,16,169,177,198955,205921,196420,203266,53.0,47.0,Zomato Better,Dessert Bar; Family Friendly; Parking; Smoking Area; Vegan Options; Rooftop; Bar,7,False,True,True,2024-04-16,759
REST001667,Restaurant_1667,Hyderabad,Hyderabad_Locality_5,Cafe,Bakery,4.7,12:00,23:00,2553,4.5,723,3.3,673,3.9,1214,Luxury,43,43,36,34,20.0,22.0,29,8,218,160,211721,151507,207034,148067,59.0,41.0,Swiggy Better,Dine-in; Private Room; WiFi; Alcohol; Vegan Options; Smoking Area,6,False,True,True,2021-05-15,1826
REST001668,Restaurant_1668,Hyderabad,Hyderabad_Locality_9,QSR (Quick Service),Cafe; Korean,7.3,08:00,23:00,2505,4.1,4243,3.6,4378,3.85,1342,Luxury,56,56,40,45,21.0,18.0,25,12,247,217,261864,238795,254948,232719,47.0,53.0,Swiggy Better,WiFi; Bar; Parking; Alcohol; Dessert Bar; Dine-in,6,False,True,False,2025-05-18,362
REST001669,Restaurant_1669,Hyderabad,Hyderabad_Locality_3,Cafe,Mughlai,13.6,11:00,22:00,1861,3.9,2641,3.9,1596,3.9,282,Budget,88,88,55,56,21.0,20.0,5,7,176,176,39209,39705,31465,31961,52.0,48.0,Zomato Better,Rooftop; Alcohol; Smoking Area; WiFi; Parking; Vegan Options; Dessert Bar; Family Friendly,8,False,False,True,2022-02-02,1563
REST001670,Restaurant_1670,Hyderabad,Hyderabad_Locality_3,Cafe,Fast Food,3.8,11:00,22:00,2061,3.7,4271,4.1,1990,3.9,863,Premium,39,39,28,30,18.0,21.0,9,20,170,189,120302,128854,116987,125169,48.0,52.0,Zomato Better,Bar; Outdoor Seating; Live Music; Private Room; Parking; Alcohol; Dine-in,7,True,False,False,2022-05-23,1453
REST001671,Restaurant_1671,Hyderabad,Hyderabad_Locality_6,Cloud Kitchen,Chinese; Mediterranean,12.3,09:00,22:00,1935,3.6,2328,4.8,4900,4.2,407,Mid-Range,81,81,44,49,26.0,23.0,6,34,273,364,82222,114073,71165,99331,58.0,42.0,Zomato Better,Dessert Bar; Dine-in; Outdoor Seating; Alcohol; Takeaway,5,True,False,False,2026-04-04,41
REST001672,Restaurant_1672,Hyderabad,Hyderabad_Locality_7,Cloud Kitchen,Cafe; Desserts,3.5,10:00,22:00,2814,4.7,3084,5.0,1714,4.85,653,Mid-Range,37,37,31,27,24.0,23.0,37,35,390,415,193549,208666,186334,200988,56.0,44.0,Zomato Better,Rooftop; Outdoor Seating; Parking,3,True,True,True,2022-04-02,1504
REST001673,Restaurant_1673,Hyderabad,Hyderabad_Locality_12,QSR (Quick Service),Biryani; Cafe,12.9,10:00,22:00,420,3.6,4166,3.5,3007,3.55,239,Budget,84,84,50,59,20.0,18.0,5,15,171,166,32695,32532,25513,25560,58.0,42.0,Zomato Better,Private Room; Bar; Live Music; Parking,4,False,False,True,2024-07-25,659
REST001674,Restaurant_1674,Hyderabad,Hyderabad_Locality_8,QSR (Quick Service),South Indian; Pan-Asian,1.2,07:00,22:00,1691,4.6,44,4.0,2191,4.3,898,Premium,30,30,21,18,19.0,21.0,8,18,254,221,184754,156781,180944,153466,48.0,52.0,Swiggy Better,Alcohol; Family Friendly; Dine-in,3,False,False,True,2019-12-25,2333
REST001675,Restaurant_1675,Hyderabad,Hyderabad_Locality_12,Casual Dining,Mughlai,6.3,09:00,22:00,2115,3.8,2145,4.0,1729,3.9,1404,Luxury,51,51,32,35,19.0,20.0,5,21,220,232,250192,260582,244582,254666,48.0,52.0,Zomato Better,Parking; Family Friendly; Bar; Live Music; Rooftop; Alcohol; Dine-in; Private Room,8,True,False,False,2019-03-24,2609
REST001676,Restaurant_1676,Hyderabad,Hyderabad_Locality_10,Fine Dine,Korean; North Indian,4.2,07:00,22:00,1546,3.7,2739,4.1,3388,3.9,952,Premium,41,41,30,37,16.0,18.0,5,22,134,149,107157,116315,104410,113260,49.0,51.0,Zomato Better,Alcohol; AC; Vegan Options; Family Friendly; Outdoor Seating,5,True,True,False,2024-05-22,723
REST001677,Restaurant_1677,Hyderabad,Hyderabad_Locality_1,Casual Dining,South Indian,1.4,12:00,22:00,1009,3.3,3529,3.6,4627,3.45,1111,Premium,30,30,29,25,19.0,18.0,14,6,169,184,152084,167627,149549,164867,53.0,47.0,Zomato Better,Rooftop; Smoking Area; Takeaway; WiFi; Outdoor Seating; Dine-in; Dessert Bar; AC,8,True,True,True,2017-02-20,3371
REST001678,Restaurant_1678,Hyderabad,Hyderabad_Locality_4,Casual Dining,Fast Food,4.4,08:00,23:00,2961,4.3,1203,3.9,2150,4.1,1367,Luxury,42,42,36,37,18.0,18.0,11,5,271,246,303774,275751,298083,270585,40.0,60.0,Swiggy Better,Takeaway; Live Music; Outdoor Seating,3,False,True,True,2020-03-07,2260
REST001679,Restaurant_1679,Hyderabad,Hyderabad_Locality_2,QSR (Quick Service),Biryani,9.8,10:00,22:00,3454,3.9,1896,3.7,1335,3.8,1387,Luxury,69,69,42,48,20.0,19.0,14,9,258,245,286276,275250,277375,266797,58.0,42.0,Swiggy Better,Bar; Alcohol; WiFi; AC; Family Friendly; Smoking Area; Rooftop; Dine-in,8,False,False,False,2019-10-14,2405
REST001680,Restaurant_1680,Hyderabad,Hyderabad_Locality_9,Casual Dining,Mediterranean,0.6,07:00,23:00,805,4.1,2025,4.0,1955,4.05,921,Premium,30,30,31,28,18.0,23.0,23,25,204,199,154064,141124,151004,138139,43.0,57.0,Swiggy Better,Outdoor Seating; AC; Takeaway; Family Friendly; Live Music; Private Room; Smoking Area; Alcohol,8,False,False,False,2017-03-09,3354
REST001681,Restaurant_1681,Hyderabad,Hyderabad_Locality_18,Cafe,Street Food; Bakery,11.0,12:00,23:00,776,4.2,534,4.4,2298,4.3,1035,Premium,75,75,48,49,18.0,20.0,17,16,167,175,141732,144900,135470,138337,49.0,51.0,Zomato Better,Bar; Rooftop; Takeaway; Live Music; Alcohol; Parking; Outdoor Seating,7,True,True,True,2022-07-02,1413
REST001682,Restaurant_1682,Hyderabad,Hyderabad_Locality_1,Cloud Kitchen,Continental,11.7,12:00,23:00,3559,4.6,357,3.6,795,4.1,719,Premium,78,78,47,51,23.0,26.0,14,9,410,321,226988,170791,210998,158272,62.0,38.0,Swiggy Better,AC; Family Friendly; Dessert Bar; Dine-in; Alcohol,5,True,True,False,2016-06-25,3611
REST001683,Restaurant_1683,Hyderabad,Hyderabad_Locality_6,Fine Dine,Desserts,10.6,12:00,22:00,2543,4.3,2290,4.9,935,4.6,871,Premium,73,73,54,41,17.0,17.0,17,26,173,198,125066,143140,118752,135913,48.0,52.0,Zomato Better,Alcohol; Family Friendly; Smoking Area; Dessert Bar; Vegan Options; Parking; Takeaway; Dine-in,8,False,True,True,2017-09-27,3152
REST001684,Restaurant_1684,Hyderabad,Hyderabad_Locality_18,Food Truck,Lebanese; Mughlai,7.5,09:00,22:00,2366,2.8,2839,3.9,3917,3.35,414,Mid-Range,57,57,41,48,17.0,20.0,13,11,88,123,30238,40737,27730,37232,59.0,41.0,Zomato Better,Alcohol; AC; Vegan Options,3,False,False,False,2021-11-14,1643
REST001685,Restaurant_1685,Hyderabad,Hyderabad_Locality_6,QSR (Quick Service),Street Food; Pan-Asian,11.3,09:00,22:00,431,3.9,3129,3.0,2984,3.45,234,Budget,76,76,39,44,21.0,18.0,15,5,185,142,34199,27246,27169,21850,56.0,44.0,Swiggy Better,Outdoor Seating; Parking; Smoking Area; Dessert Bar; Bar; Private Room; WiFi; Takeaway,8,True,True,False,2017-11-15,3103
REST001686,Restaurant_1686,Hyderabad,Hyderabad_Locality_10,QSR (Quick Service),Mexican,14.7,10:00,23:00,615,3.2,4166,4.3,224,3.75,1475,Luxury,93,93,62,50,21.0,20.0,9,25,156,209,181779,246620,174525,236901,64.0,36.0,Zomato Better,Live Music; Smoking Area; AC,3,False,True,False,2016-11-07,3476
REST001687,Restaurant_1687,Hyderabad,Hyderabad_Locality_1,QSR (Quick Service),Bakery; Continental,6.7,12:00,22:00,1138,4.3,560,4.3,2426,4.3,601,Mid-Range,53,53,37,40,22.0,22.0,16,25,223,223,104537,104537,98628,98628,58.0,42.0,Balanced,Parking; Outdoor Seating; Bar,3,False,True,True,2017-05-17,3285
REST001688,Restaurant_1688,Hyderabad,Hyderabad_Locality_14,Fine Dine,Vietnamese,8.2,07:00,23:00,2694,4.1,649,5.0,1536,4.55,484,Mid-Range,60,60,44,41,14.0,16.0,19,34,168,205,69928,83344,64888,77194,53.0,47.0,Zomato Better,Family Friendly; Dine-in; AC; Smoking Area; Dessert Bar; Rooftop; WiFi,7,False,True,False,2020-08-11,2103
REST001689,Restaurant_1689,Hyderabad,Hyderabad_Locality_1,Cafe,Cafe,7.2,12:00,22:00,354,3.9,904,3.4,1117,3.65,752,Premium,56,56,52,39,17.0,19.0,15,9,147,128,91751,77967,87635,74383,55.0,45.0,Swiggy Better,Takeaway; Smoking Area; Bar; Alcohol,4,False,False,True,2018-04-03,2964
REST001690,Restaurant_1690,Hyderabad,Hyderabad_Locality_3,Fine Dine,Desserts,12.5,12:00,22:00,2724,3.4,594,4.2,2413,3.8,1317,Luxury,82,82,50,51,13.0,16.0,11,19,140,173,160410,191386,154670,184293,49.0,51.0,Zomato Better,Smoking Area; WiFi; Takeaway,3,True,True,False,2025-08-17,271
REST001691,Restaurant_1691,Hyderabad,Hyderabad_Locality_7,Fine Dine,Biryani; Biryani,1.6,09:00,23:00,3309,4.1,2995,3.7,4287,3.9,1201,Luxury,30,30,24,29,12.0,15.0,21,15,178,161,188124,164356,185454,161941,46.0,54.0,Swiggy Better,WiFi; Takeaway; Smoking Area,3,True,False,False,2025-06-25,324
REST001692,Restaurant_1692,Hyderabad,Hyderabad_Locality_4,Cloud Kitchen,North Indian,4.4,10:00,23:00,568,4.2,2817,4.1,1896,4.15,1255,Luxury,42,42,32,35,23.0,27.0,23,15,271,265,261880,242779,256189,237214,62.0,38.0,Swiggy Better,Family Friendly; Private Room; Takeaway; WiFi; Live Music; Parking; Dessert Bar; Bar,8,True,True,True,2021-11-18,1639
REST001693,Restaurant_1693,Hyderabad,Hyderabad_Locality_9,Cafe,Mexican; North Indian,14.3,10:00,22:00,3606,4.3,1005,3.9,305,4.1,1167,Premium,91,91,56,63,17.0,18.0,11,13,231,209,223748,200000,213238,190490,49.0,51.0,Swiggy Better,WiFi; Parking; Bar; Rooftop; Outdoor Seating; Smoking Area; Dine-in; AC,8,True,False,True,2018-09-23,2791
REST001694,Restaurant_1694,Hyderabad,Hyderabad_Locality_2,QSR (Quick Service),Cafe; Mexican,1.9,11:00,22:00,91,4.2,4849,3.3,815,3.75,700,Mid-Range,30,30,28,27,21.0,18.0,24,6,191,150,105623,86100,102758,83850,57.0,43.0,Swiggy Better,Outdoor Seating; Dessert Bar; Bar; Private Room; Smoking Area; Alcohol; Vegan Options,7,False,False,True,2018-01-25,3032
REST001695,Restaurant_1695,Hyderabad,Hyderabad_Locality_20,QSR (Quick Service),Korean; Desserts,2.7,09:00,22:00,1487,3.9,370,4.3,1227,4.1,979,Premium,33,33,23,33,20.0,21.0,15,22,211,232,165255,179431,161773,175603,55.0,45.0,Zomato Better,Smoking Area; WiFi; Alcohol; Takeaway; Bar; Dine-in,6,False,True,True,2017-09-12,3167
REST001696,Restaurant_1696,Hyderabad,Hyderabad_Locality_5,Food Truck,Lebanese; Street Food,12.4,07:00,23:00,804,3.5,4242,4.0,1923,3.75,939,Premium,82,82,44,51,17.0,21.0,7,18,93,106,72481,78631,68668,74285,45.0,55.0,Zomato Better,Alcohol; Vegan Options; Rooftop,3,True,False,True,2025-05-10,370
REST001697,Restaurant_1697,Hyderabad,Hyderabad_Locality_19,Casual Dining,Italian; Street Food,3.1,08:00,22:00,2331,4.1,3183,3.6,1353,3.85,183,Budget,35,35,39,35,21.0,23.0,13,15,243,213,35130,30013,30878,26286,54.0,46.0,Swiggy Better,AC; Dessert Bar; Smoking Area; Dine-in,4,False,False,True,2017-08-02,3208
REST001698,Restaurant_1698,Hyderabad,Hyderabad_Locality_1,Fine Dine,North Indian,10.3,07:00,22:00,2589,3.7,3921,3.5,3213,3.6,1140,Premium,71,71,46,50,15.0,17.0,8,8,150,142,145350,134360,140025,129319,52.0,48.0,Swiggy Better,Vegan Options; Dessert Bar; Parking; Dine-in; AC; Private Room; Smoking Area,7,False,False,False,2026-03-11,65
REST001699,Restaurant_1699,Hyderabad,Hyderabad_Locality_1,QSR (Quick Service),North Indian,9.9,07:00,22:00,1421,3.9,1540,4.0,2964,3.95,248,Budget,69,69,42,38,17.0,23.0,10,23,209,215,43020,41056,35810,33638,55.0,45.0,Swiggy Better,WiFi; Rooftop; Takeaway; Vegan Options; Bar,5,False,True,True,2016-10-27,3487
REST001700,Restaurant_1700,Hyderabad,Hyderabad_Locality_13,QSR (Quick Service),Bakery,1.2,12:00,22:00,82,3.5,4797,3.6,356,3.55,1051,Premium,30,30,22,31,20.0,21.0,9,14,159,163,133687,135337,131302,132892,60.0,40.0,Zomato Better,Live Music; AC; Family Friendly; Alcohol; WiFi; Vegan Options; Dine-in,7,True,True,True,2016-11-23,3460
REST001701,Restaurant_1701,Hyderabad,Hyderabad_Locality_3,Cloud Kitchen,Street Food,14.6,10:00,23:00,3170,3.6,342,4.1,2296,3.85,535,Mid-Range,93,93,56,50,26.0,23.0,12,21,309,352,122333,145006,107964,128638,72.0,28.0,Zomato Better,Dessert Bar; Private Room; Outdoor Seating; Rooftop; Vegan Options; Parking; Dine-in; Live Music,8,False,True,True,2024-01-26,840
REST001702,Restaurant_1702,Hyderabad,Hyderabad_Locality_18,Casual Dining,Mexican,6.7,09:00,23:00,3512,3.6,1676,4.1,2672,3.85,303,Mid-Range,53,53,41,35,23.0,20.0,8,14,239,273,55761,66175,49427,58940,50.0,50.0,Zomato Better,Dine-in; Alcohol; Takeaway; Outdoor Seating; Smoking Area; Family Friendly,6,True,True,False,2023-12-18,879
REST001703,Restaurant_1703,Hyderabad,Hyderabad_Locality_1,Food Truck,Chinese; Italian,4.1,07:00,22:00,616,4.2,803,3.7,3327,3.95,169,Budget,40,40,27,29,19.0,21.0,21,6,109,96,14921,12816,12741,10896,57.0,43.0,Swiggy Better,AC; Takeaway; Vegan Options; Dine-in; Family Friendly; Smoking Area,6,False,False,True,2023-04-23,1118
REST001704,Restaurant_1704,Hyderabad,Hyderabad_Locality_13,QSR (Quick Service),Cafe; Seafood,10.9,12:00,22:00,1808,4.2,3829,4.2,3646,4.2,420,Mid-Range,74,74,45,47,21.0,22.0,11,15,235,235,77973,76986,69278,68291,50.0,50.0,Swiggy Better,AC; Dine-in; Bar; Outdoor Seating; Alcohol; WiFi; Smoking Area; Parking,8,False,True,False,2025-04-08,402
REST001705,Restaurant_1705,Hyderabad,Hyderabad_Locality_13,Cloud Kitchen,Japanese,13.6,11:00,22:00,3608,4.3,3694,3.5,2258,3.9,871,Premium,88,88,54,58,22.0,23.0,19,13,385,313,261561,209919,244621,196147,56.0,44.0,Swiggy Better,AC; Takeaway; Rooftop; Dessert Bar; WiFi; Bar,6,False,True,True,2018-01-30,3027
REST001706,Restaurant_1706,Hyderabad,Hyderabad_Locality_13,Cafe,Biryani; Cafe,11.7,07:00,22:00,2675,3.6,1834,4.0,3842,3.8,1384,Luxury,78,78,46,53,20.0,18.0,9,15,177,196,195974,222436,189071,214792,49.0,51.0,Zomato Better,Vegan Options; Dine-in; Private Room; Outdoor Seating; WiFi; Smoking Area; Bar; Family Friendly,8,False,True,True,2016-10-15,3499
REST001707,Restaurant_1707,Hyderabad,Hyderabad_Locality_3,QSR (Quick Service),Mediterranean; Biryani,5.1,08:00,22:00,3263,4.0,3313,3.6,47,3.8,1221,Luxury,45,45,39,33,19.0,22.0,20,13,260,234,257142,222856,251292,217591,47.0,53.0,Swiggy Better,Family Friendly; Alcohol; Dessert Bar; Outdoor Seating; WiFi; Bar; Parking,7,False,False,True,2020-02-04,2292
REST001708,Restaurant_1708,Hyderabad,Hyderabad_Locality_11,Food Truck,Bakery,4.1,07:00,23:00,2645,3.9,155,3.4,1915,3.65,1326,Luxury,40,40,30,32,18.0,19.0,11,14,127,111,138089,119220,135549,117000,63.0,37.0,Swiggy Better,Alcohol; Takeaway; WiFi,3,False,False,True,2025-10-19,208
REST001709,Restaurant_1709,Hyderabad,Hyderabad_Locality_6,Food Truck,Mediterranean; Cafe,10.5,08:00,22:00,2936,3.5,191,4.8,3937,4.15,184,Budget,72,72,39,47,21.0,22.0,13,35,117,161,17007,23106,12795,17310,65.0,35.0,Zomato Better,AC; Dine-in; Takeaway; Parking; Private Room; Alcohol; Live Music,7,True,False,False,2017-03-18,3345
REST001710,Restaurant_1710,Hyderabad,Hyderabad_Locality_20,Fine Dine,Fast Food; Continental,14.9,09:00,23:00,3076,4.0,1719,4.2,1642,4.1,1166,Premium,94,94,52,53,17.0,16.0,14,21,170,179,164522,175319,156532,166906,50.0,50.0,Zomato Better,Family Friendly; Rooftop; WiFi,3,True,True,True,2025-10-10,217
REST001711,Restaurant_1711,Hyderabad,Hyderabad_Locality_2,Food Truck,Pan-Asian; South Indian,6.9,10:00,23:00,1782,4.2,293,3.7,2638,3.95,539,Mid-Range,54,54,43,38,22.0,21.0,22,5,125,110,52552,46839,49177,43869,61.0,39.0,Swiggy Better,Live Music; AC; Family Friendly; Smoking Area; Bar; Private Room; Takeaway; WiFi,8,True,False,False,2020-12-30,1962
REST001712,Restaurant_1712,Hyderabad,Hyderabad_Locality_14,Fine Dine,Pan-Asian; Chinese,11.2,11:00,23:00,643,3.4,2264,4.2,4174,3.8,470,Mid-Range,76,76,51,46,14.0,14.0,12,15,110,137,44462,55375,40282,50169,44.0,56.0,Zomato Better,Family Friendly; Dessert Bar; Parking; Bar; Smoking Area; Private Room; Live Music; Dine-in,8,False,True,False,2023-05-15,1096
REST001713,Restaurant_1713,Hyderabad,Hyderabad_Locality_9,Fine Dine,Chinese,11.6,10:00,23:00,2469,4.6,513,4.1,4828,4.35,467,Mid-Range,78,78,44,54,17.0,16.0,39,23,184,164,71320,64333,64144,57937,52.0,48.0,Swiggy Better,Family Friendly; Alcohol; Live Music; Dessert Bar,4,False,False,False,2020-12-02,1990
REST001714,Restaurant_1714,Hyderabad,Hyderabad_Locality_8,QSR (Quick Service),Desserts,4.8,07:00,23:00,1959,3.5,3710,4.7,2242,4.1,1499,Luxury,44,44,40,28,22.0,20.0,10,40,199,268,232674,321385,228296,315489,56.0,44.0,Zomato Better,Parking; Outdoor Seating; Vegan Options; Live Music; Dessert Bar; AC,6,False,False,True,2021-12-06,1621
REST001715,Restaurant_1715,Hyderabad,Hyderabad_Locality_9,Cloud Kitchen,Pan-Asian; Mughlai,0.7,09:00,22:00,3221,3.7,2942,3.8,2707,3.75,635,Mid-Range,30,30,23,28,23.0,22.0,14,9,319,328,155975,162458,151190,157538,74.0,26.0,Zomato Better,Dine-in; Parking; WiFi; Rooftop; Family Friendly; AC,6,False,True,True,2019-06-12,2529
REST001716,Restaurant_1716,Hyderabad,Hyderabad_Locality_13,Fine Dine,Japanese; Street Food,11.7,11:00,22:00,3609,4.1,1976,3.9,4199,4.0,1256,Luxury,78,78,44,55,15.0,12.0,21,13,183,174,195370,192318,188233,185532,53.0,47.0,Swiggy Better,WiFi; Dessert Bar; Private Room; Smoking Area,4,True,True,False,2024-10-24,568
REST001717,Restaurant_1717,Hyderabad,Hyderabad_Locality_10,Cafe,Cafe,4.4,08:00,23:00,3500,4.5,2136,4.2,4397,4.35,165,Budget,42,42,32,38,21.0,22.0,39,11,239,223,31153,28700,26134,24017,56.0,44.0,Swiggy Better,Bar; Family Friendly; AC; Live Music; WiFi; Outdoor Seating; Private Room,7,True,False,False,2021-05-13,1828
REST001718,Restaurant_1718,Hyderabad,Hyderabad_Locality_18,Fine Dine,Italian,7.1,11:00,22:00,1997,3.8,3316,4.3,1294,4.05,283,Budget,55,55,38,35,17.0,13.0,13,25,145,164,34059,40378,30071,35868,54.0,46.0,Zomato Better,Takeaway; WiFi; Dine-in; Bar,4,True,True,True,2019-11-27,2361
REST001719,Restaurant_1719,Hyderabad,Hyderabad_Locality_4,Cloud Kitchen,Mexican,6.7,12:00,23:00,1302,3.6,4738,3.7,3545,3.65,1132,Premium,53,53,42,34,22.0,23.0,9,12,254,261,224271,227498,217540,220581,74.0,26.0,Zomato Better,Dessert Bar; Smoking Area; Outdoor Seating; Rooftop; WiFi; Family Friendly; AC,7,False,False,False,2025-10-24,203
REST001720,Restaurant_1720,Hyderabad,Hyderabad_Locality_9,Fine Dine,Mediterranean; Chinese,8.0,09:00,23:00,2367,3.7,4407,3.8,3045,3.75,503,Mid-Range,60,60,42,45,15.0,18.0,5,14,146,150,62422,61869,58042,57369,42.0,58.0,Swiggy Better,WiFi; Rooftop; Takeaway; Live Music,4,False,True,False,2023-06-22,1058
REST001721,Restaurant_1721,Hyderabad,Hyderabad_Locality_4,QSR (Quick Service),Continental; Multi-Cuisine,14.5,09:00,22:00,1446,4.6,4575,3.2,937,3.9,1308,Luxury,92,92,51,58,23.0,20.0,20,11,248,172,249775,179980,238367,172068,61.0,39.0,Swiggy Better,Family Friendly; Dessert Bar; AC; Private Room; Vegan Options; Live Music,6,True,True,False,2025-03-13,428
REST001722,Restaurant_1722,Hyderabad,Hyderabad_Locality_7,QSR (Quick Service),Mughlai,3.3,08:00,23:00,1242,4.0,1836,4.0,2965,4.0,651,Mid-Range,36,36,32,42,23.0,22.0,12,11,210,210,105266,106633,101486,102853,60.0,40.0,Zomato Better,Outdoor Seating; Parking; WiFi,3,False,False,True,2022-08-13,1371
REST001723,Restaurant_1723,Hyderabad,Hyderabad_Locality_20,QSR (Quick Service),Korean,5.7,10:00,23:00,2368,4.2,3942,4.0,25,4.1,888,Premium,48,48,29,39,20.0,18.0,12,9,250,238,177600,173302,171600,167590,48.0,52.0,Swiggy Better,Parking; WiFi; Smoking Area; AC,4,True,False,False,2016-06-23,3613
REST001724,Restaurant_1724,Hyderabad,Hyderabad_Locality_8,Food Truck,Thai,6.8,08:00,23:00,1805,3.5,2565,3.4,2544,3.45,1336,Luxury,54,54,36,38,23.0,18.0,7,11,104,101,106986,110647,104178,107920,58.0,42.0,Zomato Better,Rooftop; Live Music; Vegan Options; Outdoor Seating; Dessert Bar; Dine-in,6,False,True,True,2023-03-17,1155
REST001725,Restaurant_1725,Hyderabad,Hyderabad_Locality_20,Food Truck,Seafood,13.0,07:00,22:00,3127,3.8,3670,3.8,2161,3.8,585,Mid-Range,85,85,45,44,20.0,21.0,13,7,130,130,60840,60079,55315,54554,52.0,48.0,Swiggy Better,Vegan Options; Smoking Area; Bar,3,True,False,True,2024-10-12,580
REST001726,Restaurant_1726,Hyderabad,Hyderabad_Locality_17,Fine Dine,Continental; Bakery,2.7,11:00,22:00,2455,3.4,4890,3.6,345,3.5,364,Mid-Range,33,33,30,30,17.0,18.0,14,10,136,144,41088,42981,38844,40605,50.0,50.0,Zomato Better,Family Friendly; AC; Takeaway; Private Room; Alcohol,5,True,False,True,2020-07-15,2130
REST001727,Restaurant_1727,Hyderabad,Hyderabad_Locality_1,Casual Dining,South Indian,0.6,12:00,23:00,1368,4.3,659,3.6,1653,3.95,392,Mid-Range,30,30,30,16,18.0,17.0,21,12,229,192,73609,62469,70174,59589,43.0,57.0,Swiggy Better,Live Music; Outdoor Seating; Takeaway; Bar; Rooftop,5,True,False,False,2023-04-22,1119
REST001728,Restaurant_1728,Hyderabad,Hyderabad_Locality_20,Food Truck,Lebanese; Lebanese,2.4,12:00,23:00,365,3.1,4895,3.4,3114,3.25,1422,Luxury,31,31,30,28,18.0,19.0,12,15,78,85,90951,97904,89742,96587,62.0,38.0,Zomato Better,Parking; Bar; Vegan Options; Outdoor Seating; Dine-in; Smoking Area,6,False,True,False,2017-06-21,3250
REST001729,Restaurant_1729,Hyderabad,Hyderabad_Locality_14,Fine Dine,Korean; Chinese,12.5,07:00,22:00,85,3.4,1785,5.0,3420,4.2,186,Budget,82,82,47,47,14.0,17.0,8,40,103,151,16475,23311,12252,17120,49.0,51.0,Zomato Better,Smoking Area; Vegan Options; Family Friendly; Live Music; Outdoor Seating,5,True,True,False,2016-10-02,3512
REST001730,Restaurant_1730,Hyderabad,Hyderabad_Locality_11,Fine Dine,Italian,3.4,07:00,23:00,2613,4.1,2827,4.7,3549,4.4,503,Mid-Range,37,37,38,28,15.0,17.0,10,29,167,191,71400,79740,68311,76207,55.0,45.0,Zomato Better,Family Friendly; Dine-in; WiFi; AC; Rooftop; Alcohol; Parking,7,False,False,False,2025-03-13,428
REST001731,Restaurant_1731,Hyderabad,Hyderabad_Locality_10,Food Truck,Bakery,1.0,12:00,23:00,1393,4.0,2379,3.4,827,3.7,314,Mid-Range,30,30,32,23,20.0,21.0,17,13,114,97,28636,24061,26926,22606,52.0,48.0,Swiggy Better,Rooftop; Vegan Options; Takeaway; Bar; AC; Dessert Bar; Family Friendly; Alcohol,8,True,False,True,2024-07-19,665
REST001732,Restaurant_1732,Hyderabad,Hyderabad_Locality_17,Food Truck,Mughlai; Mediterranean,13.2,09:00,22:00,205,3.8,124,3.9,277,3.85,1204,Luxury,86,86,48,45,19.0,22.0,13,15,93,96,90697,90155,86698,86027,65.0,35.0,Swiggy Better,Family Friendly; Alcohol; Rooftop; Live Music; Vegan Options,5,True,True,True,2020-12-04,1988
REST001733,Restaurant_1733,Hyderabad,Hyderabad_Locality_3,Casual Dining,Street Food,2.7,11:00,23:00,1538,3.4,4264,3.8,2916,3.6,570,Mid-Range,33,33,28,25,23.0,17.0,8,9,185,207,81196,97931,78144,94516,48.0,52.0,Zomato Better,Bar; Vegan Options; Parking,3,True,False,False,2026-02-16,88
REST001734,Restaurant_1734,Hyderabad,Hyderabad_Locality_8,Fine Dine,Chinese,10.8,10:00,22:00,2936,3.9,314,4.0,2272,3.95,1204,Luxury,74,74,48,42,16.0,17.0,7,16,164,168,165863,167885,159795,161669,50.0,50.0,Zomato Better,WiFi; Alcohol; Takeaway; Dine-in; Vegan Options; Smoking Area; Parking; Outdoor Seating,8,False,False,False,2023-07-01,1049
REST001735,Restaurant_1735,Hyderabad,Hyderabad_Locality_3,Casual Dining,Mughlai; Mexican,4.4,08:00,23:00,444,4.8,489,4.3,1572,4.55,414,Mid-Range,42,42,35,35,20.0,20.0,13,13,229,205,75844,67896,71035,63591,44.0,56.0,Swiggy Better,Alcohol; Live Music; Outdoor Seating; WiFi; Dine-in,5,False,False,True,2017-10-18,3131
REST001736,Restaurant_1736,Hyderabad,Hyderabad_Locality_4,Cafe,Mexican; Continental,6.1,10:00,23:00,3257,3.1,504,3.9,25,3.5,307,Mid-Range,50,50,44,40,21.0,18.0,12,14,161,203,39047,51103,35022,46028,49.0,51.0,Zomato Better,Parking; Smoking Area; Dessert Bar; AC; Rooftop; Family Friendly,6,True,True,True,2023-10-22,936
REST001737,Restaurant_1737,Hyderabad,Hyderabad_Locality_10,Cloud Kitchen,Thai,4.0,10:00,22:00,1183,4.2,3996,4.4,2171,4.3,1384,Luxury,40,40,30,29,26.0,27.0,10,20,292,306,299054,309157,293214,303037,59.0,41.0,Zomato Better,Vegan Options; Parking; Dine-in; Smoking Area; WiFi; Outdoor Seating; Alcohol; Takeaway,8,False,True,True,2021-10-31,1657
REST001738,Restaurant_1738,Hyderabad,Hyderabad_Locality_3,QSR (Quick Service),Street Food,0.9,10:00,22:00,2085,3.0,1011,4.2,422,3.6,913,Premium,30,30,17,21,21.0,22.0,14,12,173,242,124779,172337,122184,168707,63.0,37.0,Zomato Better,Parking; Smoking Area; Takeaway; Alcohol; WiFi,5,False,False,False,2024-05-30,715
REST001739,Restaurant_1739,Hyderabad,Hyderabad_Locality_5,QSR (Quick Service),Cafe; Continental,1.9,08:00,23:00,842,4.4,3938,4.5,1415,4.45,1310,Luxury,30,30,21,27,18.0,17.0,24,25,220,225,236324,244642,233024,241267,45.0,55.0,Zomato Better,Parking; Rooftop; Takeaway; Dessert Bar; Bar; Live Music,6,False,True,False,2025-12-02,164
REST001740,Restaurant_1740,Hyderabad,Hyderabad_Locality_4,Cafe,Mughlai; Thai,14.8,07:00,23:00,1030,3.6,3120,4.5,1133,4.05,913,Premium,94,94,55,58,19.0,17.0,5,20,147,184,108710,139433,101801,130785,63.0,37.0,Zomato Better,Takeaway; Live Music; Smoking Area,3,False,False,False,2022-11-24,1268
REST001741,Restaurant_1741,Chennai,Chennai_Locality_15,Casual Dining,Chinese,9.8,12:00,22:00,2086,4.4,1141,3.9,1100,4.15,1129,Premium,69,69,45,44,20.0,21.0,24,11,254,225,229412,200679,220649,192917,50.0,50.0,Swiggy Better,Smoking Area; Dessert Bar; Family Friendly; Vegan Options; Bar; Alcohol; Rooftop,7,True,False,False,2021-10-08,1680
REST001742,Restaurant_1742,Chennai,Chennai_Locality_7,Cafe,Seafood,5.5,10:00,23:00,3528,4.1,3125,3.5,3710,3.8,493,Mid-Range,47,47,33,28,20.0,20.0,11,12,218,186,85979,73358,80856,68987,49.0,51.0,Swiggy Better,Smoking Area; Takeaway; Vegan Options,3,False,False,True,2022-10-07,1316
REST001743,Restaurant_1743,Chennai,Chennai_Locality_2,Cafe,Pan-Asian; Continental,1.9,10:00,22:00,619,4.0,3035,3.8,4678,3.9,607,Mid-Range,30,30,29,36,22.0,18.0,19,8,156,148,73859,73665,71519,71445,48.0,52.0,Swiggy Better,Takeaway; AC; Smoking Area; Private Room,4,False,False,False,2022-11-03,1289
REST001744,Restaurant_1744,Chennai,Chennai_Locality_16,Cloud Kitchen,Korean,2.2,11:00,23:00,2502,4.6,974,3.6,3041,4.1,1161,Premium,31,31,24,27,22.0,23.0,23,10,370,290,335064,259251,329329,254756,60.0,40.0,Swiggy Better,Parking; Alcohol; AC; Dine-in; Outdoor Seating; Rooftop; WiFi; Dessert Bar,8,True,False,True,2016-07-13,3593
REST001745,Restaurant_1745,Chennai,Chennai_Locality_17,Cafe,Seafood,8.3,12:00,23:00,1199,4.0,3663,3.2,576,3.6,725,Premium,61,61,35,43,17.0,21.0,21,15,167,134,100492,76748,95398,72661,52.0,48.0,Swiggy Better,Family Friendly; Dessert Bar; Takeaway; Rooftop; Smoking Area; Alcohol; WiFi; Vegan Options,8,False,True,True,2025-08-11,277
REST001746,Restaurant_1746,Chennai,Chennai_Locality_20,Cafe,Multi-Cuisine; Thai,4.2,09:00,22:00,1161,3.3,3336,4.3,3202,3.8,1026,Premium,41,41,37,32,19.0,23.0,12,13,137,179,113855,141413,111046,137744,56.0,44.0,Zomato Better,Alcohol; Smoking Area; Takeaway,3,False,True,True,2020-05-22,2184
REST001747,Restaurant_1747,Chennai,Chennai_Locality_8,Cafe,Multi-Cuisine; Lebanese,4.8,10:00,23:00,1854,3.6,4252,3.8,2399,3.7,917,Premium,44,44,32,29,23.0,21.0,15,6,162,171,114386,123877,110822,120115,50.0,50.0,Zomato Better,Alcohol; Private Room; Rooftop; Smoking Area; Takeaway; Parking; AC; Family Friendly,8,False,False,True,2024-12-06,525
REST001748,Restaurant_1748,Chennai,Chennai_Locality_12,QSR (Quick Service),Desserts; Lebanese,5.5,11:00,23:00,1824,3.9,3780,3.9,4934,3.9,274,Budget,47,47,30,36,19.0,21.0,10,8,219,219,48604,47404,43458,42258,46.0,54.0,Swiggy Better,Dine-in; Takeaway; Family Friendly,3,True,True,False,2017-08-01,3209
REST001749,Restaurant_1749,Chennai,Chennai_Locality_12,Fine Dine,Continental,9.0,12:00,22:00,474,3.5,3138,3.8,3678,3.65,410,Mid-Range,65,65,42,47,16.0,16.0,10,6,111,121,38228,41672,34620,37739,45.0,55.0,Zomato Better,Family Friendly; WiFi; Dessert Bar; Alcohol; Parking; AC,6,False,True,False,2018-12-31,2692
REST001750,Restaurant_1750,Chennai,Chennai_Locality_7,QSR (Quick Service),Continental; Desserts,6.8,11:00,22:00,662,4.0,1051,3.9,430,3.95,713,Premium,54,54,43,40,19.0,20.0,22,10,196,191,113195,108946,107903,103789,63.0,37.0,Swiggy Better,Bar; Dine-in; Dessert Bar; Takeaway,4,False,False,True,2021-08-02,1747
REST001751,Restaurant_1751,Chennai,Chennai_Locality_8,Food Truck,Mexican,6.9,07:00,22:00,1561,2.9,970,3.5,4703,3.2,851,Premium,54,54,31,44,22.0,17.0,5,11,84,101,55757,71339,53489,68612,57.0,43.0,Zomato Better,Parking; Dine-in; AC; Vegan Options; Rooftop; Takeaway; Smoking Area; WiFi,8,False,False,True,2024-11-13,548
REST001752,Restaurant_1752,Chennai,Chennai_Locality_9,Cloud Kitchen,Desserts,1.5,07:00,22:00,3072,4.2,281,3.4,4415,3.8,1316,Luxury,30,30,24,31,22.0,27.0,14,8,358,289,367479,277636,362109,273301,56.0,44.0,Swiggy Better,Takeaway; Private Room; Parking; Smoking Area,4,False,False,False,2024-11-21,540
REST001753,Restaurant_1753,Chennai,Chennai_Locality_14,Cloud Kitchen,Korean; Korean,0.9,10:00,23:00,2172,4.1,1745,5.0,2225,4.55,514,Mid-Range,30,30,29,32,24.0,22.0,11,34,319,389,124614,155957,119829,150122,56.0,44.0,Zomato Better,Outdoor Seating; Smoking Area; Private Room; Alcohol; Family Friendly; WiFi,6,False,True,False,2018-01-22,3035
REST001754,Restaurant_1754,Chennai,Chennai_Locality_13,Cloud Kitchen,Seafood,1.0,10:00,23:00,2021,3.8,1758,3.6,4127,3.7,1206,Luxury,30,30,29,27,22.0,24.0,15,14,291,275,273737,252054,269372,247929,71.0,29.0,Swiggy Better,Live Music; Alcohol; Smoking Area; Parking,4,True,True,False,2023-12-06,891
REST001755,Restaurant_1755,Chennai,Chennai_Locality_10,Cloud Kitchen,Mughlai,12.0,07:00,23:00,3314,3.7,2172,3.5,2292,3.6,1276,Luxury,80,80,46,44,22.0,27.0,7,11,322,305,320480,284101,307600,271901,60.0,40.0,Swiggy Better,AC; Bar; Private Room,3,False,False,False,2019-03-19,2614
REST001756,Restaurant_1756,Chennai,Chennai_Locality_7,Casual Dining,Street Food,10.1,10:00,22:00,2368,4.6,2449,4.6,3130,4.6,308,Mid-Range,70,70,44,38,17.0,20.0,32,22,274,274,70045,67513,60455,57923,51.0,49.0,Swiggy Better,Outdoor Seating; Vegan Options; AC,3,False,False,True,2022-12-29,1233
REST001757,Restaurant_1757,Chennai,Chennai_Locality_7,Food Truck,South Indian; Desserts,7.6,07:00,22:00,3580,3.7,279,3.7,2714,3.7,171,Budget,58,58,41,45,18.0,23.0,7,9,132,132,18509,17380,14681,13552,62.0,38.0,Swiggy Better,Dessert Bar; WiFi; Rooftop; Parking; AC; Dine-in,6,False,False,True,2016-07-03,3603
REST001758,Restaurant_1758,Chennai,Chennai_Locality_13,Fine Dine,Korean,5.1,12:00,22:00,1639,4.1,3321,4.2,3984,4.15,1389,Luxury,45,45,37,36,15.0,13.0,21,15,150,154,177097,186098,173722,182633,52.0,48.0,Zomato Better,Family Friendly; Outdoor Seating; Rooftop; Vegan Options; Takeaway; AC; WiFi; Private Room,8,True,True,True,2016-06-01,3635
REST001759,Restaurant_1759,Chennai,Chennai_Locality_3,QSR (Quick Service),Cafe,8.5,10:00,23:00,1383,4.3,3979,4.2,1335,4.25,477,Mid-Range,62,62,37,33,22.0,22.0,17,23,230,224,85573,83341,78443,76397,64.0,36.0,Swiggy Better,Dine-in; Family Friendly; Vegan Options; Alcohol; Live Music; Dessert Bar,6,False,True,True,2020-07-11,2134
REST001760,Restaurant_1760,Chennai,Chennai_Locality_7,Cafe,Bakery,6.2,07:00,23:00,2633,4.3,3197,3.5,3406,3.9,1219,Luxury,51,51,31,41,23.0,20.0,21,11,210,171,197112,166759,191757,162398,45.0,55.0,Swiggy Better,Live Music; Dine-in; Private Room; Rooftop; Outdoor Seating,5,True,False,True,2022-03-14,1523
REST001761,Restaurant_1761,Chennai,Chennai_Locality_1,Food Truck,Bakery; Biryani,4.6,07:00,22:00,3608,3.7,1829,3.9,3717,3.8,328,Mid-Range,42,42,33,41,20.0,20.0,7,12,132,139,34636,36473,31864,33554,49.0,51.0,Zomato Better,Live Music; Vegan Options; Outdoor Seating; Dessert Bar; Rooftop; AC; Alcohol,7,False,False,True,2023-05-16,1095
REST001762,Restaurant_1762,Chennai,Chennai_Locality_20,Cloud Kitchen,Mexican; Continental,4.1,08:00,23:00,3015,3.9,4194,3.2,1765,3.55,439,Mid-Range,40,40,33,31,27.0,25.0,14,10,330,271,105755,89226,99155,83806,64.0,36.0,Swiggy Better,Alcohol; Takeaway; Dessert Bar; Rooftop; AC; Private Room; Smoking Area,7,True,True,True,2019-07-25,2486
REST001763,Restaurant_1763,Chennai,Chennai_Locality_13,QSR (Quick Service),North Indian; Cafe,11.0,08:00,23:00,1822,4.1,1050,3.6,1531,3.85,1141,Premium,75,75,44,49,18.0,18.0,25,7,230,202,215192,188995,206567,181420,53.0,47.0,Swiggy Better,Smoking Area; Outdoor Seating; Takeaway; Parking,4,False,True,False,2024-08-25,628
REST001764,Restaurant_1764,Chennai,Chennai_Locality_19,Fine Dine,Italian,3.2,08:00,23:00,3608,4.0,3242,4.2,2780,4.1,290,Budget,36,36,25,34,18.0,17.0,20,13,179,188,42566,45251,39344,41867,43.0,57.0,Zomato Better,Live Music; Vegan Options; AC; Rooftop,4,True,False,False,2017-01-01,3421
REST001765,Restaurant_1765,Chennai,Chennai_Locality_13,QSR (Quick Service),Continental; Mediterranean,11.3,07:00,22:00,1991,3.7,1112,4.0,41,3.85,1078,Premium,76,76,52,54,21.0,20.0,11,10,211,229,179691,197489,171673,188787,47.0,53.0,Zomato Better,Private Room; Dine-in; Rooftop; AC; Live Music,5,False,False,True,2017-06-15,3256
REST001766,Restaurant_1766,Chennai,Chennai_Locality_12,Cloud Kitchen,Street Food; Mexican,5.7,11:00,22:00,2564,4.5,3388,3.8,4804,4.15,1056,Premium,48,48,29,40,24.0,28.0,38,14,364,308,292131,234178,283395,226786,58.0,42.0,Swiggy Better,Dessert Bar; Takeaway; WiFi; Live Music; Family Friendly,5,True,False,False,2024-01-29,837
REST001767,Restaurant_1767,Chennai,Chennai_Locality_5,Casual Dining,Seafood; Mexican,6.7,10:00,23:00,520,3.7,2249,4.1,1221,3.9,520,Mid-Range,53,53,44,46,18.0,21.0,14,25,178,197,75899,80927,71182,75707,50.0,50.0,Zomato Better,Alcohol; Takeaway; Dessert Bar; Bar,4,True,True,False,2023-05-27,1084
REST001768,Restaurant_1768,Chennai,Chennai_Locality_4,Casual Dining,Italian,1.0,11:00,23:00,753,3.4,2688,3.8,130,3.6,1186,Premium,30,30,26,23,17.0,19.0,10,6,168,188,165375,180604,162855,177784,47.0,53.0,Zomato Better,Parking; Dessert Bar; AC; Bar,4,True,False,True,2023-10-06,952
REST001769,Restaurant_1769,Chennai,Chennai_Locality_3,Cafe,Street Food; Vietnamese,13.5,08:00,22:00,1589,4.0,707,3.7,2946,3.85,683,Mid-Range,87,87,54,49,21.0,23.0,15,10,175,162,94424,85197,86812,78150,64.0,36.0,Swiggy Better,Takeaway; Family Friendly; Rooftop; AC; Alcohol,5,True,True,False,2025-12-03,163
REST001770,Restaurant_1770,Chennai,Chennai_Locality_19,Food Truck,Continental,13.6,09:00,22:00,1073,4.2,2497,4.4,2849,4.3,1093,Premium,88,88,56,56,21.0,18.0,12,23,115,121,99299,108447,94239,103123,56.0,44.0,Zomato Better,Outdoor Seating; Parking; WiFi; Vegan Options; Bar; Live Music; Takeaway; Rooftop,8,False,True,False,2018-02-08,3018
REST001771,Restaurant_1771,Chennai,Chennai_Locality_17,QSR (Quick Service),Italian,14.5,08:00,23:00,484,3.7,3172,4.1,679,3.9,1032,Premium,92,92,61,59,18.0,20.0,5,25,177,196,149784,161817,141642,152801,51.0,49.0,Zomato Better,Rooftop; Bar; Live Music; AC; Family Friendly; Takeaway; Outdoor Seating; Dessert Bar,8,False,False,False,2026-03-30,46
REST001772,Restaurant_1772,Chennai,Chennai_Locality_6,Food Truck,Pan-Asian; Chinese,2.1,11:00,23:00,3263,4.4,3187,3.5,3705,3.95,437,Mid-Range,30,30,34,28,22.0,19.0,23,7,152,121,51810,42830,49530,41015,65.0,35.0,Swiggy Better,Live Music; Takeaway; Vegan Options; Private Room; Dessert Bar; AC; Family Friendly,7,False,False,False,2017-12-14,3074
REST001773,Restaurant_1773,Chennai,Chennai_Locality_9,Cafe,Desserts,0.7,07:00,22:00,3221,3.8,998,3.7,3721,3.75,835,Premium,30,30,26,26,18.0,18.0,8,13,197,191,134885,130777,131930,127912,53.0,47.0,Swiggy Better,Smoking Area; WiFi; Dine-in; Live Music; Vegan Options; Family Friendly; Outdoor Seating; AC,8,False,False,False,2023-02-18,1182
REST001774,Restaurant_1774,Chennai,Chennai_Locality_2,Cloud Kitchen,Mexican; Lebanese,8.9,09:00,22:00,394,3.6,516,4.5,2898,4.05,953,Premium,64,64,45,49,25.0,26.0,7,36,227,284,162248,200282,154984,191194,56.0,44.0,Zomato Better,Outdoor Seating; Live Music; Takeaway; Private Room; Smoking Area; Vegan Options; AC,7,False,True,False,2017-01-22,3400
REST001775,Restaurant_1775,Chennai,Chennai_Locality_12,Casual Dining,Pan-Asian,9.5,11:00,23:00,472,4.3,2035,3.7,4206,4.0,891,Premium,67,67,39,43,20.0,18.0,18,8,206,177,146836,129319,139935,123390,52.0,48.0,Swiggy Better,Bar; AC; Live Music; Private Room; Smoking Area; Outdoor Seating,6,False,True,False,2025-06-05,344
REST001776,Restaurant_1776,Chennai,Chennai_Locality_7,Fine Dine,Mexican,14.5,11:00,23:00,1432,3.8,2216,4.2,3035,4.0,247,Budget,92,92,48,56,15.0,16.0,14,18,136,150,28553,31122,22297,24222,49.0,51.0,Zomato Better,AC; Live Music; Rooftop; Dine-in; Vegan Options; Dessert Bar; Family Friendly,7,True,False,False,2022-08-22,1362
REST001777,Restaurant_1777,Chennai,Chennai_Locality_20,Fine Dine,Street Food,4.8,07:00,23:00,928,4.5,2167,3.6,1311,4.05,295,Budget,44,44,31,37,17.0,15.0,34,11,152,121,37217,30340,33873,27678,53.0,47.0,Swiggy Better,WiFi; Outdoor Seating; Alcohol; Parking,4,False,False,False,2025-12-01,165
REST001778,Restaurant_1778,Chennai,Chennai_Locality_16,Fine Dine,Pan-Asian,9.7,07:00,22:00,1935,3.4,3540,4.7,3125,4.05,624,Mid-Range,68,68,49,46,17.0,15.0,14,35,129,178,66811,94411,62425,88359,54.0,46.0,Zomato Better,Takeaway; Dessert Bar; Private Room; Dine-in; Vegan Options,5,True,False,False,2018-05-24,2913
REST001779,Restaurant_1779,Chennai,Chennai_Locality_16,Fine Dine,Vietnamese; North Indian,3.0,08:00,23:00,3306,4.4,2980,3.9,352,4.15,706,Premium,35,35,37,36,15.0,15.0,14,5,191,169,114619,101416,111276,98459,47.0,53.0,Swiggy Better,Outdoor Seating; Private Room; Parking; Takeaway; Live Music; Vegan Options; Dine-in,7,True,True,False,2019-09-23,2426
REST001780,Restaurant_1780,Chennai,Chennai_Locality_10,Fine Dine,Chinese; Chinese,6.9,10:00,22:00,2792,3.9,2856,3.9,3042,3.9,809,Premium,54,54,42,42,16.0,14.0,12,10,161,161,109409,112014,105062,107667,43.0,57.0,Zomato Better,Bar; Rooftop; WiFi; Parking; AC; Alcohol,6,False,False,False,2024-10-04,588
REST001781,Restaurant_1781,Chennai,Chennai_Locality_8,Casual Dining,Bakery,11.8,12:00,23:00,3515,4.6,2816,3.5,552,4.05,1318,Luxury,79,79,51,46,18.0,17.0,24,9,306,233,330712,254888,318625,245684,44.0,56.0,Swiggy Better,Live Music; Dine-in; Takeaway,3,False,True,False,2021-09-27,1691
REST001782,Restaurant_1782,Chennai,Chennai_Locality_7,Cafe,Desserts; South Indian,5.8,11:00,22:00,3078,4.2,982,3.8,3985,4.0,1141,Premium,49,49,36,29,19.0,21.0,17,15,214,194,197780,174869,192537,170116,49.0,51.0,Swiggy Better,Rooftop; Bar; Family Friendly,3,True,True,True,2016-12-16,3437
REST001783,Restaurant_1783,Chennai,Chennai_Locality_13,Cafe,Japanese,10.2,12:00,22:00,1806,3.1,559,3.6,4336,3.35,920,Premium,71,71,38,47,21.0,21.0,5,13,139,161,101025,117014,96090,111299,55.0,45.0,Zomato Better,Outdoor Seating; Private Room; Live Music,3,True,False,False,2019-10-25,2394
REST001784,Restaurant_1784,Chennai,Chennai_Locality_12,Fine Dine,Biryani,7.0,09:00,22:00,3645,4.1,2225,3.6,532,3.85,292,Budget,55,55,33,34,17.0,15.0,15,13,184,161,44594,39960,39534,35532,45.0,55.0,Swiggy Better,Live Music; Vegan Options; Private Room; Bar; AC; Outdoor Seating,6,False,True,True,2018-11-06,2747
REST001785,Restaurant_1785,Chennai,Chennai_Locality_5,Casual Dining,Thai; Vietnamese,1.3,10:00,23:00,318,3.8,92,3.8,4984,3.8,240,Budget,30,30,26,26,21.0,22.0,7,13,178,178,33748,33321,31078,30651,43.0,57.0,Swiggy Better,Vegan Options; Live Music; Smoking Area; Parking; Private Room; Rooftop,6,True,True,False,2021-12-29,1598
REST001786,Restaurant_1786,Chennai,Chennai_Locality_17,Casual Dining,Cafe,3.2,09:00,22:00,1602,4.3,439,3.9,1468,4.1,764,Premium,36,36,26,29,21.0,18.0,21,13,235,214,141836,134066,137606,130214,49.0,51.0,Swiggy Better,Bar; Parking; Smoking Area; Outdoor Seating; Dine-in,5,True,True,True,2018-08-30,2815
REST001787,Restaurant_1787,Chennai,Chennai_Locality_10,Cafe,Biryani,4.9,11:00,23:00,1292,3.8,3668,4.0,2230,3.9,266,Budget,44,44,28,41,20.0,23.0,5,16,161,169,34260,34614,30718,30896,61.0,39.0,Zomato Better,Outdoor Seating; Smoking Area; Takeaway; Bar; Dessert Bar; Family Friendly; Vegan Options; Parking,8,True,True,False,2022-06-05,1440
REST001788,Restaurant_1788,Chennai,Chennai_Locality_17,Cafe,Lebanese,4.0,07:00,22:00,334,4.3,876,4.5,437,4.4,620,Mid-Range,40,40,31,30,17.0,18.0,24,15,161,169,82850,85919,79630,82539,60.0,40.0,Zomato Better,Parking; Private Room; Family Friendly; Smoking Area; Bar; Takeaway; Outdoor Seating,7,False,True,True,2021-02-03,1927
REST001789,Restaurant_1789,Chennai,Chennai_Locality_20,Cafe,South Indian,6.7,12:00,22:00,2713,4.0,1490,4.1,1307,4.05,864,Premium,53,53,42,41,20.0,21.0,13,15,197,202,136166,137877,130945,132524,54.0,46.0,Zomato Better,WiFi; AC; Outdoor Seating; Takeaway; Live Music; Dessert Bar,6,False,False,False,2019-10-26,2393
REST001790,Restaurant_1790,Chennai,Chennai_Locality_13,Food Truck,Fast Food; Pan-Asian,14.1,08:00,22:00,1659,3.8,2681,3.9,4910,3.85,217,Budget,90,90,46,49,19.0,22.0,12,10,111,114,19510,19295,14515,14165,51.0,49.0,Swiggy Better,Rooftop; Family Friendly; AC; Live Music,4,False,True,False,2022-05-18,1458
REST001791,Restaurant_1791,Chennai,Chennai_Locality_14,QSR (Quick Service),Thai,13.7,10:00,23:00,2068,3.3,2658,3.6,4078,3.45,1145,Premium,88,88,51,48,22.0,23.0,5,11,190,207,169689,182501,161329,173393,56.0,44.0,Zomato Better,Vegan Options; Bar; Rooftop; Smoking Area; AC; WiFi,6,False,True,False,2025-03-04,437
REST001792,Restaurant_1792,Chennai,Chennai_Locality_20,Food Truck,Lebanese,2.5,09:00,23:00,3484,4.0,1367,4.0,3489,4.0,687,Mid-Range,32,32,25,34,17.0,21.0,11,19,141,141,80399,76524,78143,74268,57.0,43.0,Swiggy Better,AC; Smoking Area; Dine-in; Bar; Dessert Bar; Private Room; Live Music; Outdoor Seating,8,False,True,False,2018-04-05,2962
REST001793,Restaurant_1793,Chennai,Chennai_Locality_15,Fine Dine,Mexican,5.3,12:00,22:00,3548,4.5,1488,4.1,2751,4.3,507,Mid-Range,46,46,42,41,15.0,13.0,29,18,200,182,86190,80278,81590,76092,52.0,48.0,Swiggy Better,Private Room; AC; Outdoor Seating; Family Friendly; Smoking Area; Live Music; Parking; Takeaway,8,False,False,False,2023-05-02,1109
REST001794,Restaurant_1794,Chennai,Chennai_Locality_4,Cafe,Chinese,2.4,09:00,23:00,2476,3.5,4911,4.5,1979,4.0,1268,Luxury,31,31,25,39,18.0,20.0,15,29,168,216,174679,219110,172075,215762,65.0,35.0,Zomato Better,Vegan Options; Dessert Bar; Smoking Area; Private Room; Rooftop; Takeaway; AC,7,False,True,False,2022-05-20,1456
REST001795,Restaurant_1795,Chennai,Chennai_Locality_16,Casual Dining,Continental,10.0,07:00,22:00,1347,4.5,371,4.0,548,4.25,1272,Luxury,70,70,51,48,20.0,22.0,13,12,239,213,243206,211330,234841,203875,51.0,49.0,Swiggy Better,Smoking Area; Vegan Options; AC; Live Music; Bar,5,False,True,True,2019-12-16,2342
REST001796,Restaurant_1796,Chennai,Chennai_Locality_11,Fine Dine,Mughlai; Seafood,9.3,12:00,22:00,1625,3.7,2215,3.7,514,3.7,207,Budget,66,66,46,39,17.0,13.0,15,9,135,135,23194,24312,18739,19857,47.0,53.0,Zomato Better,Vegan Options; Bar; WiFi; Outdoor Seating; Takeaway,5,True,False,True,2024-06-17,697
REST001797,Restaurant_1797,Chennai,Chennai_Locality_17,Cafe,Thai; Chinese,3.2,10:00,23:00,2598,4.0,3821,4.1,4492,4.05,1057,Premium,36,36,33,35,19.0,19.0,13,11,195,200,166953,171234,163443,167634,59.0,41.0,Zomato Better,Live Music; Family Friendly; Parking; Private Room; Bar; Dine-in; Dessert Bar,7,False,True,False,2016-09-02,3542
REST001798,Restaurant_1798,Chennai,Chennai_Locality_9,Fine Dine,Biryani,2.1,09:00,22:00,3144,4.2,4569,4.4,1689,4.3,927,Premium,30,30,31,25,14.0,17.0,15,25,180,188,143499,144649,140799,141829,52.0,48.0,Zomato Better,Bar; Dine-in; Smoking Area; AC; Vegan Options; Dessert Bar,6,True,True,True,2021-08-16,1733
REST001799,Restaurant_1799,Chennai,Chennai_Locality_9,QSR (Quick Service),Mediterranean,9.2,07:00,22:00,1811,3.8,98,4.0,1400,3.9,611,Mid-Range,66,66,42,44,23.0,22.0,9,21,213,224,100210,106753,93181,99361,48.0,52.0,Zomato Better,Bar; Rooftop; AC; Vegan Options; Takeaway; Parking; Family Friendly,7,True,False,False,2019-07-20,2491
REST001800,Restaurant_1800,Chennai,Chennai_Locality_14,Casual Dining,Japanese,3.4,09:00,23:00,1982,3.9,4438,3.9,3889,3.9,1232,Luxury,37,37,31,31,18.0,22.0,15,6,223,223,225283,214294,221158,210168,48.0,52.0,Swiggy Better,Bar; Live Music; Private Room,3,False,False,True,2016-06-13,3623
REST001801,Restaurant_1801,Chennai,Chennai_Locality_8,Casual Dining,Bakery,2.9,12:00,23:00,363,4.4,815,4.0,1194,4.2,1152,Premium,34,34,22,30,18.0,20.0,11,12,207,188,195540,173260,192021,170064,46.0,54.0,Swiggy Better,Dessert Bar; Outdoor Seating; Private Room; Bar,4,True,True,True,2024-04-04,771
REST001802,Restaurant_1802,Chennai,Chennai_Locality_8,QSR (Quick Service),Seafood,13.0,11:00,23:00,489,3.2,4612,3.9,813,3.55,1000,Premium,85,85,55,46,22.0,17.0,9,7,153,187,119340,155210,112837,147262,55.0,45.0,Zomato Better,Private Room; Parking; Vegan Options; Rooftop; Dine-in; Dessert Bar; Outdoor Seating; WiFi,8,True,True,True,2023-03-16,1156
REST001803,Restaurant_1803,Chennai,Chennai_Locality_8,Cloud Kitchen,South Indian; Japanese,12.9,07:00,22:00,3246,3.4,1727,4.0,2118,3.7,221,Budget,84,84,52,61,24.0,26.0,14,15,294,346,49380,56584,37032,42052,56.0,44.0,Zomato Better,Bar; Rooftop; Dessert Bar; Takeaway; Family Friendly,5,True,True,False,2023-07-13,1037
REST001804,Restaurant_1804,Chennai,Chennai_Locality_17,Food Truck,Italian,2.9,07:00,22:00,694,3.7,1287,3.7,3995,3.7,1412,Luxury,34,34,26,33,18.0,18.0,12,5,97,97,112310,112310,110661,110661,51.0,49.0,Balanced,Dine-in; AC; Outdoor Seating; Smoking Area; Alcohol; Rooftop; Takeaway; Vegan Options,8,False,True,False,2021-02-28,1902
REST001805,Restaurant_1805,Chennai,Chennai_Locality_11,Cloud Kitchen,Seafood; Lebanese,10.2,10:00,22:00,902,4.1,2018,3.8,2735,3.95,239,Budget,71,71,43,43,24.0,26.0,20,5,276,256,50132,45276,40334,36188,60.0,40.0,Swiggy Better,Outdoor Seating; Private Room; Vegan Options; Takeaway; Alcohol; WiFi; Dessert Bar,7,False,False,False,2023-03-30,1142
REST001806,Restaurant_1806,Chennai,Chennai_Locality_12,Cafe,Vietnamese,4.8,08:00,22:00,3481,3.9,2521,4.3,1038,4.1,370,Mid-Range,44,44,30,36,19.0,17.0,9,22,207,228,62037,70018,57483,65002,50.0,50.0,Zomato Better,Takeaway; Private Room; WiFi; Rooftop; Bar,5,False,False,False,2018-07-05,2871
REST001807,Restaurant_1807,Chennai,Chennai_Locality_10,Cloud Kitchen,Seafood,11.2,09:00,22:00,685,3.9,4194,3.5,4385,3.7,956,Premium,76,76,46,51,25.0,23.0,5,9,255,229,182835,168571,173145,159869,55.0,45.0,Swiggy Better,Takeaway; Family Friendly; Alcohol; WiFi,4,True,True,True,2023-08-16,1003
REST001808,Restaurant_1808,Chennai,Chennai_Locality_16,Casual Dining,Mexican; Vietnamese,5.4,08:00,22:00,2188,3.5,1095,4.0,3625,3.75,399,Mid-Range,47,47,39,35,19.0,18.0,10,10,204,233,65930,76232,61136,70757,42.0,58.0,Zomato Better,Live Music; Private Room; Alcohol; Dessert Bar; Smoking Area; WiFi; Takeaway; Outdoor Seating,8,False,False,True,2024-09-30,592
REST001809,Restaurant_1809,Chennai,Chennai_Locality_15,Casual Dining,Street Food; South Indian,4.8,11:00,23:00,311,3.6,413,4.6,435,4.1,1029,Premium,44,44,34,38,21.0,21.0,13,25,168,215,136568,174775,132872,170045,54.0,46.0,Zomato Better,Live Music; Smoking Area; Parking; Outdoor Seating; Takeaway; Dine-in,6,False,True,False,2019-02-09,2652
REST001810,Restaurant_1810,Chennai,Chennai_Locality_6,QSR (Quick Service),Pan-Asian; Japanese,14.6,08:00,22:00,957,3.7,3037,3.9,829,3.8,274,Budget,93,93,49,52,21.0,20.0,15,6,188,198,40694,43401,31952,34194,55.0,45.0,Zomato Better,Takeaway; Smoking Area; Rooftop; Vegan Options; Bar; WiFi; Outdoor Seating,7,True,False,True,2017-02-11,3380
REST001811,Restaurant_1811,Chennai,Chennai_Locality_14,QSR (Quick Service),Continental; North Indian,4.2,12:00,23:00,851,3.6,1611,4.6,1546,4.1,731,Premium,41,41,28,31,21.0,18.0,5,28,180,231,103948,138466,100258,133730,47.0,53.0,Zomato Better,Private Room; Smoking Area; Vegan Options,3,True,True,True,2023-01-09,1222
REST001812,Restaurant_1812,Chennai,Chennai_Locality_1,QSR (Quick Service),Bakery; South Indian,9.4,12:00,23:00,361,4.1,1824,4.4,1105,4.25,750,Premium,67,67,43,43,22.0,20.0,15,19,193,207,112905,124200,106439,117265,55.0,45.0,Zomato Better,Family Friendly; Alcohol; Live Music; Vegan Options; Dine-in,5,False,True,True,2024-10-08,584
REST001813,Restaurant_1813,Chennai,Chennai_Locality_18,Casual Dining,Pan-Asian,14.2,11:00,22:00,1798,4.3,923,4.1,4670,4.2,1180,Premium,91,91,57,47,18.0,19.0,21,15,241,229,233191,218878,222226,208458,47.0,53.0,Swiggy Better,Family Friendly; AC; Vegan Options,3,True,False,True,2024-09-05,617
REST001814,Restaurant_1814,Chennai,Chennai_Locality_15,Fine Dine,Chinese; Korean,7.6,09:00,22:00,2390,3.7,471,4.2,883,3.95,1245,Luxury,58,58,44,41,12.0,13.0,12,22,147,167,161053,180886,156790,176043,44.0,56.0,Zomato Better,Takeaway; Dessert Bar; Outdoor Seating,3,True,True,True,2021-12-04,1623
REST001815,Restaurant_1815,Chennai,Chennai_Locality_1,QSR (Quick Service),Multi-Cuisine,14.8,08:00,23:00,109,4.4,2867,3.5,3872,3.95,789,Premium,94,94,55,63,23.0,18.0,18,12,200,159,121506,102869,112106,95396,65.0,35.0,Swiggy Better,Private Room; Rooftop; Takeaway; Bar; Alcohol; WiFi; Parking; Smoking Area,8,False,True,True,2016-08-19,3556
REST001816,Restaurant_1816,Chennai,Chennai_Locality_3,Casual Dining,Italian,8.3,10:00,22:00,816,4.5,1108,3.9,2715,4.2,381,Mid-Range,61,61,47,45,17.0,22.0,22,5,225,195,71151,57950,64289,52002,48.0,52.0,Swiggy Better,AC; Outdoor Seating; Live Music; Family Friendly,4,True,False,False,2025-11-15,181
REST001817,Restaurant_1817,Chennai,Chennai_Locality_6,Cloud Kitchen,Biryani,10.3,08:00,22:00,685,3.6,3232,4.7,2767,4.15,720,Premium,71,71,42,45,26.0,24.0,10,39,236,308,125740,168537,117362,157603,57.0,43.0,Zomato Better,Live Music; AC; Parking,3,True,False,False,2017-11-25,3093
REST001818,Restaurant_1818,Chennai,Chennai_Locality_9,Casual Dining,Bakery,6.8,10:00,22:00,1880,4.4,3957,4.8,3203,4.6,301,Mid-Range,54,54,31,38,19.0,19.0,20,25,248,271,60464,66072,53768,58755,49.0,51.0,Zomato Better,WiFi; Bar; Rooftop; Outdoor Seating,4,True,False,False,2019-08-04,2476
REST001819,Restaurant_1819,Chennai,Chennai_Locality_20,QSR (Quick Service),Continental,7.0,10:00,23:00,245,4.0,3271,4.2,337,4.1,1474,Luxury,55,55,42,48,21.0,22.0,17,12,186,195,216589,224195,211474,218832,61.0,39.0,Zomato Better,AC; Dine-in; Takeaway,3,False,False,False,2016-10-20,3494
REST001820,Restaurant_1820,Chennai,Chennai_Locality_3,Casual Dining,Korean; Fast Food,1.9,12:00,23:00,3069,4.0,49,4.3,775,4.15,861,Premium,30,30,36,29,21.0,21.0,5,23,255,274,173448,186372,169623,182262,43.0,57.0,Zomato Better,Dine-in; Alcohol; Rooftop; Private Room; Live Music; Parking; Bar,7,False,False,True,2020-08-26,2088
REST001821,Restaurant_1821,Chennai,Chennai_Locality_18,Cloud Kitchen,Desserts,7.0,11:00,23:00,3165,3.4,3967,3.7,2139,3.55,422,Mid-Range,55,55,36,42,25.0,28.0,9,8,292,318,92418,96621,84388,87876,58.0,42.0,Zomato Better,Alcohol; Outdoor Seating; Rooftop; Family Friendly; Parking; AC,6,False,False,False,2018-10-02,2782
REST001822,Restaurant_1822,Chennai,Chennai_Locality_14,Fine Dine,Street Food,13.7,08:00,23:00,2001,4.1,886,4.7,2742,4.4,1235,Luxury,88,88,62,52,15.0,17.0,18,31,156,179,163761,183483,156897,175607,54.0,46.0,Zomato Better,Takeaway; Private Room; Vegan Options,3,True,True,False,2017-04-12,3320
REST001823,Restaurant_1823,Chennai,Chennai_Locality_19,Cloud Kitchen,Multi-Cuisine,9.4,10:00,23:00,662,4.2,874,4.4,176,4.3,167,Budget,67,67,42,35,27.0,27.0,22,8,274,287,33403,34988,24224,25373,67.0,33.0,Zomato Better,Takeaway; Rooftop; Private Room; Alcohol; Family Friendly,5,False,False,False,2025-08-31,257
REST001824,Restaurant_1824,Chennai,Chennai_Locality_8,Casual Dining,Fast Food,6.0,12:00,22:00,936,4.3,3347,4.1,2251,4.2,371,Mid-Range,50,50,32,33,22.0,21.0,12,11,218,208,63084,60962,57634,55762,51.0,49.0,Swiggy Better,AC; Family Friendly; Parking; Alcohol,4,True,False,True,2019-12-01,2357
REST001825,Restaurant_1825,Chennai,Chennai_Locality_2,Casual Dining,Thai; Desserts,1.5,10:00,22:00,404,4.4,2045,3.3,3979,3.85,207,Budget,30,30,26,26,22.0,21.0,24,12,208,156,33583,25510,30463,23170,44.0,56.0,Swiggy Better,Live Music; Family Friendly; Smoking Area; Dessert Bar; Takeaway; AC; Outdoor Seating; Private Room,8,False,True,False,2020-10-15,2038
REST001826,Restaurant_1826,Chennai,Chennai_Locality_1,Cloud Kitchen,South Indian,14.6,11:00,23:00,2640,3.9,4879,4.0,3794,3.95,262,Budget,93,93,57,55,26.0,27.0,11,12,318,326,61653,62350,46866,47191,62.0,38.0,Zomato Better,Dine-in; AC; Takeaway; Smoking Area; Alcohol; Parking; Live Music,7,False,True,False,2026-03-20,56
REST001827,Restaurant_1827,Chennai,Chennai_Locality_5,Fine Dine,North Indian,11.4,12:00,22:00,572,4.2,1797,4.4,352,4.3,802,Premium,77,77,54,52,18.0,12.0,12,22,135,142,88781,100217,83583,94750,42.0,58.0,Zomato Better,Live Music; Rooftop; WiFi; Bar; Vegan Options; Takeaway; Dine-in,7,False,False,False,2021-05-24,1817
REST001828,Restaurant_1828,Chennai,Chennai_Locality_10,Fine Dine,South Indian; Italian,9.4,07:00,23:00,355,4.0,1237,4.2,1253,4.1,893,Premium,67,67,47,46,17.0,18.0,20,22,125,132,92648,96658,88461,92236,52.0,48.0,Zomato Better,AC; Family Friendly; Outdoor Seating,3,True,True,False,2016-06-25,3611
REST001829,Restaurant_1829,Chennai,Chennai_Locality_10,Fine Dine,Continental; Desserts,11.9,10:00,23:00,2467,3.5,2266,4.9,1293,4.2,321,Mid-Range,79,79,52,42,17.0,17.0,9,40,140,196,37300,52220,31770,44478,52.0,48.0,Zomato Better,Dine-in; Parking; Bar; Family Friendly; Private Room; Vegan Options; Dessert Bar,7,True,True,True,2022-12-27,1235
REST001830,Restaurant_1830,Chennai,Chennai_Locality_7,QSR (Quick Service),Lebanese; Mexican,4.1,08:00,22:00,1565,4.3,2634,4.3,2365,4.3,1180,Premium,40,40,22,37,23.0,18.0,14,10,234,234,212612,226418,207932,221738,62.0,38.0,Zomato Better,Takeaway; Bar; Live Music; Vegan Options; Dessert Bar; Outdoor Seating,6,True,True,False,2025-02-06,463
REST001831,Restaurant_1831,Chennai,Chennai_Locality_9,Cloud Kitchen,Mexican; Street Food,5.0,08:00,23:00,714,3.6,1609,3.8,516,3.7,239,Budget,45,45,44,29,23.0,26.0,11,11,237,250,43615,44215,38282,38590,67.0,33.0,Zomato Better,Private Room; Family Friendly; Rooftop; AC; Outdoor Seating; Vegan Options,6,False,True,True,2019-03-12,2621
REST001832,Restaurant_1832,Chennai,Chennai_Locality_10,Cafe,Vietnamese; Lebanese,12.7,07:00,22:00,2480,4.0,1017,4.6,3409,4.3,759,Premium,83,83,53,44,23.0,23.0,18,29,192,221,112210,129159,104242,119987,62.0,38.0,Zomato Better,Parking; Family Friendly; Private Room; Bar; Takeaway; Live Music,6,False,True,True,2022-06-04,1441
REST001833,Restaurant_1833,Chennai,Chennai_Locality_19,QSR (Quick Service),Fast Food,3.6,08:00,23:00,3480,4.0,1431,3.8,3847,3.9,923,Premium,38,38,28,34,20.0,19.0,25,9,265,252,195676,188402,190641,183614,60.0,40.0,Swiggy Better,Rooftop; Smoking Area; WiFi; AC; Private Room; Parking; Dessert Bar,7,True,True,True,2018-02-08,3018
REST001834,Restaurant_1834,Chennai,Chennai_Locality_4,Cafe,North Indian,12.8,10:00,23:00,987,3.6,4625,4.7,2417,4.15,885,Premium,84,84,53,48,18.0,23.0,7,27,147,192,106677,130838,100503,122774,65.0,35.0,Zomato Better,Rooftop; Parking; Bar; Live Music; Smoking Area,5,False,False,True,2021-08-11,1738
REST001835,Restaurant_1835,Chennai,Chennai_Locality_14,Casual Dining,Thai,12.3,10:00,23:00,3185,3.7,1228,4.8,53,4.25,602,Mid-Range,81,81,53,43,18.0,22.0,12,15,239,310,117979,145563,108300,133008,40.0,60.0,Zomato Better,Takeaway; Rooftop; Vegan Options; Smoking Area; Parking; Family Friendly,6,False,True,False,2025-03-05,436
REST001836,Restaurant_1836,Chennai,Chennai_Locality_17,Fine Dine,Italian; Pan-Asian,2.1,08:00,22:00,1588,4.3,2249,4.1,1324,4.2,1273,Luxury,30,30,33,31,16.0,14.0,11,12,157,149,167883,163122,165528,160887,47.0,53.0,Swiggy Better,Live Music; Vegan Options; Family Friendly; Dessert Bar; Parking; Dine-in,6,False,False,True,2017-02-02,3389
REST001837,Restaurant_1837,Chennai,Chennai_Locality_20,Fine Dine,Pan-Asian,8.6,07:00,22:00,408,3.5,2425,3.4,1820,3.45,180,Budget,63,63,47,43,17.0,16.0,10,11,110,107,16434,16178,12969,12807,43.0,57.0,Swiggy Better,WiFi; Outdoor Seating; Family Friendly; Dessert Bar; AC; Live Music; Alcohol,7,True,True,True,2021-12-30,1597
REST001838,Restaurant_1838,Chennai,Chennai_Locality_8,Casual Dining,Mediterranean; Mexican,10.6,07:00,23:00,441,4.0,3768,4.7,2792,4.35,618,Mid-Range,73,73,49,41,22.0,23.0,18,23,190,224,91587,106592,84652,98416,53.0,47.0,Zomato Better,Private Room; Outdoor Seating; AC; Bar; WiFi,5,True,True,False,2025-12-11,155
REST001839,Restaurant_1839,Chennai,Chennai_Locality_10,Cafe,Desserts; Italian,14.1,12:00,22:00,2103,4.3,528,3.4,3393,3.85,1168,Premium,90,90,50,60,21.0,22.0,19,5,199,157,183621,143033,174666,135968,59.0,41.0,Swiggy Better,Alcohol; WiFi; Dessert Bar; Family Friendly; Private Room,5,True,False,False,2020-10-22,2031
REST001840,Restaurant_1840,Chennai,Chennai_Locality_6,Casual Dining,Thai; Multi-Cuisine,9.9,11:00,23:00,1396,4.4,4840,3.7,4459,4.05,515,Mid-Range,69,69,48,53,21.0,17.0,18,7,235,198,95609,84635,87502,77804,45.0,55.0,Swiggy Better,Dine-in; Smoking Area; Takeaway,3,False,False,True,2024-12-16,515
REST001841,Restaurant_1841,Chennai,Chennai_Locality_9,Cloud Kitchen,Street Food,5.9,12:00,22:00,2347,3.9,4486,3.6,3125,3.75,937,Premium,49,49,49,31,23.0,27.0,8,14,309,285,222940,194942,215369,187960,64.0,36.0,Swiggy Better,Rooftop; Live Music; Bar; Dine-in; Smoking Area,5,True,False,False,2018-01-04,3053
REST001842,Restaurant_1842,Chennai,Chennai_Locality_6,Casual Dining,Vietnamese,13.1,10:00,22:00,1542,3.3,1797,4.2,874,3.75,509,Mid-Range,85,85,52,48,21.0,20.0,5,13,179,228,71977,92841,64370,83151,45.0,55.0,Zomato Better,Takeaway; Bar; Smoking Area; Rooftop,4,False,False,False,2024-12-02,529
REST001843,Restaurant_1843,Chennai,Chennai_Locality_18,Casual Dining,Biryani,3.3,09:00,22:00,611,4.1,3522,4.1,4754,4.1,782,Premium,36,36,29,37,20.0,20.0,12,17,199,199,124494,124494,120912,120912,53.0,47.0,Balanced,Dessert Bar; Vegan Options; Live Music; Parking; Smoking Area,5,True,True,False,2022-05-14,1462
REST001844,Restaurant_1844,Chennai,Chennai_Locality_6,Food Truck,Fast Food,11.0,08:00,23:00,2012,4.1,1665,3.7,1031,3.9,1031,Premium,75,75,49,48,21.0,23.0,23,15,125,113,101811,89707,97123,85469,58.0,42.0,Swiggy Better,Dessert Bar; Bar; Private Room; Family Friendly; Alcohol; WiFi; Outdoor Seating,7,False,False,True,2022-08-01,1383
REST001845,Restaurant_1845,Chennai,Chennai_Locality_15,QSR (Quick Service),Cafe,12.0,12:00,23:00,223,4.4,2907,3.5,305,3.95,936,Premium,80,80,44,53,21.0,23.0,20,11,204,162,150845,116756,142685,110276,59.0,41.0,Swiggy Better,Parking; Vegan Options; WiFi; Rooftop; Takeaway; AC; Bar,7,True,True,True,2025-03-05,436
REST001846,Restaurant_1846,Chennai,Chennai_Locality_18,Fine Dine,Mughlai,5.1,08:00,23:00,146,4.0,4252,3.8,348,3.9,955,Premium,45,45,33,28,13.0,18.0,17,7,122,116,101363,90839,98618,88229,40.0,60.0,Swiggy Better,Dessert Bar; Parking; Bar; Takeaway,4,False,True,True,2024-08-31,622
REST001847,Restaurant_1847,Chennai,Chennai_Locality_7,Cloud Kitchen,Pan-Asian,10.6,10:00,22:00,283,4.1,3596,3.5,653,3.8,1477,Luxury,73,73,43,40,28.0,24.0,16,5,255,218,271177,244709,261869,236752,69.0,31.0,Swiggy Better,Family Friendly; Dessert Bar; WiFi,3,False,False,False,2018-01-04,3053
REST001848,Restaurant_1848,Chennai,Chennai_Locality_10,Cloud Kitchen,Seafood,13.5,12:00,23:00,3396,4.3,805,3.7,3298,4.0,650,Mid-Range,87,87,52,54,27.0,28.0,17,11,378,325,179361,152100,162918,137962,62.0,38.0,Swiggy Better,Dine-in; Parking; Family Friendly; Bar,4,False,False,False,2018-07-30,2846
REST001849,Restaurant_1849,Chennai,Chennai_Locality_2,Cloud Kitchen,South Indian,3.2,09:00,22:00,3578,2.8,3513,4.3,3505,3.55,241,Budget,36,36,37,28,22.0,28.0,7,23,250,384,46995,66631,42495,59719,68.0,32.0,Zomato Better,Dine-in; AC; Alcohol,3,False,False,True,2022-05-29,1447
REST001850,Restaurant_1850,Chennai,Chennai_Locality_16,Casual Dining,Mediterranean; Desserts,4.4,12:00,23:00,469,4.5,124,4.2,2139,4.35,550,Mid-Range,42,42,28,31,18.0,20.0,11,11,215,201,96965,88440,92450,84219,48.0,52.0,Swiggy Better,Dine-in; Takeaway; Alcohol,3,True,True,False,2020-07-12,2133
REST001851,Restaurant_1851,Chennai,Chennai_Locality_18,Fine Dine,Mediterranean; Thai,2.3,12:00,22:00,912,3.5,4154,4.1,4863,3.8,1329,Luxury,31,31,31,23,18.0,15.0,14,14,118,138,128594,155891,126765,153752,53.0,47.0,Zomato Better,AC; Parking; Dine-in,3,True,True,False,2021-01-25,1936
REST001852,Restaurant_1852,Chennai,Chennai_Locality_17,Cloud Kitchen,Mexican; Italian,1.0,10:00,23:00,2159,3.9,1035,3.7,1043,3.8,992,Premium,30,30,31,31,23.0,25.0,8,7,303,287,231443,213528,226898,209223,57.0,43.0,Swiggy Better,Takeaway; Rooftop; AC; Private Room; Parking; Smoking Area; Family Friendly,7,False,True,True,2025-06-01,348
REST001853,Restaurant_1853,Chennai,Chennai_Locality_10,Fine Dine,Vietnamese; Street Food,8.8,08:00,23:00,503,4.7,4015,4.8,3505,4.75,523,Mid-Range,64,64,43,38,18.0,15.0,31,22,150,153,64329,68016,59529,63120,49.0,51.0,Zomato Better,Private Room; Alcohol; Outdoor Seating,3,False,False,False,2017-11-02,3116
REST001854,Restaurant_1854,Chennai,Chennai_Locality_7,Cafe,Mughlai,9.1,08:00,23:00,1896,4.3,4391,4.2,1601,4.25,996,Premium,65,65,44,45,23.0,19.0,17,20,195,190,149549,153284,143211,147109,60.0,40.0,Zomato Better,Live Music; Smoking Area; WiFi,3,False,True,False,2018-04-15,2952
REST001855,Restaurant_1855,Chennai,Chennai_Locality_17,QSR (Quick Service),Korean,6.9,09:00,23:00,1856,3.7,2082,4.2,4424,3.95,441,Mid-Range,54,54,46,45,20.0,21.0,13,15,208,237,73382,82568,67766,76169,62.0,38.0,Zomato Better,Rooftop; Outdoor Seating; Parking,3,False,False,False,2021-01-02,1959
REST001856,Restaurant_1856,Chennai,Chennai_Locality_3,Fine Dine,Pan-Asian,5.4,09:00,23:00,881,3.6,3416,4.4,2657,4.0,1006,Premium,47,47,27,28,13.0,15.0,9,19,121,147,105901,125699,103058,122245,50.0,50.0,Zomato Better,Smoking Area; Family Friendly; Takeaway; Live Music; WiFi; Rooftop,6,True,False,True,2017-12-10,3078
REST001857,Restaurant_1857,Chennai,Chennai_Locality_8,Cafe,Thai; Lebanese,4.3,07:00,22:00,3434,3.4,1118,4.3,3659,3.85,1013,Premium,41,41,36,29,23.0,22.0,11,25,179,227,139621,179361,135952,174708,60.0,40.0,Zomato Better,Dine-in; Private Room; Live Music; Vegan Options; Rooftop; Dessert Bar; AC; Family Friendly,8,False,False,False,2023-06-02,1078
REST001858,Restaurant_1858,Chennai,Chennai_Locality_18,Fine Dine,South Indian; Biryani,4.2,10:00,22:00,2427,4.0,4267,3.3,1533,3.65,262,Budget,41,41,36,31,14.0,16.0,17,10,159,131,35825,28830,32566,26144,54.0,46.0,Swiggy Better,Rooftop; Alcohol; Outdoor Seating; Family Friendly; Dessert Bar; Takeaway; Bar; Live Music,8,True,True,True,2023-12-03,894
REST001859,Restaurant_1859,Chennai,Chennai_Locality_13,Cafe,North Indian,4.6,12:00,23:00,1814,4.8,2195,4.6,3900,4.7,1191,Premium,42,42,35,28,21.0,20.0,36,29,215,206,202291,196276,197776,191950,63.0,37.0,Swiggy Better,Private Room; Alcohol; Dessert Bar; Bar; Family Friendly,5,False,False,False,2018-06-07,2899
REST001860,Restaurant_1860,Chennai,Chennai_Locality_20,Fine Dine,Italian,1.8,09:00,23:00,2494,4.7,453,4.3,3086,4.5,1356,Luxury,30,30,25,17,16.0,15.0,21,13,189,173,215278,199399,212443,196804,52.0,48.0,Swiggy Better,Alcohol; Private Room; Dessert Bar,3,True,True,False,2017-09-29,3150
REST001861,Restaurant_1861,Chennai,Chennai_Locality_17,Cafe,Thai; Mediterranean,12.9,12:00,23:00,2250,4.0,1544,4.1,3166,4.05,827,Premium,84,84,54,52,19.0,18.0,13,13,188,193,125935,130881,118039,122775,46.0,54.0,Zomato Better,Rooftop; Outdoor Seating; Dine-in; Bar; Family Friendly,5,False,False,True,2016-10-28,3486
REST001862,Restaurant_1862,Chennai,Chennai_Locality_19,Casual Dining,Bakery,4.6,10:00,23:00,1560,4.6,4677,4.2,3430,4.4,294,Budget,42,42,40,33,23.0,21.0,25,25,251,229,56821,53187,51550,48378,52.0,48.0,Swiggy Better,WiFi; Rooftop; Parking,3,True,False,False,2020-03-14,2253
REST001863,Restaurant_1863,Chennai,Chennai_Locality_19,Cloud Kitchen,Chinese,7.0,10:00,22:00,2040,4.4,1616,4.4,2756,4.4,764,Premium,55,55,35,35,24.0,23.0,13,21,337,337,195675,198250,186408,188982,56.0,44.0,Zomato Better,Live Music; Dessert Bar; Alcohol; Private Room; Smoking Area; WiFi; Rooftop; Parking,8,True,True,True,2024-04-15,760
REST001864,Restaurant_1864,Chennai,Chennai_Locality_2,Fine Dine,Thai; Korean,5.0,07:00,22:00,3219,3.8,3705,5.0,272,4.4,590,Mid-Range,45,45,31,37,17.0,16.0,8,12,164,216,80310,107049,76620,102189,53.0,47.0,Zomato Better,WiFi; Private Room; Dessert Bar; Outdoor Seating,4,False,True,False,2023-01-04,1227
REST001865,Restaurant_1865,Chennai,Chennai_Locality_16,Fine Dine,Thai,13.1,08:00,22:00,1641,4.0,3852,3.3,4970,3.65,1500,Luxury,85,85,54,43,13.0,18.0,15,6,146,121,190530,148830,184325,143687,44.0,56.0,Swiggy Better,Private Room; Takeaway; Family Friendly,3,True,False,True,2023-04-16,1125
REST001866,Restaurant_1866,Chennai,Chennai_Locality_11,Fine Dine,Mughlai; Multi-Cuisine,14.8,10:00,23:00,3028,4.0,2253,4.3,504,4.15,712,Premium,94,94,46,49,15.0,16.0,20,12,169,182,102278,108850,94335,100296,49.0,51.0,Zomato Better,AC; Smoking Area; Outdoor Seating; Family Friendly; Takeaway; WiFi; Parking,7,False,True,False,2021-07-13,1767
REST001867,Restaurant_1867,Chennai,Chennai_Locality_17,Cafe,Japanese; Mexican,6.8,08:00,23:00,3453,3.4,3684,4.0,3798,3.7,347,Mid-Range,54,54,32,26,17.0,21.0,8,12,180,212,51841,58115,46981,52391,47.0,53.0,Zomato Better,AC; Bar; Private Room; Family Friendly; Dine-in; Rooftop,6,True,True,True,2024-11-11,550
REST001868,Restaurant_1868,Chennai,Chennai_Locality_14,Cafe,Street Food,11.7,09:00,23:00,3046,3.8,2387,4.4,1615,4.1,150,Budget,78,78,48,47,20.0,21.0,5,23,193,224,23160,26544,15633,17808,57.0,43.0,Zomato Better,AC; Parking; Vegan Options; WiFi; Rooftop,5,True,False,False,2020-03-14,2253
REST001869,Restaurant_1869,Chennai,Chennai_Locality_9,Food Truck,Lebanese,9.2,12:00,22:00,822,4.6,1166,4.0,1376,4.3,924,Premium,66,66,32,39,17.0,21.0,35,21,122,106,93564,77375,89538,73877,55.0,45.0,Swiggy Better,Bar; Rooftop; Family Friendly; Alcohol; Parking,5,False,False,False,2020-11-10,2012
REST001870,Restaurant_1870,Chennai,Chennai_Locality_5,QSR (Quick Service),Bakery,4.3,09:00,22:00,1744,4.5,1832,4.1,1066,4.3,457,Mid-Range,41,41,40,45,19.0,18.0,33,22,250,228,92542,85440,87417,80766,52.0,48.0,Swiggy Better,Rooftop; Live Music; Bar; Parking; Dine-in,5,False,False,False,2022-02-21,1544
REST001871,Restaurant_1871,Chennai,Chennai_Locality_19,Casual Dining,Italian,2.7,10:00,22:00,1766,4.4,4034,4.5,3601,4.45,1027,Premium,33,33,44,30,21.0,20.0,25,22,245,251,198775,206221,194733,202080,42.0,58.0,Zomato Better,Dine-in; Outdoor Seating; WiFi,3,False,False,True,2023-03-25,1147
REST001872,Restaurant_1872,Chennai,Chennai_Locality_20,Cafe,Street Food; Cafe,9.2,11:00,23:00,1623,3.5,1843,3.6,1673,3.55,653,Mid-Range,66,66,35,43,22.0,20.0,8,13,154,158,78438,82539,73356,77325,56.0,44.0,Zomato Better,Rooftop; AC; Alcohol; Vegan Options; Smoking Area; Outdoor Seating; Parking; Takeaway,8,False,True,False,2020-01-15,2312
REST001873,Restaurant_1873,Chennai,Chennai_Locality_12,Food Truck,Italian; Mediterranean,3.1,08:00,23:00,611,4.7,4951,4.2,1940,4.45,1132,Premium,35,35,25,29,19.0,18.0,39,10,122,109,111864,101178,109729,99270,60.0,40.0,Swiggy Better,Alcohol; WiFi; Vegan Options; AC; Dine-in; Live Music,6,True,False,False,2024-04-23,752
REST001874,Restaurant_1874,Chennai,Chennai_Locality_5,Fine Dine,Japanese,15.0,10:00,23:00,661,4.1,473,4.2,3692,4.15,977,Premium,95,95,47,58,17.0,17.0,24,17,134,137,108661,111094,102296,104587,47.0,53.0,Zomato Better,Vegan Options; Family Friendly; Takeaway; Alcohol; Rooftop; Smoking Area; Dine-in; Parking,8,False,False,True,2021-06-18,1792
REST001875,Restaurant_1875,Chennai,Chennai_Locality_16,Casual Dining,South Indian,4.6,10:00,22:00,2768,4.2,971,4.0,463,4.1,632,Mid-Range,42,42,34,38,20.0,18.0,21,13,260,248,131456,128523,125996,123315,48.0,52.0,Swiggy Better,Alcohol; WiFi; Rooftop; Vegan Options; Takeaway; Bar; Smoking Area,7,False,False,True,2025-05-18,362
REST001876,Restaurant_1876,Chennai,Chennai_Locality_13,Casual Dining,Korean,4.0,10:00,22:00,1522,4.0,1680,4.4,4920,4.2,1277,Luxury,40,40,28,39,21.0,20.0,11,10,217,239,218916,244162,214576,239382,52.0,48.0,Zomato Better,Outdoor Seating; Alcohol; Dessert Bar; Bar; WiFi; Live Music,6,False,True,False,2025-12-26,140
REST001877,Restaurant_1877,Chennai,Chennai_Locality_6,Cloud Kitchen,Biryani; Korean,11.9,12:00,23:00,1126,3.7,540,3.1,2199,3.4,1412,Luxury,79,79,54,49,23.0,26.0,12,10,256,214,278333,223604,268221,215151,64.0,36.0,Swiggy Better,Live Music; Private Room; WiFi; Parking; Smoking Area,5,False,False,False,2019-05-09,2563
REST001878,Restaurant_1878,Chennai,Chennai_Locality_19,Fine Dine,South Indian,9.3,10:00,22:00,1851,4.1,3526,4.2,2528,4.15,925,Premium,66,66,43,41,18.0,13.0,11,10,154,157,116809,126345,111727,121164,55.0,45.0,Zomato Better,Family Friendly; Dine-in; Outdoor Seating; Smoking Area,4,False,True,False,2016-09-08,3536
REST001879,Restaurant_1879,Chennai,Chennai_Locality_14,Cloud Kitchen,Vietnamese,10.6,11:00,22:00,1026,4.2,2945,3.9,1978,4.05,1284,Luxury,73,73,41,50,28.0,25.0,12,7,287,266,265325,256158,254850,246449,55.0,45.0,Swiggy Better,Family Friendly; Parking; Dine-in,3,True,True,True,2021-10-10,1678
REST001880,Restaurant_1880,Chennai,Chennai_Locality_12,QSR (Quick Service),Pan-Asian,14.0,11:00,22:00,927,4.5,2108,3.4,2621,3.95,878,Premium,90,90,57,51,18.0,19.0,37,14,228,172,164150,122322,153890,114582,49.0,51.0,Swiggy Better,WiFi; Rooftop; Takeaway; Live Music; Vegan Options,5,False,True,False,2021-04-10,1861
REST001881,Restaurant_1881,Chennai,Chennai_Locality_2,Food Truck,Vietnamese,4.0,09:00,23:00,354,3.5,350,3.7,3955,3.6,177,Budget,40,40,28,38,21.0,21.0,5,11,88,93,12305,13004,10545,11144,60.0,40.0,Zomato Better,AC; Takeaway; Dessert Bar; Private Room,4,True,False,True,2023-01-08,1223
REST001882,Restaurant_1882,Chennai,Chennai_Locality_15,Cafe,Thai; Chinese,12.5,12:00,23:00,131,3.5,4354,3.7,1200,3.6,291,Budget,82,82,49,52,23.0,20.0,14,14,128,135,28680,31428,23432,25893,54.0,46.0,Zomato Better,AC; Outdoor Seating; Alcohol; Vegan Options; Live Music; Dine-in; Private Room,7,False,True,True,2022-03-30,1507
REST001883,Restaurant_1883,Chennai,Chennai_Locality_11,Fine Dine,Thai,6.1,11:00,22:00,243,4.0,1236,3.5,3355,3.75,259,Budget,50,50,36,45,18.0,15.0,20,9,123,108,26122,23776,23047,21076,45.0,55.0,Swiggy Better,Smoking Area; Alcohol; Takeaway; Private Room; WiFi; Dessert Bar; Dine-in,7,True,False,False,2022-04-30,1476
REST001884,Restaurant_1884,Chennai,Chennai_Locality_16,Cloud Kitchen,Chinese; Fast Food,9.8,12:00,23:00,240,4.0,4347,4.4,3876,4.2,225,Budget,69,69,42,48,27.0,28.0,11,21,247,272,40569,44064,32048,34680,60.0,40.0,Zomato Better,Dine-in; Vegan Options; Dessert Bar; WiFi; Bar; AC,6,True,False,True,2026-03-03,73
REST001885,Restaurant_1885,Chennai,Chennai_Locality_11,Casual Dining,Biryani; Cafe,1.3,12:00,23:00,1646,4.3,462,3.7,2959,4.0,209,Budget,30,30,34,26,22.0,21.0,24,11,237,204,38635,33682,35080,30622,53.0,47.0,Swiggy Better,Family Friendly; Alcohol; Vegan Options; Live Music; Smoking Area,5,True,True,False,2019-07-16,2495
REST001886,Restaurant_1886,Chennai,Chennai_Locality_5,Cloud Kitchen,Desserts,13.2,11:00,22:00,3484,3.9,1258,3.7,687,3.8,1310,Luxury,86,86,50,39,22.0,23.0,7,12,345,327,352521,329844,337686,315783,71.0,29.0,Swiggy Better,Smoking Area; Rooftop; WiFi; Family Friendly; Takeaway; Private Room,6,True,False,True,2018-09-17,2797
REST001887,Restaurant_1887,Chennai,Chennai_Locality_19,Casual Dining,Chinese,1.2,12:00,23:00,1819,4.0,3982,3.8,3696,3.9,543,Mid-Range,30,30,38,26,18.0,22.0,17,5,224,213,99738,90214,96378,87019,42.0,58.0,Swiggy Better,Smoking Area; Alcohol; Live Music; Takeaway; WiFi; Parking; Outdoor Seating,7,True,False,True,2020-04-19,2217
REST001888,Restaurant_1888,Chennai,Chennai_Locality_7,Casual Dining,Seafood,11.2,11:00,23:00,770,4.0,2995,4.2,3424,4.1,805,Premium,76,76,38,53,19.0,20.0,20,11,198,208,129105,133952,121581,126048,48.0,52.0,Zomato Better,Dine-in; Bar; Parking,3,False,True,True,2020-03-07,2260
REST001889,Restaurant_1889,Chennai,Chennai_Locality_3,QSR (Quick Service),Multi-Cuisine; South Indian,12.9,08:00,23:00,1134,3.8,414,4.1,3949,3.95,1079,Premium,84,84,42,43,21.0,21.0,6,19,197,213,167924,181563,159650,172617,61.0,39.0,Zomato Better,Alcohol; Private Room; Rooftop; Takeaway; Parking; Bar; WiFi,7,False,False,True,2021-09-24,1694
REST001890,Restaurant_1890,Chennai,Chennai_Locality_9,Food Truck,Biryani,2.1,07:00,22:00,411,4.3,2987,3.7,3409,4.0,439,Mid-Range,30,30,33,26,19.0,22.0,20,15,109,93,38759,31845,37124,30450,56.0,44.0,Swiggy Better,Live Music; Rooftop; Dessert Bar; Private Room; AC,5,True,False,False,2017-04-15,3317
REST001891,Restaurant_1891,Chennai,Chennai_Locality_20,Cloud Kitchen,Mexican,13.4,11:00,22:00,2562,4.1,2316,4.3,1097,4.2,627,Mid-Range,87,87,56,47,23.0,24.0,18,19,332,348,160286,165828,145844,150690,72.0,28.0,Zomato Better,Dessert Bar; Takeaway; Alcohol; Smoking Area; AC; Private Room; WiFi,7,False,True,True,2020-02-19,2277
REST001892,Restaurant_1892,Chennai,Chennai_Locality_2,Cloud Kitchen,Bakery; Japanese,10.1,08:00,22:00,3109,4.3,1645,4.2,642,4.25,553,Mid-Range,70,70,43,47,25.0,22.0,25,19,367,359,152213,154851,139368,142286,57.0,43.0,Zomato Better,Live Music; WiFi; Private Room; Family Friendly; Vegan Options; Smoking Area,6,False,True,True,2017-11-24,3094
REST001893,Restaurant_1893,Chennai,Chennai_Locality_16,Casual Dining,Vietnamese; Italian,11.6,11:00,23:00,341,3.2,2846,3.7,4288,3.45,1268,Luxury,78,78,41,58,23.0,19.0,8,6,150,174,146454,178711,140604,171925,55.0,45.0,Zomato Better,Dessert Bar; Bar; Rooftop; Parking,4,False,False,False,2026-02-13,91
REST001894,Restaurant_1894,Chennai,Chennai_Locality_15,QSR (Quick Service),Street Food,3.3,08:00,23:00,1982,4.4,3346,4.3,2807,4.35,1049,Premium,36,36,25,32,19.0,20.0,17,19,251,246,213272,206443,208754,202015,62.0,38.0,Swiggy Better,Outdoor Seating; Parking; Takeaway; Rooftop; Alcohol,5,True,False,False,2023-05-14,1097
REST001895,Restaurant_1895,Chennai,Chennai_Locality_5,QSR (Quick Service),Chinese,4.7,08:00,23:00,1541,4.0,59,4.5,556,4.25,1022,Premium,43,43,35,32,22.0,21.0,11,28,217,245,172983,197808,168318,192540,54.0,46.0,Zomato Better,Smoking Area; Takeaway; WiFi; Rooftop; Parking; Live Music; Vegan Options,7,False,False,True,2016-10-31,3483
REST001896,Restaurant_1896,Chennai,Chennai_Locality_20,Fine Dine,Italian; Mediterranean,1.9,12:00,22:00,1813,3.3,637,4.7,2882,4.0,1120,Premium,30,30,29,34,15.0,12.0,14,22,123,176,117096,173465,115251,170825,53.0,47.0,Zomato Better,WiFi; Takeaway; Dessert Bar; Family Friendly,4,True,True,True,2019-05-09,2563
REST001897,Restaurant_1897,Chennai,Chennai_Locality_16,Cloud Kitchen,Italian,9.8,09:00,23:00,2721,4.4,818,4.3,2301,4.35,1342,Luxury,69,69,49,38,27.0,25.0,16,22,362,354,354636,356301,342147,344088,62.0,38.0,Zomato Better,Dine-in; Private Room; Family Friendly; Outdoor Seating; Vegan Options; AC; Dessert Bar,7,True,True,False,2020-04-15,2221
REST001898,Restaurant_1898,Chennai,Chennai_Locality_3,Casual Dining,Thai,6.0,09:00,22:00,2245,4.4,1610,3.5,200,3.95,1367,Luxury,50,50,32,33,19.0,23.0,18,9,258,205,285675,215780,279225,210655,40.0,60.0,Swiggy Better,Dine-in; Live Music; Smoking Area; Dessert Bar; Rooftop,5,False,True,False,2023-05-10,1101
REST001899,Restaurant_1899,Chennai,Chennai_Locality_2,Cafe,Italian; Vietnamese,7.9,11:00,23:00,3465,4.0,1462,4.1,4048,4.05,1456,Luxury,59,59,42,37,22.0,20.0,15,16,212,217,240764,252761,234510,246360,65.0,35.0,Zomato Better,Live Music; Private Room; AC; Vegan Options; Parking; Dine-in,6,False,True,False,2024-08-25,628
REST001900,Restaurant_1900,Chennai,Chennai_Locality_9,Fine Dine,Mughlai,7.2,08:00,23:00,1490,4.1,3008,3.8,2141,3.95,1357,Luxury,56,56,42,51,14.0,13.0,24,8,148,137,172718,161740,168574,157904,52.0,48.0,Swiggy Better,Private Room; Parking; Takeaway; Live Music; Dessert Bar,5,False,False,True,2022-12-20,1242
REST001901,Restaurant_1901,Chennai,Chennai_Locality_1,Cloud Kitchen,South Indian; South Indian,9.3,12:00,23:00,2578,4.2,100,4.3,2584,4.25,333,Mid-Range,66,66,43,51,27.0,24.0,6,12,340,349,82650,88324,71430,76807,57.0,43.0,Zomato Better,Live Music; AC; Parking; Private Room; WiFi; Dine-in; Outdoor Seating; Rooftop,8,False,True,True,2021-06-27,1783
REST001902,Restaurant_1902,Chennai,Chennai_Locality_19,Fine Dine,Mexican,10.1,08:00,23:00,715,4.2,5000,4.7,1547,4.45,1251,Luxury,70,70,42,41,14.0,17.0,15,24,138,154,148468,159902,143638,154512,49.0,51.0,Zomato Better,Takeaway; Dessert Bar; Family Friendly; WiFi; Rooftop,5,False,True,False,2019-08-07,2473
REST001903,Restaurant_1903,Chennai,Chennai_Locality_13,Food Truck,Street Food,5.8,08:00,23:00,448,4.3,1551,4.0,3517,4.15,1154,Premium,49,49,32,39,18.0,21.0,12,15,109,101,103144,92077,100474,89603,54.0,46.0,Swiggy Better,Dessert Bar; Takeaway; Live Music; Rooftop,4,False,False,True,2017-06-22,3249
REST001904,Restaurant_1904,Chennai,Chennai_Locality_3,Cafe,Biryani; Fast Food,4.9,11:00,22:00,3049,4.2,2726,3.7,3729,3.95,740,Premium,44,44,29,32,21.0,22.0,16,13,214,188,125104,108513,120396,104377,58.0,42.0,Swiggy Better,Outdoor Seating; Parking; Smoking Area; Private Room; WiFi; Live Music; Dine-in; Vegan Options,8,False,True,False,2017-10-25,3124
REST001905,Restaurant_1905,Chennai,Chennai_Locality_16,Casual Dining,Chinese,3.3,10:00,23:00,1203,4.1,3553,4.0,4372,4.05,1325,Luxury,36,36,25,24,18.0,21.0,25,13,214,209,232511,218770,228659,215008,51.0,49.0,Swiggy Better,Family Friendly; Rooftop; Parking; AC; Takeaway,5,True,True,True,2018-11-02,2751
REST001906,Restaurant_1906,Chennai,Chennai_Locality_6,Fine Dine,Bakery; Fast Food,13.4,08:00,22:00,2961,3.1,883,3.5,1475,3.3,347,Mid-Range,87,87,55,47,13.0,13.0,10,9,130,147,39245,44377,33590,37983,48.0,52.0,Zomato Better,WiFi; Outdoor Seating; Private Room,3,False,True,True,2019-04-01,2601
REST001907,Restaurant_1907,Chennai,Chennai_Locality_9,Cloud Kitchen,Continental,5.1,07:00,23:00,1974,3.8,1031,3.7,3227,3.75,1150,Premium,45,45,30,33,27.0,27.0,6,15,289,282,242615,236739,236113,230394,66.0,34.0,Swiggy Better,Dessert Bar; Parking; Rooftop,3,True,True,False,2024-04-14,761
REST001908,Restaurant_1908,Chennai,Chennai_Locality_6,Food Truck,Seafood,10.7,08:00,23:00,1640,3.8,342,4.2,1710,4.0,543,Mid-Range,73,73,44,37,18.0,17.0,10,24,111,123,49423,55434,45372,50945,56.0,44.0,Zomato Better,Vegan Options; Family Friendly; Live Music,3,True,True,True,2018-05-27,2910
REST001909,Restaurant_1909,Chennai,Chennai_Locality_5,QSR (Quick Service),Seafood,7.1,12:00,23:00,2320,3.4,3130,4.3,64,3.85,523,Mid-Range,55,55,42,36,23.0,20.0,5,14,201,254,80944,106273,75417,99288,51.0,49.0,Zomato Better,Rooftop; Vegan Options; Alcohol; AC; Smoking Area; Private Room; Takeaway,7,False,True,False,2020-11-19,2003
REST001910,Restaurant_1910,Chennai,Chennai_Locality_19,Cloud Kitchen,Korean; Korean,9.3,12:00,22:00,920,5.0,1020,4.0,4664,4.5,744,Premium,66,66,35,40,24.0,23.0,27,12,337,270,190553,154677,179432,145767,69.0,31.0,Swiggy Better,Bar; Dessert Bar; Dine-in; Rooftop; Outdoor Seating; WiFi; Takeaway,7,False,False,False,2025-01-07,493
REST001911,Restaurant_1911,Chennai,Chennai_Locality_15,QSR (Quick Service),Thai; Bakery,3.6,08:00,22:00,867,4.1,4144,3.9,4868,4.0,1388,Luxury,38,38,21,39,22.0,23.0,21,13,206,196,223023,209476,219109,205752,55.0,45.0,Swiggy Better,WiFi; Live Music; Takeaway; Rooftop; AC; Outdoor Seating; Bar; Dine-in,8,False,False,True,2016-08-10,3565
REST001912,Restaurant_1912,Chennai,Chennai_Locality_15,QSR (Quick Service),Vietnamese,3.5,10:00,23:00,2543,3.9,1656,3.7,650,3.8,187,Budget,37,37,29,36,17.0,18.0,5,15,236,224,36629,34348,32263,30204,46.0,54.0,Swiggy Better,Family Friendly; Parking; Vegan Options; AC,4,True,False,False,2020-02-22,2274
REST001913,Restaurant_1913,Chennai,Chennai_Locality_17,Food Truck,Street Food; Mughlai,4.8,08:00,22:00,1077,4.4,2741,4.3,1378,4.35,357,Mid-Range,44,44,38,41,20.0,17.0,14,10,121,118,34557,34964,31895,32368,64.0,36.0,Zomato Better,Smoking Area; Alcohol; Takeaway; Private Room; Dine-in; WiFi; Dessert Bar,7,True,False,False,2024-11-23,538
REST001914,Restaurant_1914,Chennai,Chennai_Locality_12,Cafe,Italian,11.9,09:00,22:00,2317,3.7,2191,3.5,3935,3.6,1438,Luxury,79,79,48,51,19.0,18.0,11,9,175,165,203836,194561,196924,188043,57.0,43.0,Swiggy Better,Smoking Area; Outdoor Seating; Private Room,3,False,False,True,2021-03-20,1882
REST001915,Restaurant_1915,Chennai,Chennai_Locality_6,QSR (Quick Service),Desserts; Korean,4.6,11:00,23:00,897,4.3,2086,4.0,224,4.15,1249,Luxury,42,42,39,32,19.0,19.0,17,22,217,202,219536,204361,214979,200119,59.0,41.0,Swiggy Better,Dessert Bar; Parking; Rooftop; Smoking Area; Outdoor Seating; Family Friendly; AC,7,True,True,True,2019-11-30,2358
REST001916,Restaurant_1916,Chennai,Chennai_Locality_6,Food Truck,Lebanese,2.7,10:00,23:00,3238,4.2,1317,4.2,4408,4.2,230,Budget,33,33,25,26,21.0,22.0,10,23,145,145,26346,26013,23954,23620,48.0,52.0,Swiggy Better,Live Music; Parking; Takeaway; Dessert Bar; Private Room; Vegan Options; Rooftop; Alcohol,8,False,False,True,2019-01-03,2689
REST001917,Restaurant_1917,Chennai,Chennai_Locality_5,Casual Dining,Italian,10.2,08:00,22:00,1464,3.5,4363,4.0,3198,3.75,255,Budget,71,71,42,52,20.0,19.0,12,15,189,216,38556,44614,31846,36946,47.0,53.0,Zomato Better,Live Music; Family Friendly; Takeaway; Private Room; Outdoor Seating,5,True,True,True,2022-08-30,1354
REST001918,Restaurant_1918,Chennai,Chennai_Locality_7,Casual Dining,Cafe,13.9,09:00,23:00,793,3.4,2235,3.7,3655,3.55,664,Mid-Range,89,89,54,51,18.0,23.0,10,6,169,184,92017,94075,84496,85887,54.0,46.0,Zomato Better,AC; Alcohol; Live Music; Vegan Options; WiFi; Private Room; Dessert Bar,7,True,True,False,2021-08-31,1718
REST001919,Restaurant_1919,Chennai,Chennai_Locality_7,Casual Dining,Chinese,0.8,11:00,22:00,3636,4.6,2559,4.0,4666,4.3,390,Mid-Range,30,30,26,31,19.0,22.0,32,23,310,269,97929,81829,93279,77794,46.0,54.0,Swiggy Better,Takeaway; Live Music; AC; WiFi; Rooftop; Private Room,6,False,True,False,2017-11-29,3089
REST001920,Restaurant_1920,Chennai,Chennai_Locality_5,QSR (Quick Service),Fast Food,3.6,09:00,22:00,3640,4.2,2639,3.6,1541,3.9,1369,Luxury,38,38,25,34,19.0,22.0,21,12,283,242,313815,258412,308438,253814,49.0,51.0,Swiggy Better,Parking; Alcohol; Live Music; Dessert Bar; Rooftop; Smoking Area,6,True,True,False,2018-10-14,2770
REST001921,Restaurant_1921,Chennai,Chennai_Locality_1,Fine Dine,Biryani,14.3,07:00,22:00,1211,4.2,635,4.6,2659,4.4,725,Premium,91,91,57,54,15.0,12.0,24,30,146,160,89972,102080,83329,94800,55.0,45.0,Zomato Better,Takeaway; AC; Live Music,3,True,False,True,2019-03-05,2628
REST001922,Restaurant_1922,Chennai,Chennai_Locality_4,Casual Dining,Lebanese,4.2,07:00,23:00,3575,4.7,3261,4.7,1656,4.7,996,Premium,41,41,36,32,21.0,18.0,32,28,315,315,247854,257266,241397,250809,54.0,46.0,Zomato Better,Parking; WiFi; Live Music; AC; Family Friendly; Bar; Alcohol; Dessert Bar,8,False,False,False,2018-11-24,2729
REST001923,Restaurant_1923,Chennai,Chennai_Locality_13,Cloud Kitchen,Multi-Cuisine; Fast Food,9.1,12:00,22:00,1702,4.7,1914,4.0,1698,4.35,601,Mid-Range,65,65,47,48,27.0,26.0,24,13,347,295,152239,131198,140961,121610,66.0,34.0,Swiggy Better,Dine-in; Outdoor Seating; Dessert Bar; AC; Rooftop; Family Friendly,6,True,False,False,2025-07-01,318
REST001924,Restaurant_1924,Chennai,Chennai_Locality_12,Food Truck,Seafood; Japanese,2.2,10:00,23:00,3039,3.8,3416,4.1,350,3.95,577,Mid-Range,31,31,23,27,21.0,19.0,11,15,129,139,58802,64964,56802,62809,52.0,48.0,Zomato Better,Alcohol; Family Friendly; Vegan Options; Parking,4,False,True,True,2022-11-06,1286
REST001925,Restaurant_1925,Chennai,Chennai_Locality_3,Fine Dine,Korean; Mediterranean,10.3,11:00,22:00,1539,3.8,2773,3.8,3711,3.8,1230,Luxury,71,71,36,39,17.0,12.0,14,5,138,138,140884,149371,135985,144472,48.0,52.0,Zomato Better,Dine-in; Private Room; Bar; Live Music,4,False,False,True,2018-01-10,3047
REST001926,Restaurant_1926,Chennai,Chennai_Locality_16,Fine Dine,Fast Food,3.6,12:00,22:00,3435,4.7,2980,3.5,4706,4.1,826,Premium,38,38,29,23,13.0,16.0,21,12,207,154,148754,106851,144821,103925,50.0,50.0,Swiggy Better,Outdoor Seating; Live Music; Dine-in; Private Room,4,True,False,True,2018-01-13,3044
REST001927,Restaurant_1927,Chennai,Chennai_Locality_20,Casual Dining,Cafe,10.3,07:00,22:00,306,4.5,4782,3.9,4082,4.2,1111,Premium,71,71,48,43,20.0,18.0,37,12,210,182,186648,165805,179193,159344,52.0,48.0,Swiggy Better,Family Friendly; Alcohol; Outdoor Seating; Live Music; AC; Dine-in,6,False,True,False,2024-10-29,563
REST001928,Restaurant_1928,Chennai,Chennai_Locality_9,Cloud Kitchen,Mughlai,10.5,11:00,23:00,3291,3.8,203,4.3,3310,4.05,467,Mid-Range,72,72,48,41,26.0,28.0,13,19,330,374,114041,125753,102161,112289,56.0,44.0,Zomato Better,Vegan Options; Dessert Bar; Takeaway; Smoking Area; Alcohol; Family Friendly; Outdoor Seating,7,True,True,True,2016-11-01,3482
REST001929,Restaurant_1929,Chennai,Chennai_Locality_1,Fine Dine,Bakery,8.0,12:00,22:00,1003,2.6,699,3.2,4754,2.9,1275,Luxury,60,60,52,51,16.0,16.0,8,8,88,109,94248,116739,91608,113469,51.0,49.0,Zomato Better,Dessert Bar; Parking; Dine-in,3,False,False,False,2019-11-18,2370
REST001930,Restaurant_1930,Chennai,Chennai_Locality_6,Fine Dine,Seafood,6.9,11:00,22:00,3412,3.2,58,3.6,1173,3.4,1215,Luxury,54,54,36,50,18.0,17.0,11,6,140,158,139482,159335,135702,155069,44.0,56.0,Zomato Better,AC; Vegan Options; Live Music; Dessert Bar; Smoking Area; Outdoor Seating; WiFi; Dine-in,8,False,True,False,2018-12-12,2711
REST001931,Restaurant_1931,Chennai,Chennai_Locality_4,Casual Dining,Continental,3.3,12:00,23:00,87,3.4,636,4.1,318,3.75,647,Mid-Range,36,36,20,33,22.0,19.0,9,13,154,186,77717,97477,74945,94129,43.0,57.0,Zomato Better,Parking; Outdoor Seating; Smoking Area; Alcohol; Live Music; Bar; Rooftop; Takeaway,8,False,True,False,2022-10-04,1319
REST001932,Restaurant_1932,Chennai,Chennai_Locality_14,Food Truck,Chinese; Italian,4.6,09:00,23:00,3209,3.6,3932,4.3,881,3.95,539,Mid-Range,42,42,39,43,22.0,22.0,7,13,124,148,52132,62222,49528,59114,46.0,54.0,Zomato Better,Alcohol; Rooftop; Dessert Bar; Parking; Private Room,5,True,True,False,2020-02-10,2286
REST001933,Restaurant_1933,Chennai,Chennai_Locality_4,Food Truck,Chinese; South Indian,4.6,08:00,22:00,216,4.0,2777,3.6,4860,3.8,963,Premium,42,42,28,33,22.0,23.0,13,7,98,88,73611,65252,71553,63404,45.0,55.0,Swiggy Better,Live Music; Parking; AC; Smoking Area; Takeaway; Rooftop; Family Friendly; Vegan Options,8,False,True,False,2024-09-07,615
REST001934,Restaurant_1934,Chennai,Chennai_Locality_6,Fine Dine,Mediterranean,7.2,11:00,23:00,2622,4.3,3777,3.7,744,4.0,1266,Luxury,56,56,45,42,15.0,14.0,24,5,175,150,188317,163314,183417,159114,53.0,47.0,Swiggy Better,Takeaway; Dine-in; Dessert Bar; Bar; WiFi,5,False,True,True,2026-04-09,36
REST001935,Restaurant_1935,Chennai,Chennai_Locality_4,Casual Dining,Thai,3.6,07:00,23:00,2914,4.1,766,3.8,2474,3.95,629,Mid-Range,38,38,40,33,20.0,20.0,19,7,258,239,129825,120264,124923,115723,45.0,55.0,Swiggy Better,Vegan Options; AC; Live Music; WiFi; Smoking Area,5,True,True,False,2025-04-06,404
REST001936,Restaurant_1936,Chennai,Chennai_Locality_8,Cloud Kitchen,Thai; Vietnamese,4.1,07:00,22:00,1503,4.0,741,4.6,719,4.3,555,Mid-Range,40,40,30,30,24.0,24.0,25,20,289,332,121900,140037,116120,133397,64.0,36.0,Zomato Better,Bar; Takeaway; AC; Dessert Bar; Rooftop; Alcohol,6,False,False,True,2022-10-20,1303
REST001937,Restaurant_1937,Chennai,Chennai_Locality_16,Cafe,North Indian; Thai,2.3,11:00,22:00,1297,3.5,4712,4.0,3231,3.75,1387,Luxury,31,31,35,36,19.0,19.0,12,14,148,169,166273,189866,163979,187246,50.0,50.0,Zomato Better,Family Friendly; Rooftop; Smoking Area; Outdoor Seating; Takeaway,5,True,False,True,2016-09-19,3525
REST001938,Restaurant_1938,Chennai,Chennai_Locality_19,Cafe,Mediterranean,1.6,12:00,23:00,61,3.2,907,3.5,3918,3.35,472,Mid-Range,30,30,29,26,17.0,17.0,11,11,116,127,45444,49753,43704,47848,57.0,43.0,Zomato Better,Smoking Area; AC; Live Music; Family Friendly; Outdoor Seating; Takeaway; Alcohol,7,False,True,False,2016-11-03,3480
REST001939,Restaurant_1939,Chennai,Chennai_Locality_2,Food Truck,Desserts; Lebanese,12.2,10:00,22:00,1278,4.2,3750,3.1,733,3.65,475,Mid-Range,81,81,51,45,19.0,22.0,18,6,118,87,45400,32233,40621,28710,64.0,36.0,Swiggy Better,AC; Parking; Smoking Area; Rooftop; Bar; Family Friendly; Takeaway; Private Room,8,False,True,True,2025-05-10,370
REST001940,Restaurant_1940,Chennai,Chennai_Locality_4,Casual Dining,South Indian; North Indian,8.1,07:00,23:00,2721,3.5,1580,3.5,3018,3.5,1316,Luxury,60,60,34,44,22.0,22.0,7,10,216,216,221719,221719,215239,215239,52.0,48.0,Balanced,Private Room; Parking; Outdoor Seating; Smoking Area; Family Friendly; AC; Takeaway; Bar,8,True,True,False,2024-03-08,798
REST001941,Restaurant_1941,Kolkata,Kolkata_Locality_9,Food Truck,Lebanese,8.3,11:00,23:00,3472,4.4,4241,4.2,1576,4.3,170,Budget,61,61,43,38,18.0,21.0,25,21,155,148,21607,19876,16879,15362,64.0,36.0,Swiggy Better,Outdoor Seating; Private Room; Takeaway; Bar,4,True,True,True,2018-04-21,2946
REST001942,Restaurant_1942,Kolkata,Kolkata_Locality_7,Casual Dining,Korean,0.6,09:00,22:00,86,4.4,3453,4.1,2833,4.25,1284,Luxury,30,30,23,33,20.0,22.0,13,19,200,186,205440,186282,202440,183492,53.0,47.0,Swiggy Better,Smoking Area; Parking; AC,3,False,True,False,2024-08-17,636
REST001943,Restaurant_1943,Kolkata,Kolkata_Locality_20,Cloud Kitchen,Japanese,1.2,11:00,22:00,1360,4.6,4940,4.7,4627,4.65,164,Budget,30,30,26,30,22.0,26.0,38,23,327,334,41829,40534,36924,35524,67.0,33.0,Swiggy Better,Rooftop; Live Music; Smoking Area; Alcohol; AC; WiFi; Bar,7,True,False,False,2024-10-17,575
REST001944,Restaurant_1944,Kolkata,Kolkata_Locality_7,Food Truck,Mexican,6.1,12:00,23:00,1853,4.3,3759,3.7,2617,4.0,529,Mid-Range,50,50,30,32,21.0,23.0,15,11,129,111,53910,45213,50685,42438,59.0,41.0,Swiggy Better,Takeaway; Parking; WiFi; Bar; Alcohol; Vegan Options; Family Friendly,7,True,False,True,2025-03-17,424
REST001945,Restaurant_1945,Kolkata,Kolkata_Locality_16,QSR (Quick Service),Mughlai; Street Food,1.0,11:00,23:00,186,3.8,2648,4.3,3532,4.05,483,Mid-Range,30,30,26,36,20.0,23.0,13,22,175,198,67620,73638,64995,70668,56.0,44.0,Zomato Better,Alcohol; Vegan Options; Bar; Parking; Dine-in; Takeaway,6,True,True,True,2019-10-26,2393
REST001946,Restaurant_1946,Kolkata,Kolkata_Locality_9,Food Truck,Street Food,12.6,09:00,22:00,360,4.3,4416,4.0,2546,4.15,583,Mid-Range,83,83,40,46,21.0,23.0,19,10,108,100,49741,44891,45259,40741,48.0,52.0,Swiggy Better,AC; Outdoor Seating; WiFi; Family Friendly; Alcohol,5,False,True,False,2017-05-14,3288
REST001947,Restaurant_1947,Kolkata,Kolkata_Locality_6,Cloud Kitchen,Fast Food,7.5,08:00,22:00,960,3.5,1991,4.0,2515,3.75,802,Premium,57,57,40,35,24.0,27.0,7,12,237,271,144456,158659,137701,150936,68.0,32.0,Zomato Better,Dine-in; Private Room; Vegan Options; Parking; WiFi; Rooftop; AC; Alcohol,8,True,False,True,2021-02-14,1916
REST001948,Restaurant_1948,Kolkata,Kolkata_Locality_1,Fine Dine,Multi-Cuisine,8.8,12:00,23:00,341,3.7,3822,4.3,167,4.0,1372,Luxury,64,64,40,41,13.0,17.0,11,7,116,135,138462,153732,134750,149412,51.0,49.0,Zomato Better,Family Friendly; Bar; AC; Outdoor Seating; Takeaway,5,True,True,True,2024-09-09,613
REST001949,Restaurant_1949,Kolkata,Kolkata_Locality_11,QSR (Quick Service),Street Food; Korean,5.9,07:00,23:00,128,4.0,3503,4.1,3141,4.05,637,Mid-Range,49,49,47,39,22.0,20.0,23,14,183,187,90925,95295,86441,90713,60.0,40.0,Zomato Better,Dine-in; Outdoor Seating; Takeaway; Family Friendly,4,False,True,True,2017-01-24,3398
REST001950,Restaurant_1950,Kolkata,Kolkata_Locality_15,Food Truck,North Indian,0.9,08:00,23:00,3078,3.8,246,3.4,3748,3.6,528,Mid-Range,30,30,36,27,21.0,20.0,14,8,129,116,53808,48998,51873,47258,48.0,52.0,Swiggy Better,Live Music; Dessert Bar; Family Friendly; Rooftop,4,False,False,False,2020-10-10,2043
REST001951,Restaurant_1951,Kolkata,Kolkata_Locality_18,Food Truck,Desserts; Mediterranean,5.2,08:00,23:00,3432,4.5,4149,4.5,2327,4.5,469,Mid-Range,46,46,23,42,23.0,21.0,35,34,158,158,57058,58540,53424,54906,57.0,43.0,Zomato Better,Family Friendly; Private Room; Dessert Bar; WiFi; AC,5,False,False,False,2018-09-13,2801
REST001952,Restaurant_1952,Kolkata,Kolkata_Locality_10,Food Truck,Pan-Asian,5.8,12:00,22:00,3207,3.9,1993,4.4,2183,4.15,940,Premium,49,49,34,35,21.0,23.0,6,22,134,151,99508,109293,96225,105594,58.0,42.0,Zomato Better,Outdoor Seating; Smoking Area; Dessert Bar; Alcohol; Family Friendly,5,True,False,True,2025-01-29,471
REST001953,Restaurant_1953,Kolkata,Kolkata_Locality_13,Food Truck,Street Food,4.0,07:00,23:00,2598,3.8,3984,4.8,3625,4.3,765,Premium,40,40,28,34,20.0,21.0,5,26,123,156,75276,94278,72816,91158,49.0,51.0,Zomato Better,Alcohol; Smoking Area; Family Friendly,3,True,False,False,2020-10-31,2022
REST001954,Restaurant_1954,Kolkata,Kolkata_Locality_17,Fine Dine,Mexican; Thai,10.2,12:00,23:00,1824,4.0,85,3.8,2717,3.9,212,Budget,71,71,40,37,18.0,14.0,7,6,149,142,25902,25889,20612,20848,47.0,53.0,Zomato Better,Live Music; WiFi; Rooftop; AC; Parking; Takeaway,6,False,False,True,2017-08-19,3191
REST001955,Restaurant_1955,Kolkata,Kolkata_Locality_3,QSR (Quick Service),Cafe,4.7,12:00,22:00,323,4.0,4120,3.8,3977,3.9,1426,Luxury,43,43,42,36,21.0,20.0,13,15,187,178,210662,203062,206642,199235,60.0,40.0,Swiggy Better,AC; Private Room; Smoking Area; Dine-in; Takeaway,5,False,True,False,2017-04-26,3306
REST001956,Restaurant_1956,Kolkata,Kolkata_Locality_2,Food Truck,Cafe; Street Food,2.1,12:00,23:00,3367,3.5,1517,4.6,3185,4.05,781,Premium,30,30,31,30,23.0,19.0,7,39,122,161,73367,101850,71537,99435,65.0,35.0,Zomato Better,Bar; Family Friendly; Alcohol; Private Room; Live Music,5,False,True,True,2022-01-13,1583
REST001957,Restaurant_1957,Kolkata,Kolkata_Locality_6,Casual Dining,North Indian; Fast Food,12.1,12:00,22:00,1926,4.5,4109,4.3,421,4.4,272,Budget,80,80,54,55,17.0,21.0,37,18,255,244,57568,52430,47368,42670,49.0,51.0,Swiggy Better,Dessert Bar; Parking; Private Room; Rooftop; Family Friendly; Smoking Area,6,True,False,True,2018-08-03,2842
REST001958,Restaurant_1958,Kolkata,Kolkata_Locality_20,Casual Dining,Japanese,1.5,12:00,22:00,551,3.3,1984,3.8,3416,3.55,949,Premium,30,30,20,24,20.0,19.0,13,15,159,183,120712,140670,118327,137925,44.0,56.0,Zomato Better,Alcohol; WiFi; AC,3,False,True,False,2024-09-26,596
REST001959,Restaurant_1959,Kolkata,Kolkata_Locality_11,QSR (Quick Service),Thai,6.7,07:00,22:00,1972,3.5,2135,4.1,2458,3.8,953,Premium,53,53,41,33,20.0,21.0,5,11,200,234,152480,176171,147180,169970,52.0,48.0,Zomato Better,AC; Private Room; Dine-in; Vegan Options; WiFi; Family Friendly,6,True,True,False,2017-02-18,3373
REST001960,Restaurant_1960,Kolkata,Kolkata_Locality_11,Casual Dining,Mexican,7.8,11:00,23:00,2208,4.1,2471,4.3,3195,4.2,646,Mid-Range,59,59,47,44,22.0,21.0,11,15,240,252,120931,128605,113851,121171,50.0,50.0,Zomato Better,WiFi; Vegan Options; Live Music; Dessert Bar; Private Room; Dine-in,6,True,True,True,2024-09-06,616
REST001961,Restaurant_1961,Kolkata,Kolkata_Locality_11,Fine Dine,Fast Food; Chinese,10.0,12:00,23:00,597,4.3,2294,4.2,272,4.25,814,Premium,70,70,44,47,14.0,18.0,25,10,139,136,97305,90777,92440,86017,46.0,54.0,Swiggy Better,Rooftop; Alcohol; Family Friendly,3,False,False,True,2022-02-13,1552
REST001962,Restaurant_1962,Kolkata,Kolkata_Locality_6,Food Truck,South Indian; Bakery,2.8,10:00,22:00,3001,3.7,3813,4.0,4183,3.85,737,Premium,33,33,30,35,22.0,19.0,9,17,125,135,71857,80590,69795,78363,64.0,36.0,Zomato Better,Rooftop; Dine-in; Smoking Area,3,True,True,True,2023-11-03,924
REST001963,Restaurant_1963,Kolkata,Kolkata_Locality_8,Food Truck,Biryani; Desserts,7.0,10:00,22:00,1810,4.4,2818,4.1,4417,4.25,506,Mid-Range,55,55,43,41,22.0,21.0,23,14,131,122,51703,48768,48100,45413,60.0,40.0,Swiggy Better,WiFi; Live Music; Takeaway; Outdoor Seating,4,True,True,False,2022-04-19,1487
REST001964,Restaurant_1964,Kolkata,Kolkata_Locality_20,Food Truck,Thai; Bakery,2.9,07:00,23:00,873,3.7,1055,3.9,2712,3.8,1107,Premium,34,34,35,31,20.0,22.0,15,15,99,104,87674,89799,85991,88031,63.0,37.0,Zomato Better,Outdoor Seating; Private Room; WiFi; Rooftop; Parking; Bar; Family Friendly; Dessert Bar,8,False,True,True,2025-02-17,452
REST001965,Restaurant_1965,Kolkata,Kolkata_Locality_17,Fine Dine,Pan-Asian; Mexican,12.6,07:00,22:00,893,4.2,2432,4.2,2609,4.2,1381,Luxury,83,83,49,44,18.0,18.0,19,21,141,141,159671,159671,153819,153819,43.0,57.0,Balanced,Live Music; Bar; Takeaway; Dine-in; Vegan Options; Private Room; Smoking Area,7,False,False,False,2020-08-22,2092
REST001966,Restaurant_1966,Kolkata,Kolkata_Locality_6,Casual Dining,Mediterranean,10.6,09:00,22:00,1969,4.2,591,3.6,4973,3.9,466,Mid-Range,73,73,43,48,18.0,20.0,24,7,239,205,91326,76424,82603,68941,51.0,49.0,Swiggy Better,Private Room; Alcohol; Dine-in; Family Friendly; Live Music; AC; Vegan Options,7,False,False,False,2025-10-26,201
REST001967,Restaurant_1967,Kolkata,Kolkata_Locality_20,Cafe,Vietnamese; Korean,0.5,12:00,22:00,3036,3.6,2198,3.8,1817,3.7,640,Mid-Range,30,30,24,28,22.0,18.0,6,6,183,193,91353,101286,88608,98391,57.0,43.0,Zomato Better,Family Friendly; Dine-in; Dessert Bar; Private Room; Bar; Rooftop; Alcohol,7,True,True,True,2024-11-08,553
REST001968,Restaurant_1968,Kolkata,Kolkata_Locality_6,QSR (Quick Service),Cafe,1.1,08:00,23:00,2432,3.5,4344,4.5,4689,4.0,1232,Luxury,30,30,32,28,20.0,22.0,5,22,209,269,205990,258498,202855,254463,46.0,54.0,Zomato Better,Family Friendly; Private Room; Alcohol; Outdoor Seating; WiFi,5,False,False,True,2019-12-13,2345
REST001969,Restaurant_1969,Kolkata,Kolkata_Locality_2,Fine Dine,Multi-Cuisine,12.0,09:00,22:00,1745,4.0,4127,3.5,3000,3.75,1096,Premium,80,80,47,40,18.0,13.0,23,5,148,130,133010,123957,127090,118757,43.0,57.0,Swiggy Better,Private Room; Parking; Dine-in; Outdoor Seating,4,False,False,False,2026-02-11,93
REST001970,Restaurant_1970,Kolkata,Kolkata_Locality_12,Casual Dining,Continental; South Indian,2.7,07:00,23:00,1157,3.8,2581,3.8,3542,3.8,763,Premium,33,33,26,33,22.0,23.0,9,11,198,198,117837,116326,114570,113059,47.0,53.0,Swiggy Better,Private Room; Takeaway; WiFi; Outdoor Seating; Alcohol; Rooftop; Dine-in,7,True,True,True,2016-12-02,3451
REST001971,Restaurant_1971,Kolkata,Kolkata_Locality_15,Cafe,Italian,4.3,11:00,23:00,1862,3.8,3898,4.0,1978,3.9,1189,Premium,41,41,34,30,19.0,21.0,15,17,171,180,164688,169075,161182,165385,49.0,51.0,Zomato Better,Family Friendly; AC; Rooftop; Outdoor Seating,4,True,True,True,2018-03-17,2981
REST001972,Restaurant_1972,Kolkata,Kolkata_Locality_11,QSR (Quick Service),Mughlai,4.5,10:00,23:00,1958,3.7,3463,4.4,3590,4.05,310,Mid-Range,42,42,41,35,22.0,21.0,6,22,211,251,51019,61469,46588,56198,46.0,54.0,Zomato Better,Dessert Bar; Bar; WiFi; Family Friendly,4,True,True,True,2019-04-10,2592
REST001973,Restaurant_1973,Kolkata,Kolkata_Locality_10,QSR (Quick Service),Thai; Chinese,1.3,11:00,23:00,1646,4.8,716,3.8,2631,4.3,861,Premium,30,30,22,22,17.0,20.0,35,10,264,209,188662,143959,184702,140824,46.0,54.0,Swiggy Better,Parking; Takeaway; Bar; Live Music; Private Room; Alcohol,6,True,True,False,2024-02-17,818
REST001974,Restaurant_1974,Kolkata,Kolkata_Locality_9,Fine Dine,Biryani; Desserts,4.2,12:00,23:00,2225,4.6,4447,4.1,727,4.35,650,Mid-Range,41,41,25,33,14.0,13.0,29,15,180,160,100620,90480,96930,87200,54.0,46.0,Swiggy Better,Live Music; Outdoor Seating; AC; Bar; WiFi; Parking; Family Friendly,7,True,True,False,2021-01-07,1954
REST001975,Restaurant_1975,Kolkata,Kolkata_Locality_2,Casual Dining,Cafe; Multi-Cuisine,1.5,09:00,22:00,1759,3.7,4638,4.2,3994,3.95,319,Mid-Range,30,30,30,34,17.0,18.0,11,15,206,234,54542,61209,51452,57699,41.0,59.0,Zomato Better,Dessert Bar; Family Friendly; Private Room; Parking; AC; Vegan Options; Dine-in; Smoking Area,8,True,False,False,2024-12-27,504
REST001976,Restaurant_1976,Kolkata,Kolkata_Locality_12,Food Truck,Mediterranean,6.1,07:00,22:00,3568,4.3,1540,3.3,4520,3.8,1332,Luxury,50,50,38,38,20.0,20.0,19,8,153,117,163036,124675,159211,121750,45.0,55.0,Swiggy Better,Alcohol; Rooftop; Live Music; Dine-in; Vegan Options,5,False,False,True,2023-10-14,944
REST001977,Restaurant_1977,Kolkata,Kolkata_Locality_9,Cafe,Mediterranean,8.9,11:00,23:00,581,4.2,3321,4.0,993,4.1,1500,Luxury,64,64,35,43,18.0,22.0,18,22,163,155,200490,181350,195274,176390,56.0,44.0,Swiggy Better,Dessert Bar; Smoking Area; Outdoor Seating; Rooftop; Dine-in,5,False,True,False,2022-06-30,1415
REST001978,Restaurant_1978,Kolkata,Kolkata_Locality_7,Food Truck,Cafe,12.1,11:00,22:00,1462,3.7,3778,3.5,3026,3.6,980,Premium,80,80,40,40,19.0,18.0,5,13,106,100,84142,80360,79902,76360,50.0,50.0,Swiggy Better,Parking; Private Room; Live Music; WiFi; Alcohol; Dessert Bar; Rooftop,7,True,True,True,2021-05-07,1834
REST001979,Restaurant_1979,Kolkata,Kolkata_Locality_7,Cloud Kitchen,Street Food,4.7,11:00,22:00,2064,4.7,657,4.8,4572,4.75,332,Mid-Range,43,43,30,38,25.0,26.0,23,20,361,369,89889,90655,82127,82722,73.0,27.0,Zomato Better,WiFi; Dine-in; Outdoor Seating; Private Room,4,False,True,True,2021-05-23,1818
REST001980,Restaurant_1980,Kolkata,Kolkata_Locality_9,Cloud Kitchen,Seafood,2.0,11:00,22:00,2596,3.4,57,4.0,157,3.7,277,Budget,30,30,29,29,23.0,22.0,15,15,276,325,58868,70219,54728,65344,72.0,28.0,Zomato Better,Bar; Takeaway; WiFi; Alcohol,4,True,False,True,2026-03-14,62
REST001981,Restaurant_1981,Kolkata,Kolkata_Locality_19,Fine Dine,Cafe; Lebanese,2.8,12:00,22:00,1485,3.6,4040,3.8,1216,3.7,695,Mid-Range,33,33,28,37,18.0,14.0,6,13,129,137,73517,81884,71388,79624,51.0,49.0,Zomato Better,Smoking Area; Bar; WiFi; AC; Alcohol; Vegan Options; Takeaway; Parking,8,True,True,False,2021-11-01,1656
REST001982,Restaurant_1982,Kolkata,Kolkata_Locality_2,Food Truck,Street Food,14.0,11:00,22:00,2608,3.9,982,4.4,4951,4.15,529,Mid-Range,90,90,50,46,20.0,18.0,13,14,127,143,53746,62030,48031,55595,45.0,55.0,Zomato Better,AC; Parking; Smoking Area; Takeaway; Vegan Options; Family Friendly; Alcohol; Rooftop,8,True,True,False,2022-01-22,1574
REST001983,Restaurant_1983,Kolkata,Kolkata_Locality_13,Cloud Kitchen,Biryani; Italian,11.1,11:00,22:00,2381,3.9,3721,2.9,229,3.4,1178,Premium,75,75,49,42,24.0,28.0,9,13,310,230,277536,195076,265911,186451,71.0,29.0,Swiggy Better,AC; Parking; Vegan Options; Family Friendly; Bar; Private Room; Dessert Bar; Alcohol,8,False,False,True,2023-11-21,906
REST001984,Restaurant_1984,Kolkata,Kolkata_Locality_14,Fine Dine,Street Food,8.1,12:00,22:00,817,4.1,1844,3.7,4646,3.9,639,Mid-Range,60,60,39,49,18.0,16.0,23,12,136,123,71261,66021,67181,62331,50.0,50.0,Swiggy Better,Alcohol; AC; Parking; Family Friendly; Dine-in; Bar; Live Music,7,False,False,False,2016-11-12,3471
REST001985,Restaurant_1985,Kolkata,Kolkata_Locality_15,Fine Dine,Pan-Asian,14.9,08:00,22:00,890,4.0,2731,4.0,4220,4.0,1048,Premium,94,94,51,48,15.0,17.0,15,15,134,134,119367,116558,113069,110260,52.0,48.0,Swiggy Better,Dessert Bar; Private Room; Parking; Rooftop; Family Friendly; AC; Live Music,7,True,True,True,2020-09-13,2070
REST001986,Restaurant_1986,Kolkata,Kolkata_Locality_20,Cloud Kitchen,Vietnamese; Chinese,11.9,10:00,22:00,71,4.2,690,4.5,2842,4.35,727,Premium,79,79,49,53,25.0,25.0,24,20,254,272,138493,148308,128460,137564,67.0,33.0,Zomato Better,Alcohol; WiFi; Smoking Area; Bar; AC; Family Friendly; Takeaway; Rooftop,8,False,True,False,2023-01-01,1230
REST001987,Restaurant_1987,Kolkata,Kolkata_Locality_7,Food Truck,Mediterranean,6.6,12:00,22:00,3431,4.3,3430,3.9,1167,4.1,1442,Luxury,53,53,35,30,20.0,19.0,22,7,151,137,174193,160018,170192,156388,53.0,47.0,Swiggy Better,Dessert Bar; Family Friendly; Dine-in; Takeaway; Live Music; Outdoor Seating; Bar,7,False,False,False,2021-07-14,1766
REST001988,Restaurant_1988,Kolkata,Kolkata_Locality_3,Fine Dine,Chinese; Vietnamese,7.9,10:00,22:00,516,4.7,4698,4.0,4913,4.35,475,Mid-Range,59,59,40,39,17.0,17.0,37,10,150,128,59137,50464,54712,46688,52.0,48.0,Swiggy Better,Outdoor Seating; Takeaway; Live Music; Private Room,4,False,True,True,2022-10-11,1312
REST001989,Restaurant_1989,Kolkata,Kolkata_Locality_3,Casual Dining,Seafood,7.4,07:00,23:00,1239,4.2,730,3.8,2294,4.0,984,Premium,57,57,42,35,18.0,23.0,17,8,221,200,178320,151536,172021,145836,45.0,55.0,Swiggy Better,Parking; Vegan Options; Takeaway; AC; WiFi,5,True,False,False,2018-12-07,2716
REST001990,Restaurant_1990,Kolkata,Kolkata_Locality_7,Cloud Kitchen,Bakery,6.0,11:00,23:00,983,3.9,2736,3.5,166,3.7,261,Budget,50,50,33,38,23.0,27.0,15,5,265,238,53257,45346,46632,39396,59.0,41.0,Swiggy Better,Vegan Options; Takeaway; AC,3,False,True,False,2021-10-30,1658
REST001991,Restaurant_1991,Kolkata,Kolkata_Locality_14,Cloud Kitchen,North Indian; Lebanese,9.4,12:00,23:00,3487,3.4,1713,4.1,2178,3.75,282,Budget,67,67,42,48,27.0,25.0,11,18,301,363,61963,76774,51880,64614,60.0,40.0,Zomato Better,Takeaway; Dessert Bar; Parking; Live Music; Rooftop; Dine-in; Vegan Options,7,False,True,True,2022-05-08,1468
REST001992,Restaurant_1992,Kolkata,Kolkata_Locality_13,Food Truck,Desserts,14.1,08:00,23:00,2481,3.7,815,3.7,1684,3.7,446,Mid-Range,90,90,55,52,21.0,20.0,7,11,118,118,41576,42102,36266,36792,46.0,54.0,Zomato Better,Rooftop; Live Music; Alcohol; WiFi; Family Friendly,5,True,True,True,2019-10-31,2388
REST001993,Restaurant_1993,Kolkata,Kolkata_Locality_20,Cafe,North Indian,1.9,08:00,22:00,1599,3.4,1250,3.7,2007,3.55,950,Premium,30,30,33,33,22.0,20.0,12,6,149,162,110409,123120,108174,120690,49.0,51.0,Zomato Better,Bar; Private Room; Vegan Options,3,True,False,True,2019-11-08,2380
REST001994,Restaurant_1994,Kolkata,Kolkata_Locality_1,Casual Dining,Thai; Bakery,13.3,08:00,22:00,1781,4.0,1745,3.8,1402,3.9,699,Mid-Range,86,86,48,55,20.0,19.0,23,5,223,212,124701,120032,115112,110916,49.0,51.0,Swiggy Better,Vegan Options; Rooftop; Takeaway; Private Room; Family Friendly; Outdoor Seating,6,True,True,False,2023-09-23,965
REST001995,Restaurant_1995,Kolkata,Kolkata_Locality_7,Food Truck,Italian,5.7,09:00,22:00,367,3.9,4461,4.2,3781,4.05,431,Mid-Range,48,48,33,22,21.0,22.0,5,18,98,105,33368,35298,31016,32778,59.0,41.0,Zomato Better,WiFi; Rooftop; Family Friendly,3,False,True,False,2017-10-23,3126
REST001996,Restaurant_1996,Kolkata,Kolkata_Locality_20,Food Truck,Fast Food,8.3,11:00,22:00,347,3.9,1329,4.4,802,4.15,969,Premium,61,61,42,44,18.0,20.0,15,19,98,110,77868,85272,74879,81917,55.0,45.0,Zomato Better,Private Room; Bar; Dessert Bar; Rooftop; Smoking Area; Family Friendly; Live Music; Outdoor Seating,8,True,True,True,2024-09-23,599
REST001997,Restaurant_1997,Kolkata,Kolkata_Locality_15,QSR (Quick Service),Fast Food; Bakery,14.8,12:00,22:00,2308,3.5,1308,4.4,2798,3.95,664,Mid-Range,94,94,58,57,20.0,20.0,13,18,207,260,109958,138112,100229,125892,48.0,52.0,Zomato Better,Parking; Vegan Options; Dine-in; WiFi; Bar; Family Friendly,6,False,True,False,2021-04-28,1843
REST001998,Restaurant_1998,Kolkata,Kolkata_Locality_3,QSR (Quick Service),Bakery,0.6,11:00,23:00,1906,3.9,2645,3.9,1505,3.9,866,Premium,30,30,27,32,19.0,22.0,15,13,221,221,155022,149281,151707,145966,58.0,42.0,Swiggy Better,WiFi; Bar; Parking; Takeaway,4,False,False,False,2026-03-25,51
REST001999,Restaurant_1999,Kolkata,Kolkata_Locality_16,Cloud Kitchen,Mughlai; Desserts,2.5,07:00,23:00,2257,4.0,3515,3.9,3479,3.95,514,Mid-Range,32,32,25,36,25.0,23.0,10,9,314,306,121047,121108,116023,116212,57.0,43.0,Zomato Better,Dessert Bar; Private Room; Family Friendly; Rooftop,4,True,False,False,2019-06-02,2539
REST002000,Restaurant_2000,Kolkata,Kolkata_Locality_17,Food Truck,Multi-Cuisine,4.1,10:00,22:00,559,3.5,1957,4.7,57,4.1,810,Premium,40,40,33,26,22.0,20.0,5,13,90,121,56862,78408,55062,75988,60.0,40.0,Zomato Better,Dine-in; Bar; Family Friendly; Dessert Bar,4,True,True,True,2024-05-15,730
REST002001,Restaurant_2001,Kolkata,Kolkata_Locality_4,Food Truck,Continental,0.6,11:00,23:00,2911,4.0,2840,3.7,2133,3.85,1155,Premium,30,30,23,24,20.0,22.0,14,14,134,124,123816,111711,121806,109851,60.0,40.0,Swiggy Better,Dine-in; Outdoor Seating; Parking; Takeaway; Smoking Area; Dessert Bar; Private Room,7,True,False,True,2019-08-02,2478
REST002002,Restaurant_2002,Kolkata,Kolkata_Locality_19,QSR (Quick Service),Street Food,12.5,08:00,23:00,2182,4.1,2063,3.4,1744,3.75,495,Mid-Range,82,82,48,50,18.0,17.0,10,15,239,198,97010,81348,87211,73230,49.0,51.0,Swiggy Better,Family Friendly; Dessert Bar; Dine-in; Rooftop; Live Music; Smoking Area,6,True,False,False,2025-02-06,463
REST002003,Restaurant_2003,Kolkata,Kolkata_Locality_5,Fine Dine,Mediterranean,4.8,11:00,23:00,85,4.1,419,3.8,4444,3.95,818,Premium,44,44,38,37,13.0,17.0,23,11,124,115,88245,78078,85517,75548,52.0,48.0,Swiggy Better,Dine-in; Vegan Options; Private Room,3,False,False,False,2019-10-23,2396
REST002004,Restaurant_2004,Kolkata,Kolkata_Locality_12,Fine Dine,Italian; Italian,14.9,08:00,23:00,285,3.7,4010,4.9,2042,4.3,1115,Premium,94,94,58,58,16.0,12.0,6,24,115,152,107709,149142,102304,141998,50.0,50.0,Zomato Better,Vegan Options; Smoking Area; AC; Alcohol; WiFi,5,True,False,True,2017-10-06,3143
REST002005,Restaurant_2005,Kolkata,Kolkata_Locality_15,Cafe,Continental; Biryani,8.3,10:00,23:00,2734,4.3,1518,4.2,4654,4.25,845,Premium,61,61,36,31,22.0,22.0,12,19,212,207,139729,136433,133263,130120,57.0,43.0,Swiggy Better,Dessert Bar; Private Room; Smoking Area; Family Friendly; Dine-in; Rooftop,6,False,True,True,2019-07-23,2488
REST002006,Restaurant_2006,Kolkata,Kolkata_Locality_8,Cafe,Lebanese; South Indian,5.8,10:00,22:00,926,4.5,947,3.7,3861,4.1,517,Mid-Range,49,49,36,37,21.0,19.0,37,13,182,150,74334,62815,69875,59140,52.0,48.0,Swiggy Better,AC; Smoking Area; Live Music; Takeaway; Dessert Bar; WiFi; Rooftop; Family Friendly,8,True,False,True,2025-01-20,480
REST002007,Restaurant_2007,Kolkata,Kolkata_Locality_4,QSR (Quick Service),Seafood,2.1,11:00,23:00,2884,3.6,949,3.7,1221,3.65,941,Premium,30,30,26,35,18.0,19.0,11,11,226,232,174386,176832,170996,173352,47.0,53.0,Zomato Better,Alcohol; Takeaway; WiFi; Live Music; Private Room,5,True,False,True,2023-05-01,1110
REST002008,Restaurant_2008,Kolkata,Kolkata_Locality_18,Cafe,North Indian; Korean,1.3,07:00,22:00,509,4.2,1358,3.8,1494,4.0,710,Premium,30,30,29,24,22.0,23.0,20,6,161,146,89161,79818,86746,77628,53.0,47.0,Swiggy Better,Alcohol; Vegan Options; Dessert Bar; Rooftop; Smoking Area; Takeaway; Family Friendly; Parking,8,False,True,True,2021-03-29,1873
REST002009,Restaurant_2009,Kolkata,Kolkata_Locality_19,QSR (Quick Service),Seafood; Mediterranean,8.6,07:00,22:00,3267,3.9,2111,4.5,4383,4.2,1367,Luxury,63,63,45,55,19.0,20.0,14,22,254,293,281246,320424,273245,311195,51.0,49.0,Zomato Better,Dine-in; AC; Vegan Options,3,False,False,True,2019-05-31,2541
REST002010,Restaurant_2010,Kolkata,Kolkata_Locality_7,Food Truck,Japanese; Bakery,1.7,11:00,22:00,1957,3.7,150,4.3,1956,4.0,248,Budget,30,30,28,28,20.0,17.0,11,18,112,130,22220,26759,20540,24809,56.0,44.0,Zomato Better,Alcohol; Takeaway; Dine-in,3,False,False,True,2025-01-19,481
REST002011,Restaurant_2011,Kolkata,Kolkata_Locality_13,Food Truck,Italian,5.9,09:00,22:00,102,4.0,3143,3.9,2698,3.95,590,Mid-Range,49,49,36,32,21.0,21.0,16,14,97,94,45211,43813,42835,41510,50.0,50.0,Swiggy Better,Takeaway; Alcohol; Parking; Bar,4,False,False,False,2018-01-25,3032
REST002012,Restaurant_2012,Kolkata,Kolkata_Locality_15,QSR (Quick Service),Korean; Desserts,14.4,08:00,23:00,464,3.5,1027,3.9,69,3.7,1110,Premium,92,92,47,47,22.0,23.0,15,15,167,186,144588,158974,136906,150418,60.0,40.0,Zomato Better,Outdoor Seating; Dine-in; Takeaway; Vegan Options,4,False,True,True,2019-03-30,2603
REST002013,Restaurant_2013,Kolkata,Kolkata_Locality_4,Fine Dine,Multi-Cuisine; Thai,7.2,08:00,22:00,1765,4.2,2757,3.9,4360,4.05,1264,Luxury,56,56,44,44,16.0,13.0,24,12,156,145,165634,159453,161266,155393,51.0,49.0,Swiggy Better,Takeaway; Parking; Smoking Area; Alcohol; Dine-in; Family Friendly,6,False,False,False,2024-11-12,549
REST002014,Restaurant_2014,Kolkata,Kolkata_Locality_1,Cloud Kitchen,Street Food,1.4,12:00,22:00,3592,4.1,3645,3.7,3379,3.9,796,Premium,30,30,24,27,27.0,25.0,24,14,367,331,213256,197607,207751,192642,60.0,40.0,Swiggy Better,Rooftop; Parking; Takeaway; Vegan Options; AC; Smoking Area; WiFi; Dine-in,8,True,False,True,2025-12-22,144
REST002015,Restaurant_2015,Kolkata,Kolkata_Locality_10,QSR (Quick Service),Seafood; Seafood,12.9,08:00,23:00,1761,4.1,2871,4.2,2026,4.15,1279,Luxury,84,84,56,46,23.0,21.0,11,24,229,234,225526,236435,215908,226607,61.0,39.0,Zomato Better,AC; Bar; Smoking Area; Family Friendly; Parking; Outdoor Seating,6,False,False,True,2024-04-01,774
REST002016,Restaurant_2016,Kolkata,Kolkata_Locality_16,Casual Dining,Italian; Mughlai,9.0,07:00,23:00,2052,4.3,4576,3.8,548,4.05,359,Mid-Range,65,65,47,42,22.0,20.0,17,11,247,219,69164,62896,61137,55779,51.0,49.0,Swiggy Better,Parking; Dine-in; Dessert Bar; Vegan Options,4,False,True,True,2016-06-25,3611
REST002017,Restaurant_2017,Kolkata,Kolkata_Locality_4,Food Truck,Continental; Street Food,11.6,10:00,22:00,1743,4.2,1885,4.8,2943,4.5,519,Mid-Range,78,78,48,48,21.0,20.0,23,30,124,142,50841,58958,46005,53420,54.0,46.0,Zomato Better,Alcohol; Takeaway; Live Music; Outdoor Seating; AC,5,True,True,False,2022-07-11,1404
REST002018,Restaurant_2018,Kolkata,Kolkata_Locality_3,Casual Dining,Street Food; North Indian,10.2,11:00,22:00,3477,4.1,1096,4.6,480,4.35,255,Budget,71,71,50,54,17.0,22.0,22,25,272,305,57568,60664,47912,49837,50.0,50.0,Zomato Better,WiFi; Dine-in; Rooftop; Family Friendly; Takeaway; Alcohol; Parking; Live Music,8,True,True,True,2017-10-06,3143
REST002019,Restaurant_2019,Kolkata,Kolkata_Locality_17,QSR (Quick Service),Mediterranean,3.7,10:00,22:00,3512,4.9,4561,3.7,3784,4.3,845,Premium,38,38,33,34,20.0,23.0,27,8,326,246,220376,160059,214182,155385,55.0,45.0,Swiggy Better,WiFi; Vegan Options; Outdoor Seating; Takeaway; Parking; Rooftop,6,False,False,False,2022-03-17,1520
REST002020,Restaurant_2020,Kolkata,Kolkata_Locality_20,Fine Dine,Mediterranean,3.5,08:00,22:00,223,4.2,4532,4.4,4216,4.3,244,Budget,37,37,29,32,18.0,17.0,20,20,129,136,25810,27542,23423,25026,42.0,58.0,Zomato Better,WiFi; Rooftop; Dessert Bar; Takeaway; Outdoor Seating; Parking,6,True,True,True,2025-02-14,455
REST002021,Restaurant_2021,Kolkata,Kolkata_Locality_3,Cafe,Bakery,7.3,07:00,23:00,2951,3.9,2810,4.6,3005,4.25,1119,Premium,56,56,46,34,22.0,19.0,10,26,197,232,171945,210282,166429,203786,64.0,36.0,Zomato Better,Family Friendly; Private Room; Takeaway; Rooftop; Smoking Area; Bar,6,True,True,False,2023-09-24,964
REST002022,Restaurant_2022,Kolkata,Kolkata_Locality_15,QSR (Quick Service),Multi-Cuisine; Italian,5.4,11:00,22:00,1441,4.0,1078,4.0,1524,4.0,749,Premium,47,47,38,35,20.0,19.0,22,19,215,215,128828,130438,123775,125385,64.0,36.0,Zomato Better,Live Music; Dessert Bar; Bar; Smoking Area,4,False,True,False,2017-03-11,3352
REST002023,Restaurant_2023,Kolkata,Kolkata_Locality_3,Cafe,Fast Food; Chinese,5.1,08:00,23:00,2543,4.0,4748,3.9,1749,3.95,263,Budget,45,45,30,37,18.0,21.0,13,6,194,189,41838,39268,37473,35016,58.0,42.0,Swiggy Better,Smoking Area; Rooftop; Bar; Live Music; Takeaway; Dine-in,6,True,True,True,2019-06-02,2539
REST002024,Restaurant_2024,Kolkata,Kolkata_Locality_2,Fine Dine,Biryani; Mediterranean,1.2,08:00,22:00,1388,3.9,3180,4.3,3430,4.1,1245,Luxury,30,30,30,20,13.0,17.0,10,16,139,153,150557,158102,148472,155807,41.0,59.0,Zomato Better,Dessert Bar; Smoking Area; Outdoor Seating; Rooftop; Family Friendly; Alcohol,6,True,True,True,2018-01-05,3052
REST002025,Restaurant_2025,Kolkata,Kolkata_Locality_10,Casual Dining,Mughlai; Fast Food,4.4,11:00,22:00,2257,2.6,4913,4.1,3579,3.35,880,Premium,42,42,25,35,18.0,19.0,14,15,153,241,110404,171784,107191,166723,45.0,55.0,Zomato Better,Vegan Options; Takeaway; WiFi; AC; Live Music; Private Room; Outdoor Seating,7,False,False,True,2018-08-15,2830
REST002026,Restaurant_2026,Kolkata,Kolkata_Locality_3,QSR (Quick Service),Street Food,14.3,07:00,23:00,1693,3.8,997,3.6,4581,3.7,473,Mid-Range,91,91,55,56,21.0,21.0,9,9,210,199,78470,74360,68915,65305,59.0,41.0,Swiggy Better,Rooftop; Smoking Area; Dessert Bar; WiFi; Alcohol; Bar,6,False,False,False,2017-07-24,3217
REST002027,Restaurant_2027,Kolkata,Kolkata_Locality_9,QSR (Quick Service),Mughlai,3.1,09:00,23:00,2607,4.4,772,4.5,2113,4.45,421,Mid-Range,35,35,29,32,18.0,20.0,18,27,268,274,92518,92283,87828,87488,46.0,54.0,Swiggy Better,Outdoor Seating; Family Friendly; AC; WiFi; Dessert Bar; Rooftop; Takeaway,7,True,True,False,2018-01-24,3033
REST002028,Restaurant_2028,Kolkata,Kolkata_Locality_5,QSR (Quick Service),Desserts,13.5,11:00,22:00,2997,4.2,95,3.6,3395,3.9,1109,Premium,87,87,42,55,23.0,23.0,12,13,266,228,227145,194696,215574,184778,49.0,51.0,Swiggy Better,Live Music; Private Room; Vegan Options,3,True,False,False,2021-10-19,1669
REST002029,Restaurant_2029,Kolkata,Kolkata_Locality_7,Casual Dining,South Indian; Mughlai,8.7,11:00,22:00,3375,4.0,4779,3.3,1568,3.65,1274,Luxury,63,63,47,39,22.0,20.0,16,10,263,217,261348,221166,253063,214330,50.0,50.0,Swiggy Better,Family Friendly; Live Music; Vegan Options,3,False,False,True,2022-06-24,1421
REST002030,Restaurant_2030,Kolkata,Kolkata_Locality_4,QSR (Quick Service),South Indian,5.5,07:00,23:00,2834,3.6,4124,4.2,2743,3.9,959,Premium,47,47,36,28,20.0,23.0,11,15,224,262,171852,193468,166588,187311,48.0,52.0,Zomato Better,Family Friendly; Bar; Outdoor Seating; WiFi; Live Music; Alcohol; Takeaway; Private Room,8,False,False,False,2021-09-11,1707
REST002031,Restaurant_2031,Kolkata,Kolkata_Locality_15,Fine Dine,Desserts,5.5,07:00,22:00,2693,3.9,1750,4.4,2009,4.15,1264,Luxury,47,47,35,40,12.0,13.0,7,14,160,180,177971,197942,174211,193712,45.0,55.0,Zomato Better,Smoking Area; Vegan Options; Dessert Bar,3,False,True,True,2023-12-30,867
REST002032,Restaurant_2032,Kolkata,Kolkata_Locality_8,Casual Dining,South Indian; Vietnamese,1.3,11:00,22:00,2380,4.5,1255,4.1,1528,4.3,460,Mid-Range,30,30,26,24,19.0,17.0,35,23,268,244,99856,93159,95836,89499,54.0,46.0,Swiggy Better,Smoking Area; Rooftop; Vegan Options; Family Friendly; Dine-in; AC,6,True,True,True,2020-02-03,2293
REST002033,Restaurant_2033,Kolkata,Kolkata_Locality_2,Cloud Kitchen,Mexican,10.4,12:00,22:00,105,3.0,3949,3.3,4005,3.15,603,Mid-Range,72,72,41,54,24.0,24.0,14,10,182,200,83406,91656,76854,84456,67.0,33.0,Zomato Better,Dine-in; Bar; Takeaway; Outdoor Seating; Rooftop; Live Music; Parking,7,False,True,True,2025-09-15,242
REST002034,Restaurant_2034,Kolkata,Kolkata_Locality_7,Casual Dining,Mughlai,6.8,10:00,23:00,1088,3.6,3501,3.8,3905,3.7,1449,Luxury,54,54,36,43,18.0,18.0,13,7,186,196,221001,232883,215979,227591,44.0,56.0,Zomato Better,Takeaway; Smoking Area; Vegan Options; Bar,4,False,False,False,2017-10-29,3120
REST002035,Restaurant_2035,Kolkata,Kolkata_Locality_12,Casual Dining,North Indian; Pan-Asian,5.1,08:00,22:00,960,3.2,4528,4.6,2667,3.9,870,Premium,45,45,34,37,21.0,22.0,5,31,162,234,111342,158792,107697,153527,52.0,48.0,Zomato Better,Private Room; Live Music; Bar; AC; Dine-in; Family Friendly; Outdoor Seating,7,True,False,True,2017-07-10,3231
REST002036,Restaurant_2036,Kolkata,Kolkata_Locality_18,Food Truck,Continental; Japanese,11.1,10:00,23:00,2945,3.5,812,4.0,265,3.75,969,Premium,75,75,44,43,22.0,18.0,10,19,117,134,88430,106473,84043,101448,60.0,40.0,Zomato Better,Bar; Live Music; Dine-in; Parking; Outdoor Seating,5,True,False,False,2025-02-17,452
REST002037,Restaurant_2037,Kolkata,Kolkata_Locality_15,Fine Dine,Mexican; Cafe,0.8,08:00,23:00,2643,4.5,249,3.7,379,4.1,1499,Luxury,30,30,31,21,13.0,16.0,10,12,183,151,238655,190133,235910,187868,45.0,55.0,Swiggy Better,Vegan Options; Live Music; Smoking Area; Family Friendly; Bar; Alcohol; Rooftop,7,True,True,False,2023-05-06,1105
REST002038,Restaurant_2038,Kolkata,Kolkata_Locality_1,Food Truck,Italian; Vietnamese,11.2,09:00,22:00,3570,4.2,3672,3.8,4292,4.0,728,Premium,76,76,44,44,20.0,18.0,10,15,150,135,87360,80589,81660,75459,60.0,40.0,Swiggy Better,Private Room; Rooftop; Smoking Area; Alcohol; Family Friendly; Dessert Bar; Parking,7,True,False,False,2018-06-17,2889
REST002039,Restaurant_2039,Kolkata,Kolkata_Locality_19,Food Truck,Korean; Continental,2.2,08:00,23:00,2675,3.6,526,3.6,3270,3.6,1285,Luxury,31,31,21,28,20.0,19.0,8,8,118,118,121304,122820,119475,120991,51.0,49.0,Zomato Better,Rooftop; Vegan Options; Bar,3,False,False,True,2017-08-08,3202
REST002040,Restaurant_2040,Kolkata,Kolkata_Locality_19,QSR (Quick Service),Italian; Lebanese,3.2,09:00,22:00,2083,3.1,3123,4.2,4026,3.65,1085,Premium,36,36,30,36,20.0,23.0,11,24,179,242,155372,202178,152150,197822,50.0,50.0,Zomato Better,Parking; Private Room; AC; Live Music; Dessert Bar; Family Friendly; Takeaway,7,False,False,False,2023-08-21,998
REST002041,Restaurant_2041,Kolkata,Kolkata_Locality_4,Fine Dine,Lebanese; Italian,14.4,11:00,23:00,3327,3.7,1142,3.8,2555,3.75,295,Budget,92,92,55,52,14.0,15.0,10,11,161,165,40845,41373,33439,33783,48.0,52.0,Zomato Better,Live Music; WiFi; Bar; Rooftop; Smoking Area; Outdoor Seating; Parking; Takeaway,8,True,True,True,2016-09-25,3519
REST002042,Restaurant_2042,Kolkata,Kolkata_Locality_17,Fine Dine,Fast Food; Japanese,3.4,09:00,22:00,510,4.0,745,4.1,1068,4.05,243,Budget,37,37,34,25,15.0,16.0,12,20,128,131,26438,26739,24070,24316,52.0,48.0,Zomato Better,Family Friendly; Vegan Options; AC; Takeaway; Private Room; WiFi; Outdoor Seating; Live Music,8,True,True,True,2018-01-01,3056
REST002043,Restaurant_2043,Kolkata,Kolkata_Locality_18,Casual Dining,Desserts,2.7,10:00,22:00,3535,3.9,4090,4.0,363,3.95,1347,Luxury,33,33,32,35,20.0,21.0,11,19,260,267,280176,284122,275886,279717,52.0,48.0,Zomato Better,Parking; WiFi; Outdoor Seating; Dessert Bar,4,False,False,True,2025-08-10,278
REST002044,Restaurant_2044,Kolkata,Kolkata_Locality_11,Cloud Kitchen,Vietnamese; Lebanese,12.4,09:00,23:00,2739,3.5,1088,4.3,22,3.9,1140,Premium,82,82,50,46,23.0,27.0,8,6,288,354,252806,294598,240998,280084,64.0,36.0,Zomato Better,Smoking Area; Alcohol; Dessert Bar; Family Friendly; Dine-in; Private Room; AC; Live Music,8,True,False,False,2017-10-27,3122
REST002045,Restaurant_2045,Kolkata,Kolkata_Locality_12,QSR (Quick Service),Cafe,13.2,11:00,22:00,221,3.5,1657,3.8,4217,3.65,809,Premium,86,86,43,57,23.0,20.0,9,5,162,176,100914,113907,93948,106339,55.0,45.0,Zomato Better,Family Friendly; Alcohol; Live Music; AC,4,True,False,False,2020-02-05,2291
REST002046,Restaurant_2046,Kolkata,Kolkata_Locality_10,Food Truck,Seafood,12.2,11:00,22:00,1905,4.0,681,4.4,2846,4.2,630,Mid-Range,81,81,55,45,22.0,17.0,23,10,121,133,59459,69545,54558,64159,48.0,52.0,Zomato Better,Rooftop; Smoking Area; Outdoor Seating; Live Music; Dessert Bar; Alcohol; Private Room,7,True,True,True,2026-02-18,86
REST002047,Restaurant_2047,Kolkata,Kolkata_Locality_14,Food Truck,Multi-Cuisine,9.7,11:00,22:00,3023,3.7,2578,3.7,1669,3.7,159,Budget,68,68,42,42,18.0,20.0,6,11,125,125,16297,15900,12047,11650,64.0,36.0,Swiggy Better,Dine-in; Live Music; Rooftop; Parking; Alcohol; Private Room; Outdoor Seating,7,True,True,False,2024-06-03,711
REST002048,Restaurant_2048,Kolkata,Kolkata_Locality_5,Casual Dining,Cafe,4.4,10:00,22:00,3181,3.5,677,3.9,2093,3.7,1262,Luxury,42,42,27,30,21.0,23.0,7,8,226,251,225317,243906,220571,238635,48.0,52.0,Zomato Better,Live Music; Outdoor Seating; Private Room; Alcohol; WiFi; AC; Vegan Options; Takeaway,8,False,True,True,2025-10-12,215
REST002049,Restaurant_2049,Kolkata,Kolkata_Locality_4,Food Truck,Mediterranean,4.0,10:00,23:00,958,3.9,1472,3.4,670,3.65,682,Mid-Range,40,40,30,36,20.0,18.0,5,5,105,92,57288,51450,55188,49610,51.0,49.0,Swiggy Better,Alcohol; Vegan Options; Dessert Bar; Rooftop; Private Room,5,False,False,False,2017-08-17,3193
REST002050,Restaurant_2050,Kolkata,Kolkata_Locality_15,Casual Dining,Fast Food; Vietnamese,3.4,10:00,23:00,924,3.3,437,3.9,4308,3.6,584,Mid-Range,37,37,32,26,18.0,21.0,5,11,167,197,79972,90887,76883,87243,44.0,56.0,Zomato Better,Dine-in; Private Room; Dessert Bar; Alcohol; Live Music; Smoking Area; Family Friendly; Bar,8,True,False,False,2017-11-30,3088
REST002051,Restaurant_2051,Kolkata,Kolkata_Locality_19,Cloud Kitchen,Pan-Asian; Pan-Asian,8.0,07:00,23:00,2022,3.7,1915,4.1,2732,3.9,605,Mid-Range,60,60,35,40,28.0,23.0,13,19,283,314,123274,146276,114784,136856,74.0,26.0,Zomato Better,Dine-in; Parking; AC; Vegan Options; WiFi; Family Friendly; Rooftop; Takeaway,8,True,False,True,2018-01-03,3054
REST002052,Restaurant_2052,Kolkata,Kolkata_Locality_20,Casual Dining,Biryani; Street Food,9.7,09:00,22:00,663,4.5,2903,3.5,1306,4.0,477,Mid-Range,68,68,44,47,20.0,22.0,27,12,220,171,83952,63622,76472,57808,47.0,53.0,Swiggy Better,Dine-in; Takeaway; Family Friendly; Bar,4,True,True,False,2025-01-10,490
REST002053,Restaurant_2053,Kolkata,Kolkata_Locality_13,QSR (Quick Service),Lebanese,7.1,09:00,23:00,3603,4.0,3439,4.2,3723,4.1,771,Premium,55,55,41,36,21.0,20.0,11,25,268,282,163236,173937,155866,166182,57.0,43.0,Zomato Better,Bar; AC; Family Friendly,3,False,True,True,2023-08-27,992
REST002054,Restaurant_2054,Kolkata,Kolkata_Locality_5,Casual Dining,Seafood; Korean,3.7,12:00,22:00,2800,4.1,1766,4.0,1847,4.05,769,Premium,38,38,36,36,18.0,19.0,20,10,255,249,160797,155099,155952,150368,52.0,48.0,Swiggy Better,Vegan Options; Dessert Bar; Live Music; Dine-in,4,True,True,False,2024-02-26,809
REST002055,Restaurant_2055,Kolkata,Kolkata_Locality_8,QSR (Quick Service),Bakery,6.9,07:00,22:00,931,4.5,246,3.8,2226,4.15,1278,Luxury,54,54,44,34,21.0,18.0,25,10,228,192,230193,201208,224037,196024,64.0,36.0,Swiggy Better,Private Room; Vegan Options; Family Friendly; Live Music; Outdoor Seating; Dessert Bar; Smoking Area,7,False,True,True,2019-04-25,2577
REST002056,Restaurant_2056,Kolkata,Kolkata_Locality_19,Food Truck,Cafe; Biryani,12.7,08:00,22:00,1652,3.7,265,3.7,2274,3.7,1028,Premium,83,83,53,44,22.0,22.0,13,6,108,108,86598,86598,82116,82116,63.0,37.0,Balanced,Vegan Options; Takeaway; Smoking Area; WiFi; Alcohol; AC,6,False,True,False,2021-01-16,1945
REST002057,Restaurant_2057,Kolkata,Kolkata_Locality_9,Cafe,Vietnamese; Mexican,4.5,11:00,22:00,1152,4.3,356,4.3,876,4.3,852,Premium,42,42,33,37,18.0,19.0,24,17,179,179,125056,123531,121297,119772,61.0,39.0,Swiggy Better,Bar; Takeaway; Alcohol,3,True,False,False,2024-10-07,585
REST002058,Restaurant_2058,Kolkata,Kolkata_Locality_8,Food Truck,Seafood,0.7,12:00,23:00,690,4.8,1482,3.6,3981,4.2,912,Premium,30,30,30,32,18.0,22.0,24,8,126,94,94227,66867,92337,65457,62.0,38.0,Swiggy Better,Private Room; Takeaway; Bar,3,False,True,True,2023-01-25,1206
REST002059,Restaurant_2059,Kolkata,Kolkata_Locality_8,Cafe,Mediterranean,8.4,10:00,23:00,1741,4.0,3607,3.3,1090,3.65,1102,Premium,62,62,39,42,21.0,19.0,21,8,178,147,154963,131215,149445,126658,56.0,44.0,Swiggy Better,Smoking Area; WiFi; AC; Bar; Parking; Family Friendly; Private Room; Dine-in,8,False,True,False,2023-05-18,1093
REST002060,Restaurant_2060,Kolkata,Kolkata_Locality_4,Cafe,Vietnamese,6.7,10:00,22:00,1219,3.6,4085,3.7,3944,3.65,545,Mid-Range,53,53,37,39,22.0,17.0,13,6,151,155,64190,70114,60188,66006,50.0,50.0,Zomato Better,Rooftop; Dine-in; Private Room,3,True,False,False,2016-10-04,3510
REST002061,Restaurant_2061,Kolkata,Kolkata_Locality_17,Food Truck,Cafe; Italian,12.6,12:00,23:00,670,4.2,589,4.5,4817,4.35,1255,Luxury,83,83,41,50,18.0,19.0,12,39,110,117,113201,118936,108636,114080,49.0,51.0,Zomato Better,Live Music; Vegan Options; Dessert Bar; Outdoor Seating,4,True,False,False,2016-06-26,3610
REST002062,Restaurant_2062,Kolkata,Kolkata_Locality_12,Cafe,Seafood; Desserts,11.0,09:00,23:00,1191,4.4,4059,3.9,4922,4.15,507,Mid-Range,75,75,44,55,21.0,20.0,12,12,184,163,73697,66112,66797,60000,61.0,39.0,Swiggy Better,Dine-in; AC; Private Room; Alcohol; Rooftop,5,False,False,True,2024-11-17,544
REST002063,Restaurant_2063,Kolkata,Kolkata_Locality_16,Cafe,Mediterranean,6.7,08:00,22:00,2208,3.8,4604,4.0,1082,3.9,799,Premium,53,53,45,37,23.0,22.0,13,25,178,187,109510,116542,104793,111586,63.0,37.0,Zomato Better,Private Room; Rooftop; Family Friendly; Vegan Options; Dine-in; Bar; Takeaway,7,True,True,True,2024-04-24,751
REST002064,Restaurant_2064,Kolkata,Kolkata_Locality_18,Casual Dining,Mediterranean,2.1,10:00,22:00,1809,5.0,3194,4.2,1413,4.6,499,Mid-Range,30,30,27,21,21.0,18.0,33,14,280,235,110378,96157,106178,92632,51.0,49.0,Swiggy Better,Private Room; WiFi; Smoking Area; Live Music; Family Friendly; Outdoor Seating; Alcohol,7,True,False,True,2025-12-22,144
REST002065,Restaurant_2065,Kolkata,Kolkata_Locality_2,Casual Dining,Pan-Asian; Continental,1.1,08:00,22:00,1035,3.9,1293,3.9,4108,3.9,1480,Luxury,30,30,30,29,19.0,20.0,15,12,200,200,239760,236800,236760,233800,54.0,46.0,Swiggy Better,Live Music; Dine-in; Smoking Area; Takeaway; Family Friendly; Outdoor Seating; WiFi,7,True,True,False,2016-06-20,3616
REST002066,Restaurant_2066,Kolkata,Kolkata_Locality_14,QSR (Quick Service),Chinese,13.4,11:00,23:00,2824,3.7,843,3.9,4888,3.8,929,Premium,87,87,44,52,18.0,19.0,10,6,230,243,175209,182855,165204,172284,65.0,35.0,Zomato Better,Outdoor Seating; Dine-in; Alcohol; Bar; WiFi; Vegan Options; AC,7,False,True,False,2017-06-08,3263
REST002067,Restaurant_2067,Kolkata,Kolkata_Locality_12,Fine Dine,Korean,14.1,09:00,23:00,2240,3.4,1763,3.3,2075,3.35,261,Budget,90,90,55,52,14.0,13.0,12,14,133,129,29853,29292,23868,23487,53.0,47.0,Swiggy Better,Family Friendly; Outdoor Seating; Private Room; Parking; Smoking Area; Bar; Dine-in,7,True,True,True,2022-07-08,1407
REST002068,Restaurant_2068,Kolkata,Kolkata_Locality_16,Cafe,Italian; Fast Food,2.9,09:00,23:00,1132,4.5,2035,3.8,119,4.15,1077,Premium,34,34,25,27,22.0,20.0,34,7,187,158,157091,136132,153912,133446,52.0,48.0,Swiggy Better,Vegan Options; AC; Family Friendly; Dessert Bar,4,False,True,True,2019-12-20,2338
REST002069,Restaurant_2069,Kolkata,Kolkata_Locality_7,Cloud Kitchen,Mughlai; Mexican,8.4,10:00,22:00,1671,3.6,2458,4.3,116,3.95,1396,Luxury,62,62,38,32,25.0,25.0,7,7,265,317,277455,331899,269240,322072,74.0,26.0,Zomato Better,Bar; Takeaway; Family Friendly; AC; WiFi; Alcohol; Dine-in,7,True,False,False,2025-07-07,312
REST002070,Restaurant_2070,Kolkata,Kolkata_Locality_9,Cafe,Biryani; Seafood,0.9,08:00,22:00,2970,4.5,3142,3.7,2736,4.1,189,Budget,30,30,24,22,20.0,17.0,40,9,227,187,34322,29334,30917,26529,55.0,45.0,Swiggy Better,Outdoor Seating; Rooftop; Smoking Area; Alcohol; Live Music; Parking; AC,7,True,True,True,2024-10-10,582
REST002071,Restaurant_2071,Kolkata,Kolkata_Locality_16,QSR (Quick Service),Chinese,11.7,11:00,23:00,3626,4.2,4436,4.5,388,4.35,867,Premium,78,78,43,47,17.0,23.0,18,17,282,303,202930,202279,191932,190462,46.0,54.0,Swiggy Better,Dessert Bar; Bar; Takeaway; Family Friendly; Parking,5,True,True,True,2021-05-19,1822
REST002072,Restaurant_2072,Kolkata,Kolkata_Locality_18,Cloud Kitchen,Chinese; South Indian,10.3,09:00,23:00,1106,4.2,2065,4.5,3670,4.35,1361,Luxury,71,71,47,45,24.0,25.0,25,31,290,310,299964,316432,289669,305427,59.0,41.0,Zomato Better,Alcohol; Private Room; Parking; Live Music; Family Friendly,5,False,True,False,2021-07-06,1774
REST002073,Restaurant_2073,Kolkata,Kolkata_Locality_13,Food Truck,Lebanese,5.3,11:00,23:00,459,3.9,3899,4.3,1600,4.1,520,Mid-Range,46,46,41,39,22.0,19.0,12,19,99,109,40154,45910,37877,43403,65.0,35.0,Zomato Better,Smoking Area; Dessert Bar; Family Friendly; Dine-in; AC; Bar,6,False,False,True,2020-02-05,2291
REST002074,Restaurant_2074,Kolkata,Kolkata_Locality_10,QSR (Quick Service),Japanese; Mexican,11.4,08:00,22:00,2975,4.4,2534,3.5,684,3.95,295,Budget,77,77,47,43,20.0,17.0,12,15,278,221,65608,54111,54905,45603,52.0,48.0,Swiggy Better,Private Room; AC; Outdoor Seating; Smoking Area; Bar,5,True,True,False,2017-01-25,3397
REST002075,Restaurant_2075,Kolkata,Kolkata_Locality_5,Casual Dining,Street Food; Korean,0.9,09:00,23:00,2316,3.4,3470,4.4,2283,3.9,987,Premium,30,30,40,30,19.0,22.0,7,17,201,260,160693,200163,157678,196263,46.0,54.0,Zomato Better,Parking; Smoking Area; Bar; Alcohol; Live Music; Rooftop,6,True,True,True,2023-09-30,958
REST002076,Restaurant_2076,Kolkata,Kolkata_Locality_5,QSR (Quick Service),Korean,5.7,11:00,23:00,1199,4.6,4119,3.7,1434,4.15,166,Budget,48,48,44,33,19.0,19.0,39,12,240,193,32270,25950,26510,21318,54.0,46.0,Swiggy Better,Rooftop; Takeaway; Dine-in; Vegan Options; Smoking Area; Dessert Bar; Outdoor Seating; Private Room,8,True,True,True,2026-01-25,110
REST002077,Restaurant_2077,Kolkata,Kolkata_Locality_3,Casual Dining,Mexican,7.3,11:00,23:00,83,4.1,4764,3.7,579,3.9,951,Premium,56,56,42,39,20.0,19.0,10,7,186,168,141508,129412,136300,124708,47.0,53.0,Swiggy Better,Vegan Options; Rooftop; WiFi; Outdoor Seating; Parking; Dine-in; Takeaway; Bar,8,True,True,True,2022-03-27,1510
REST002078,Restaurant_2078,Kolkata,Kolkata_Locality_19,QSR (Quick Service),Bakery,14.7,10:00,22:00,670,4.4,3246,3.9,3240,4.15,388,Mid-Range,93,93,51,57,22.0,18.0,10,6,216,191,65370,60768,55326,51887,57.0,43.0,Swiggy Better,Dine-in; Rooftop; Private Room; Family Friendly; Dessert Bar; Smoking Area; Takeaway; Bar,8,False,False,False,2022-10-30,1293
REST002079,Restaurant_2079,Kolkata,Kolkata_Locality_18,Fine Dine,Japanese,13.7,11:00,22:00,1116,3.6,3743,4.0,4495,3.8,564,Mid-Range,88,88,54,53,13.0,14.0,15,17,124,138,60844,66935,55388,60863,43.0,57.0,Zomato Better,Vegan Options; Family Friendly; AC; Outdoor Seating; Takeaway,5,False,False,True,2025-06-27,322
REST002080,Restaurant_2080,Kolkata,Kolkata_Locality_4,Cafe,Cafe,4.8,09:00,23:00,1585,3.8,4742,3.5,4595,3.65,532,Mid-Range,44,44,37,33,21.0,22.0,15,7,166,153,69766,63488,66114,60122,59.0,41.0,Swiggy Better,Alcohol; AC; Dine-in; Outdoor Seating; Smoking Area; WiFi,6,False,True,False,2022-04-03,1503
REST002081,Restaurant_2081,Kolkata,Kolkata_Locality_3,QSR (Quick Service),Lebanese; North Indian,2.5,11:00,22:00,2723,4.0,4840,4.6,2860,4.3,414,Mid-Range,32,32,25,39,19.0,23.0,12,38,247,284,82828,90533,78876,85989,52.0,48.0,Zomato Better,Parking; WiFi; Vegan Options; Bar; Family Friendly; Dine-in,6,False,False,False,2023-06-01,1079
REST002082,Restaurant_2082,Kolkata,Kolkata_Locality_4,Cafe,Biryani,4.3,07:00,22:00,635,4.4,1687,4.4,4141,4.4,1266,Luxury,41,41,33,33,18.0,21.0,23,10,172,172,178556,172024,175030,168498,54.0,46.0,Swiggy Better,Outdoor Seating; Takeaway; Smoking Area; Private Room; Dine-in,5,True,False,False,2021-09-20,1698
REST002083,Restaurant_2083,Kolkata,Kolkata_Locality_3,Food Truck,Multi-Cuisine,1.1,11:00,23:00,277,3.7,1446,3.9,2853,3.8,828,Premium,30,30,24,15,22.0,18.0,14,5,92,97,59417,65859,58037,64404,55.0,45.0,Zomato Better,Dessert Bar; Parking; Rooftop; WiFi; Bar; Takeaway; Family Friendly; Vegan Options,8,True,False,False,2016-08-14,3561
REST002084,Restaurant_2084,Kolkata,Kolkata_Locality_20,Cloud Kitchen,Bakery; Continental,3.6,12:00,23:00,3583,4.0,3824,3.2,85,3.6,928,Premium,38,38,32,38,26.0,24.0,16,13,357,286,245159,201710,238376,196276,65.0,35.0,Swiggy Better,Smoking Area; Vegan Options; Dessert Bar; Rooftop; Parking; Takeaway; Family Friendly; Bar,8,True,True,False,2022-11-17,1275
REST002085,Restaurant_2085,Kolkata,Kolkata_Locality_17,Cloud Kitchen,North Indian,3.3,12:00,23:00,59,3.7,2047,4.3,1403,4.0,891,Premium,36,36,28,36,26.0,23.0,8,14,223,260,147032,178378,143018,173698,64.0,36.0,Zomato Better,Private Room; AC; Rooftop; Outdoor Seating; Bar; Parking; Dine-in; Smoking Area,8,True,False,True,2020-05-08,2198
REST002086,Restaurant_2086,Kolkata,Kolkata_Locality_5,Cloud Kitchen,Cafe; Biryani,13.5,07:00,22:00,979,3.9,2112,5.0,3483,4.45,1138,Premium,87,87,46,58,25.0,27.0,10,29,265,340,226177,282451,214650,267661,56.0,44.0,Zomato Better,Alcohol; Parking; Bar,3,True,True,False,2023-11-29,898
REST002087,Restaurant_2087,Kolkata,Kolkata_Locality_1,Fine Dine,South Indian; Italian,4.5,08:00,22:00,1137,4.7,4793,4.2,4428,4.45,259,Budget,42,42,36,27,17.0,12.0,38,23,162,145,34825,33048,31423,30003,52.0,48.0,Swiggy Better,Dine-in; Smoking Area; Bar; Alcohol; Family Friendly; AC; Rooftop; WiFi,8,False,False,False,2022-08-14,1370
REST002088,Restaurant_2088,Kolkata,Kolkata_Locality_15,Casual Dining,Fast Food,6.9,09:00,23:00,2170,3.7,2412,4.5,2563,4.1,439,Mid-Range,54,54,33,35,18.0,18.0,10,24,215,262,77395,94314,71590,87240,45.0,55.0,Zomato Better,AC; Private Room; Family Friendly; WiFi; Vegan Options; Bar; Outdoor Seating; Alcohol,8,True,True,False,2021-07-12,1768
REST002089,Restaurant_2089,Kolkata,Kolkata_Locality_6,Fine Dine,Vietnamese; Pan-Asian,3.3,07:00,23:00,3274,3.7,2367,3.7,1497,3.7,194,Budget,36,36,30,23,15.0,15.0,14,8,160,160,26384,26384,23504,23504,50.0,50.0,Balanced,Outdoor Seating; WiFi; Dine-in,3,False,True,False,2020-06-26,2149
REST002090,Restaurant_2090,Kolkata,Kolkata_Locality_8,Cafe,Bakery,14.9,09:00,23:00,2038,4.2,1649,4.6,2447,4.4,1139,Premium,94,94,62,54,22.0,21.0,23,30,193,211,171465,189859,162394,179942,49.0,51.0,Zomato Better,Parking; Alcohol; Outdoor Seating; Family Friendly; AC; Smoking Area; WiFi,7,False,True,False,2022-06-01,1444
REST002091,Restaurant_2091,Kolkata,Kolkata_Locality_8,Casual Dining,Lebanese,10.8,11:00,23:00,3115,4.9,2208,4.0,2565,4.45,1455,Luxury,74,74,54,37,21.0,19.0,34,23,314,256,360927,301708,349309,292236,48.0,52.0,Swiggy Better,Vegan Options; Dine-in; Family Friendly,3,False,True,False,2022-09-26,1327
REST002092,Restaurant_2092,Kolkata,Kolkata_Locality_12,Fine Dine,Italian; Pan-Asian,5.8,07:00,23:00,426,4.7,4474,3.7,1014,4.2,1301,Luxury,49,49,27,35,14.0,13.0,31,13,149,117,166710,132428,163059,129562,49.0,51.0,Swiggy Better,Vegan Options; Dine-in; Takeaway; Family Friendly; Rooftop; Alcohol; Bar,7,True,False,True,2026-03-14,62
REST002093,Restaurant_2093,Kolkata,Kolkata_Locality_7,Cafe,Fast Food; Thai,9.8,10:00,22:00,1488,3.8,503,3.8,3207,3.8,249,Budget,69,69,37,51,18.0,21.0,12,11,164,164,33485,32260,27827,26602,46.0,54.0,Swiggy Better,Dine-in; Parking; WiFi; Live Music; Private Room; Outdoor Seating; AC,7,True,True,False,2019-07-05,2506
REST002094,Restaurant_2094,Kolkata,Kolkata_Locality_1,Cafe,Street Food,10.5,08:00,22:00,2758,3.8,3891,4.0,2028,3.9,408,Mid-Range,72,72,43,50,18.0,23.0,8,11,188,198,62897,62203,56129,55075,57.0,43.0,Swiggy Better,Private Room; WiFi; Alcohol; Vegan Options,4,True,False,False,2021-09-10,1708
REST002095,Restaurant_2095,Kolkata,Kolkata_Locality_3,Casual Dining,Chinese,11.2,12:00,23:00,2676,4.2,556,3.7,592,3.95,1225,Luxury,76,76,44,39,22.0,21.0,25,13,258,227,246519,219679,236715,211053,51.0,49.0,Swiggy Better,Parking; Dine-in; Dessert Bar; Smoking Area,4,False,False,True,2022-03-26,1511
REST002096,Restaurant_2096,Kolkata,Kolkata_Locality_4,Fine Dine,Japanese,2.7,10:00,22:00,1227,4.5,4102,3.9,1591,4.2,674,Mid-Range,33,33,32,27,17.0,18.0,28,5,157,136,87828,75164,85238,72920,50.0,50.0,Swiggy Better,Smoking Area; Private Room; AC; WiFi; Family Friendly; Takeaway,6,False,True,False,2019-03-23,2610
REST002097,Restaurant_2097,Kolkata,Kolkata_Locality_4,Casual Dining,Mexican,3.2,09:00,22:00,1240,4.0,78,3.7,3848,3.85,423,Mid-Range,36,36,33,22,20.0,19.0,10,15,210,194,71064,66470,67284,62978,47.0,53.0,Swiggy Better,WiFi; Parking; Alcohol; Smoking Area; Dine-in; Outdoor Seating; Vegan Options,7,True,False,False,2018-03-20,2978
REST002098,Restaurant_2098,Kolkata,Kolkata_Locality_4,Cloud Kitchen,Biryani,8.5,10:00,23:00,252,4.1,1458,3.9,3685,4.0,1359,Luxury,62,62,44,49,24.0,24.0,13,14,254,242,262341,249947,254467,242445,71.0,29.0,Swiggy Better,AC; Family Friendly; Private Room,3,False,True,True,2025-07-22,297
REST002099,Restaurant_2099,Kolkata,Kolkata_Locality_7,Food Truck,Bakery,11.0,08:00,23:00,1239,4.5,4260,4.4,2108,4.45,492,Mid-Range,75,75,41,55,23.0,18.0,27,24,126,123,47733,49623,43008,45010,65.0,35.0,Zomato Better,Parking; Live Music; Bar; WiFi,4,False,True,False,2022-10-18,1305
REST002100,Restaurant_2100,Kolkata,Kolkata_Locality_7,Food Truck,Vietnamese; Lebanese,2.9,08:00,23:00,1391,5.0,1500,4.2,3674,4.6,1063,Premium,34,34,30,35,18.0,20.0,35,13,142,120,123775,102048,121361,100008,57.0,43.0,Swiggy Better,Smoking Area; Family Friendly; Dine-in; Parking,4,False,False,False,2018-02-13,3013
REST002101,Restaurant_2101,Kolkata,Kolkata_Locality_3,Casual Dining,Fast Food,12.8,12:00,22:00,2596,4.9,284,3.9,2511,4.4,175,Budget,84,84,48,48,18.0,23.0,11,8,298,237,42763,31935,30247,21981,55.0,45.0,Swiggy Better,Dessert Bar; Private Room; Alcohol; Family Friendly,4,True,False,True,2022-02-08,1557
REST002102,Restaurant_2102,Kolkata,Kolkata_Locality_4,QSR (Quick Service),South Indian; Continental,5.1,10:00,22:00,3010,3.6,3413,3.9,4645,3.75,723,Premium,45,45,33,32,20.0,21.0,9,14,228,247,131875,141078,126745,135521,62.0,38.0,Zomato Better,Vegan Options; Smoking Area; Family Friendly,3,False,True,True,2016-11-14,3469
REST002103,Restaurant_2103,Kolkata,Kolkata_Locality_11,Cafe,Lebanese; Seafood,11.0,12:00,22:00,1044,3.6,1565,3.7,4037,3.65,795,Premium,75,75,38,42,18.0,20.0,13,13,148,152,96481,96672,90931,90972,48.0,52.0,Zomato Better,AC; Takeaway; Smoking Area; Rooftop; Bar; Live Music; Vegan Options; WiFi,8,True,True,True,2019-07-11,2500
REST002104,Restaurant_2104,Kolkata,Kolkata_Locality_4,Fine Dine,Mughlai,6.0,09:00,23:00,735,3.4,2132,4.2,4711,3.8,383,Mid-Range,50,50,43,40,17.0,18.0,11,21,112,138,35603,43340,32803,39890,50.0,50.0,Zomato Better,WiFi; Family Friendly; AC; Parking; Takeaway; Outdoor Seating; Rooftop; Private Room,8,False,True,False,2021-02-24,1906
REST002105,Restaurant_2105,Kolkata,Kolkata_Locality_17,Casual Dining,Pan-Asian,4.1,10:00,22:00,1527,4.1,2483,3.7,4930,3.9,816,Premium,40,40,29,35,20.0,18.0,16,5,223,201,145574,134493,141114,130473,45.0,55.0,Swiggy Better,Private Room; WiFi; Family Friendly; AC; Dine-in; Parking; Bar,7,False,False,False,2017-12-29,3059
REST002106,Restaurant_2106,Kolkata,Kolkata_Locality_9,Cafe,Mexican,8.7,12:00,22:00,2275,4.1,2125,4.9,809,4.5,789,Premium,63,63,35,48,20.0,21.0,16,36,193,231,121821,143984,115742,136708,62.0,38.0,Zomato Better,Outdoor Seating; Parking; Dessert Bar; Smoking Area; Vegan Options; Takeaway; WiFi,7,True,False,False,2023-11-24,903
REST002107,Restaurant_2107,Kolkata,Kolkata_Locality_2,Cafe,Lebanese; Vietnamese,8.0,07:00,22:00,950,3.8,4226,3.4,3465,3.6,1066,Premium,60,60,37,31,22.0,20.0,11,13,154,138,128047,117686,123427,113546,50.0,50.0,Swiggy Better,Live Music; Outdoor Seating; Dine-in; Family Friendly; Takeaway; Alcohol,6,True,True,False,2021-10-04,1684
REST002108,Restaurant_2108,Kolkata,Kolkata_Locality_13,QSR (Quick Service),Italian; Continental,11.4,12:00,22:00,2070,3.3,475,4.0,943,3.65,852,Premium,77,77,48,54,19.0,22.0,10,18,190,231,131122,153513,123807,144619,58.0,42.0,Zomato Better,Vegan Options; Takeaway; Smoking Area,3,False,False,True,2018-12-04,2719
REST002109,Restaurant_2109,Kolkata,Kolkata_Locality_13,Fine Dine,Multi-Cuisine,1.7,08:00,23:00,566,3.9,680,4.3,1384,4.1,490,Mid-Range,30,30,23,27,17.0,15.0,8,24,126,139,51244,57893,49354,55808,53.0,47.0,Zomato Better,Alcohol; Takeaway; Dine-in,3,True,False,False,2021-03-17,1885
REST002110,Restaurant_2110,Kolkata,Kolkata_Locality_4,Casual Dining,Chinese,1.0,12:00,22:00,1305,4.0,997,4.1,1244,4.05,1260,Luxury,30,30,24,24,20.0,22.0,24,15,212,217,213696,213267,210516,210012,50.0,50.0,Swiggy Better,Rooftop; Private Room; Live Music; Takeaway; Dessert Bar; Parking,6,True,True,False,2026-03-14,62
REST002111,Restaurant_2111,Kolkata,Kolkata_Locality_5,Cloud Kitchen,Street Food; Desserts,11.2,12:00,23:00,1500,3.1,2649,3.4,2293,3.25,244,Budget,76,76,49,43,26.0,23.0,10,14,224,245,40445,46030,31933,36720,58.0,42.0,Zomato Better,WiFi; Rooftop; Alcohol; Private Room; Family Friendly; AC; Takeaway,7,False,False,False,2017-09-16,3163
REST002112,Restaurant_2112,Kolkata,Kolkata_Locality_8,Fine Dine,Fast Food,4.6,07:00,23:00,1584,3.5,4103,3.7,356,3.6,952,Premium,42,42,35,36,14.0,16.0,8,11,127,135,103977,107956,101310,105121,45.0,55.0,Zomato Better,Takeaway; Live Music; Alcohol,3,False,True,False,2018-05-10,2927
REST002113,Restaurant_2113,Kolkata,Kolkata_Locality_6,Cloud Kitchen,Italian; Mexican,12.6,09:00,23:00,2106,3.9,4136,3.1,4047,3.5,241,Budget,83,83,50,48,24.0,24.0,14,14,301,239,55131,43775,42639,33856,64.0,36.0,Swiggy Better,Alcohol; Live Music; Rooftop; Smoking Area; Dessert Bar,5,False,False,True,2018-03-09,2989
REST002114,Restaurant_2114,Kolkata,Kolkata_Locality_11,Fine Dine,Mexican; Thai,8.5,10:00,23:00,3146,4.4,4952,3.9,2737,4.15,622,Mid-Range,62,62,41,37,14.0,13.0,16,5,188,167,100564,90370,94736,85193,47.0,53.0,Swiggy Better,Dessert Bar; AC; Takeaway; Vegan Options,4,True,True,True,2022-01-18,1578
REST002115,Restaurant_2115,Kolkata,Kolkata_Locality_4,Casual Dining,Japanese; Mediterranean,9.7,10:00,23:00,2984,4.8,1560,3.9,3229,4.35,1245,Luxury,68,68,46,52,18.0,17.0,22,13,304,247,310353,255237,300017,246839,40.0,60.0,Swiggy Better,Parking; Alcohol; Private Room; Dine-in; Family Friendly; WiFi,6,False,True,True,2018-07-19,2857
REST002116,Restaurant_2116,Kolkata,Kolkata_Locality_10,Fine Dine,Desserts; Mughlai,5.2,10:00,23:00,1330,4.1,1728,4.4,3210,4.25,549,Mid-Range,46,46,41,34,13.0,16.0,14,15,145,156,69256,71940,65921,68352,51.0,49.0,Zomato Better,Private Room; Dine-in; WiFi; Outdoor Seating,4,True,True,False,2023-09-13,975
REST002117,Restaurant_2117,Kolkata,Kolkata_Locality_6,Food Truck,Korean,13.6,12:00,23:00,1267,3.4,1770,3.8,4092,3.6,244,Budget,88,88,54,51,19.0,20.0,14,8,95,107,18775,20886,14595,16178,50.0,50.0,Zomato Better,Family Friendly; Dessert Bar; Smoking Area; Bar; Parking; Vegan Options; Dine-in; Takeaway,8,True,True,True,2019-09-04,2445
REST002118,Restaurant_2118,Kolkata,Kolkata_Locality_8,Food Truck,Continental; Chinese,3.5,12:00,23:00,89,3.8,2198,4.4,67,4.1,1281,Luxury,37,37,33,30,20.0,19.0,15,6,92,106,94281,109986,92579,108025,59.0,41.0,Zomato Better,Live Music; Vegan Options; Outdoor Seating,3,True,True,False,2016-06-30,3606
REST002119,Restaurant_2119,Kolkata,Kolkata_Locality_8,Food Truck,Mexican; Vietnamese,8.4,10:00,22:00,635,4.4,167,4.3,1796,4.35,661,Mid-Range,62,62,33,38,21.0,21.0,8,22,114,112,59529,58485,55995,55013,63.0,37.0,Swiggy Better,WiFi; Bar; Dine-in,3,False,False,False,2018-09-27,2787
REST002120,Restaurant_2120,Kolkata,Kolkata_Locality_12,Fine Dine,Vietnamese,13.4,07:00,23:00,1752,3.5,622,3.9,105,3.7,965,Premium,87,87,49,45,17.0,17.0,14,7,130,145,104123,116137,98468,109830,44.0,56.0,Zomato Better,Smoking Area; Live Music; Takeaway; Bar,4,False,False,True,2018-04-14,2953
REST002121,Restaurant_2121,Ahmedabad,Ahmedabad_Locality_3,Cafe,Lebanese,13.6,12:00,22:00,188,4.4,1891,3.8,1221,4.1,440,Mid-Range,88,88,46,43,22.0,19.0,24,13,162,140,55598,49896,48470,43736,58.0,42.0,Swiggy Better,Rooftop; Dine-in; Takeaway; Vegan Options,4,False,False,True,2024-11-25,536
REST002122,Restaurant_2122,Ahmedabad,Ahmedabad_Locality_9,Food Truck,Japanese,4.1,08:00,23:00,1419,3.9,2468,4.3,764,4.1,1165,Premium,40,40,26,33,20.0,18.0,14,14,111,123,103452,117501,101232,115041,55.0,45.0,Zomato Better,Dessert Bar; Smoking Area; Live Music; Takeaway; Dine-in; Vegan Options; Bar,7,False,False,True,2025-07-09,310
REST002123,Restaurant_2123,Ahmedabad,Ahmedabad_Locality_15,Fine Dine,Seafood; Korean,11.7,08:00,22:00,2913,4.8,240,3.8,1259,4.3,766,Premium,78,78,49,49,14.0,13.0,22,7,201,159,132410,105960,124571,99759,49.0,51.0,Swiggy Better,Private Room; Alcohol; WiFi; Rooftop; Takeaway; Smoking Area,6,False,False,False,2017-06-16,3255
REST002124,Restaurant_2124,Ahmedabad,Ahmedabad_Locality_16,Cafe,Japanese; Chinese,13.9,11:00,23:00,2625,3.8,3426,3.5,1036,3.65,190,Budget,89,89,50,60,22.0,20.0,6,5,185,171,27417,25992,19184,18382,55.0,45.0,Swiggy Better,Bar; WiFi; Takeaway,3,True,True,True,2020-05-17,2189
REST002125,Restaurant_2125,Ahmedabad,Ahmedabad_Locality_2,QSR (Quick Service),Korean; Bakery,6.1,07:00,23:00,426,3.8,2672,4.1,983,3.95,805,Premium,50,50,45,30,20.0,23.0,9,23,180,195,115920,120870,111420,115995,62.0,38.0,Zomato Better,Private Room; Parking; WiFi,3,False,True,True,2022-02-06,1559
REST002126,Restaurant_2126,Ahmedabad,Ahmedabad_Locality_11,Food Truck,Seafood; Korean,10.0,10:00,22:00,386,4.2,417,3.9,2326,4.05,1131,Premium,70,70,45,46,20.0,20.0,24,10,106,98,95908,88670,92198,85240,55.0,45.0,Swiggy Better,AC; Live Music; Outdoor Seating; Rooftop,4,False,False,True,2024-12-28,503
REST002127,Restaurant_2127,Ahmedabad,Ahmedabad_Locality_18,Casual Dining,Biryani,10.0,08:00,22:00,3559,4.4,3914,4.2,133,4.3,207,Budget,70,70,50,52,18.0,19.0,10,11,294,281,49903,47115,39613,37280,45.0,55.0,Swiggy Better,Family Friendly; WiFi; Dessert Bar; Takeaway,4,False,False,True,2025-09-09,248
REST002128,Restaurant_2128,Ahmedabad,Ahmedabad_Locality_9,Casual Dining,Thai; South Indian,1.9,09:00,22:00,439,3.8,2503,4.3,4801,4.05,379,Mid-Range,30,30,27,21,18.0,19.0,10,20,181,205,56251,62932,53536,59857,48.0,52.0,Zomato Better,Bar; WiFi; Dessert Bar; AC; Rooftop; Private Room,6,True,True,True,2023-09-14,974
REST002129,Restaurant_2129,Ahmedabad,Ahmedabad_Locality_2,QSR (Quick Service),North Indian,10.2,12:00,23:00,3480,3.8,979,4.0,2961,3.9,1201,Luxury,71,71,49,45,22.0,18.0,7,21,252,265,236068,260977,227122,251569,45.0,55.0,Zomato Better,Dessert Bar; Dine-in; Bar; Rooftop; Vegan Options; Smoking Area; WiFi,7,True,False,True,2017-08-12,3198
REST002130,Restaurant_2130,Ahmedabad,Ahmedabad_Locality_3,Cloud Kitchen,Bakery,3.1,11:00,22:00,3448,3.9,2900,3.6,2764,3.75,975,Premium,35,35,31,26,27.0,27.0,5,15,344,318,244842,226336,238822,220771,68.0,32.0,Swiggy Better,Dine-in; Parking; Live Music; Alcohol; WiFi; Family Friendly; Outdoor Seating,7,False,False,True,2025-07-22,297
REST002131,Restaurant_2131,Ahmedabad,Ahmedabad_Locality_3,Casual Dining,Desserts,8.4,09:00,22:00,2828,4.0,1380,4.2,375,4.1,384,Mid-Range,62,62,41,40,22.0,23.0,18,10,249,262,74580,77468,66861,69346,47.0,53.0,Zomato Better,Family Friendly; Private Room; Smoking Area,3,True,False,True,2019-03-18,2615
REST002132,Restaurant_2132,Ahmedabad,Ahmedabad_Locality_8,Fine Dine,North Indian,11.7,10:00,22:00,3529,3.8,4637,4.5,3535,4.15,565,Mid-Range,78,78,50,52,17.0,17.0,12,30,169,200,79252,93790,72661,85990,43.0,57.0,Zomato Better,Takeaway; Family Friendly; Parking; Outdoor Seating,4,False,True,True,2017-05-13,3289
REST002133,Restaurant_2133,Ahmedabad,Ahmedabad_Locality_1,Cafe,Fast Food,13.5,12:00,22:00,2655,4.3,1626,4.1,4056,4.2,834,Premium,87,87,53,50,17.0,17.0,14,25,211,201,146058,139136,136879,130392,50.0,50.0,Swiggy Better,WiFi; Dine-in; Dessert Bar; Alcohol; Vegan Options; Family Friendly; Parking; Rooftop,8,False,True,False,2023-09-21,967
REST002134,Restaurant_2134,Ahmedabad,Ahmedabad_Locality_2,Fine Dine,Lebanese,10.8,10:00,23:00,685,4.2,4805,4.5,1152,4.35,1240,Luxury,74,74,45,42,13.0,17.0,18,29,137,147,147795,151292,142726,145853,46.0,54.0,Zomato Better,Family Friendly; Dessert Bar; Vegan Options; Outdoor Seating; Smoking Area; Rooftop,6,False,True,True,2019-05-13,2559
REST002135,Restaurant_2135,Ahmedabad,Ahmedabad_Locality_3,Fine Dine,Pan-Asian,12.6,09:00,23:00,3309,4.3,2918,4.0,1556,4.15,623,Mid-Range,83,83,53,50,15.0,14.0,14,22,187,174,99025,93225,91265,86004,49.0,51.0,Swiggy Better,Family Friendly; WiFi; Private Room; Live Music; Bar; Smoking Area; Dessert Bar,7,True,False,True,2019-03-20,2613
REST002136,Restaurant_2136,Ahmedabad,Ahmedabad_Locality_1,Casual Dining,Vietnamese,1.2,12:00,22:00,465,4.0,961,4.2,2464,4.1,175,Budget,30,30,22,27,20.0,20.0,12,23,191,201,26740,28140,23875,25125,49.0,51.0,Zomato Better,WiFi; Alcohol; Smoking Area; Bar,4,False,True,False,2025-08-15,273
REST002137,Restaurant_2137,Ahmedabad,Ahmedabad_Locality_16,Casual Dining,Seafood; Lebanese,14.6,07:00,22:00,1482,4.4,4337,3.7,4378,4.05,1293,Luxury,93,93,58,57,20.0,18.0,20,15,238,200,246187,212052,235120,202752,43.0,57.0,Swiggy Better,Alcohol; Private Room; Rooftop; Dine-in; Family Friendly; Live Music; Outdoor Seating,7,False,True,False,2022-11-03,1289
REST002138,Restaurant_2138,Ahmedabad,Ahmedabad_Locality_5,Casual Dining,Pan-Asian,8.2,11:00,23:00,1810,4.2,4458,4.9,3646,4.55,512,Mid-Range,60,60,53,45,20.0,22.0,14,35,235,275,96256,109824,89206,101574,43.0,57.0,Zomato Better,WiFi; Vegan Options; Smoking Area,3,True,True,False,2020-12-09,1983
REST002139,Restaurant_2139,Ahmedabad,Ahmedabad_Locality_11,Fine Dine,Fast Food,8.5,08:00,23:00,2557,3.4,1365,4.7,1940,4.05,657,Mid-Range,62,62,46,46,16.0,16.0,5,30,137,190,75607,104857,71360,98967,48.0,52.0,Zomato Better,Dessert Bar; Rooftop; Takeaway; WiFi; Live Music; Alcohol; Vegan Options; Outdoor Seating,8,False,True,False,2020-10-24,2029
REST002140,Restaurant_2140,Ahmedabad,Ahmedabad_Locality_9,Food Truck,South Indian,10.0,07:00,22:00,2067,3.9,1191,3.3,2436,3.6,228,Budget,70,70,36,50,23.0,18.0,8,10,120,101,21067,18882,16867,15347,59.0,41.0,Swiggy Better,Family Friendly; Live Music; Rooftop; Bar; Private Room,5,False,True,False,2024-05-24,721
REST002141,Restaurant_2141,Ahmedabad,Ahmedabad_Locality_7,QSR (Quick Service),Pan-Asian; Mediterranean,4.7,07:00,23:00,2280,4.6,2905,4.5,3805,4.55,1080,Premium,43,43,26,20,20.0,19.0,24,24,271,265,234144,231822,228317,226124,46.0,54.0,Swiggy Better,Dessert Bar; Live Music; Vegan Options; AC; Bar; Parking; Outdoor Seating; Rooftop,8,True,False,True,2025-02-04,465
REST002142,Restaurant_2142,Ahmedabad,Ahmedabad_Locality_9,Food Truck,Fast Food; Street Food,5.1,09:00,23:00,1883,3.3,4773,4.4,4958,3.85,457,Mid-Range,45,45,36,35,18.0,18.0,8,23,99,132,37099,49465,34871,46495,54.0,46.0,Zomato Better,Private Room; Rooftop; Live Music; Parking; Smoking Area,5,False,True,True,2024-04-05,770
REST002143,Restaurant_2143,Ahmedabad,Ahmedabad_Locality_16,QSR (Quick Service),Mediterranean,1.4,07:00,23:00,3568,3.3,2117,3.9,1416,3.6,1254,Luxury,30,30,32,25,17.0,18.0,10,10,221,261,230021,268381,226706,264466,48.0,52.0,Zomato Better,WiFi; Family Friendly; Smoking Area; Dessert Bar; Rooftop; Vegan Options,6,True,False,False,2021-11-16,1641
REST002144,Restaurant_2144,Ahmedabad,Ahmedabad_Locality_13,Casual Dining,Mughlai; Italian,0.7,09:00,22:00,1042,4.4,4860,4.7,3746,4.55,722,Premium,30,30,27,19,21.0,18.0,22,28,226,241,128905,142681,125515,139066,51.0,49.0,Zomato Better,Rooftop; Smoking Area; Vegan Options; Live Music; Parking; Bar,6,False,False,True,2024-06-13,701
REST002145,Restaurant_2145,Ahmedabad,Ahmedabad_Locality_14,Cafe,Mughlai,2.4,10:00,22:00,1724,4.5,1304,3.9,3364,4.2,1128,Premium,31,31,32,31,18.0,19.0,27,7,200,173,184992,158066,181892,155385,46.0,54.0,Swiggy Better,Takeaway; Bar; Private Room; Dessert Bar,4,False,False,False,2022-05-18,1458
REST002146,Restaurant_2146,Ahmedabad,Ahmedabad_Locality_16,Fine Dine,Seafood,11.2,09:00,23:00,128,4.0,3634,4.3,3182,4.15,1355,Luxury,76,76,48,42,15.0,15.0,14,18,122,131,140513,150879,135877,145901,42.0,58.0,Zomato Better,Vegan Options; AC; Dessert Bar; Dine-in,4,False,True,True,2025-11-08,188
REST002147,Restaurant_2147,Ahmedabad,Ahmedabad_Locality_6,Cloud Kitchen,Korean,3.5,12:00,22:00,915,3.5,1685,4.1,2999,3.8,1007,Premium,37,37,32,35,28.0,25.0,6,22,236,276,171109,208449,166743,203343,57.0,43.0,Zomato Better,AC; Dessert Bar; Vegan Options; Alcohol,4,False,False,False,2023-10-28,930
REST002148,Restaurant_2148,Ahmedabad,Ahmedabad_Locality_2,Cafe,Biryani,5.6,12:00,23:00,2838,4.1,3384,4.3,4297,4.2,852,Premium,48,48,36,35,20.0,21.0,24,15,204,214,139046,144039,134150,138903,57.0,43.0,Zomato Better,Live Music; Private Room; Dessert Bar; AC; Rooftop; Takeaway; Bar,7,False,True,True,2018-02-02,3024
REST002149,Restaurant_2149,Ahmedabad,Ahmedabad_Locality_5,Food Truck,Street Food,8.8,10:00,22:00,2240,3.5,4023,3.3,3720,3.4,1025,Premium,64,64,43,47,19.0,20.0,11,5,109,103,90497,84460,87009,81164,50.0,50.0,Swiggy Better,Rooftop; Smoking Area; Family Friendly,3,False,False,False,2026-03-01,75
REST002150,Restaurant_2150,Ahmedabad,Ahmedabad_Locality_4,Fine Dine,Lebanese,10.8,08:00,22:00,2120,4.4,1232,4.3,4466,4.35,1472,Luxury,74,74,52,53,15.0,12.0,25,25,170,166,212704,215029,206414,208887,53.0,47.0,Zomato Better,Smoking Area; Vegan Options; Dessert Bar; Alcohol; Bar; AC; Takeaway; Outdoor Seating,8,False,False,True,2018-05-15,2922
REST002151,Restaurant_2151,Ahmedabad,Ahmedabad_Locality_6,Cloud Kitchen,Mexican,8.5,08:00,22:00,45,4.5,1480,4.7,2474,4.6,752,Premium,62,62,44,37,24.0,23.0,31,37,271,283,154881,163868,146480,155095,74.0,26.0,Zomato Better,AC; Smoking Area; Outdoor Seating; Private Room; Parking; Family Friendly,6,True,False,True,2023-11-03,924
REST002152,Restaurant_2152,Ahmedabad,Ahmedabad_Locality_17,Casual Dining,Korean,4.3,11:00,22:00,2580,4.2,4915,4.4,646,4.3,1082,Premium,41,41,30,35,20.0,23.0,19,15,255,267,220728,222448,215500,216974,48.0,52.0,Zomato Better,Live Music; Private Room; Parking; Vegan Options; Alcohol; WiFi,6,True,False,False,2025-12-31,135
REST002153,Restaurant_2153,Ahmedabad,Ahmedabad_Locality_20,QSR (Quick Service),Street Food,2.4,10:00,23:00,1127,4.2,3392,3.5,3772,3.85,1366,Luxury,31,31,34,20,21.0,23.0,23,11,218,181,235252,190379,231873,187573,47.0,53.0,Swiggy Better,Dine-in; Family Friendly; Live Music; Bar; Takeaway; Smoking Area; Vegan Options,7,True,False,False,2019-11-28,2360
REST002154,Restaurant_2154,Ahmedabad,Ahmedabad_Locality_2,Cloud Kitchen,Mediterranean,1.3,07:00,22:00,685,3.8,3533,3.8,2532,3.8,417,Mid-Range,30,30,28,30,24.0,23.0,14,9,249,249,78913,79951,75178,76216,60.0,40.0,Zomato Better,Outdoor Seating; WiFi; Parking,3,False,True,True,2019-03-09,2624
REST002155,Restaurant_2155,Ahmedabad,Ahmedabad_Locality_9,Casual Dining,North Indian,15.0,07:00,23:00,2678,4.7,4672,4.5,3309,4.6,832,Premium,95,95,54,57,18.0,22.0,30,33,289,276,197167,179112,183439,166002,50.0,50.0,Swiggy Better,Vegan Options; Alcohol; Live Music; AC; WiFi; Smoking Area; Parking; Dine-in,8,True,False,False,2024-08-19,634
REST002156,Restaurant_2156,Ahmedabad,Ahmedabad_Locality_2,QSR (Quick Service),Biryani; Continental,14.5,12:00,22:00,2748,4.0,1619,3.8,92,3.9,980,Premium,92,92,56,56,20.0,19.0,19,12,247,235,193648,186543,182286,175733,49.0,51.0,Swiggy Better,Vegan Options; Dessert Bar; Smoking Area,3,True,False,True,2019-08-02,2478
REST002157,Restaurant_2157,Ahmedabad,Ahmedabad_Locality_16,Food Truck,Korean,1.5,09:00,22:00,1086,3.4,1841,4.0,3468,3.7,669,Mid-Range,30,30,16,33,23.0,21.0,13,24,93,110,47907,58136,46512,56486,46.0,54.0,Zomato Better,Parking; Alcohol; Dine-in; Live Music; Vegan Options; Takeaway; Outdoor Seating,7,False,False,True,2019-05-12,2560
REST002158,Restaurant_2158,Ahmedabad,Ahmedabad_Locality_16,QSR (Quick Service),Bakery; Japanese,5.3,12:00,23:00,2974,4.2,1488,4.7,4740,4.45,1074,Premium,46,46,34,34,22.0,21.0,25,26,265,297,221995,251992,215900,245161,56.0,44.0,Zomato Better,Alcohol; Dine-in; Private Room; WiFi,4,True,False,True,2018-10-20,2764
REST002159,Restaurant_2159,Ahmedabad,Ahmedabad_Locality_20,Casual Dining,Lebanese; Mexican,13.4,09:00,22:00,2633,4.2,1102,3.3,1691,3.75,438,Mid-Range,87,87,52,51,22.0,20.0,22,10,257,202,87801,70780,76621,61993,55.0,45.0,Swiggy Better,AC; Outdoor Seating; Bar; Rooftop; Live Music; Dessert Bar; WiFi,7,False,True,True,2019-05-21,2551
REST002160,Restaurant_2160,Ahmedabad,Ahmedabad_Locality_10,QSR (Quick Service),Fast Food; Chinese,6.9,10:00,23:00,1187,3.7,1807,4.8,1394,4.25,798,Premium,54,54,44,42,22.0,17.0,8,22,193,251,120130,166247,114919,159470,47.0,53.0,Zomato Better,WiFi; Live Music; Outdoor Seating; Takeaway,4,False,True,False,2023-06-15,1065
REST002161,Restaurant_2161,Ahmedabad,Ahmedabad_Locality_9,Cafe,Mediterranean; Street Food,1.2,12:00,22:00,1371,4.0,2731,3.9,3152,3.95,1216,Luxury,30,30,29,27,20.0,19.0,22,14,171,166,166348,163503,163783,161013,54.0,46.0,Swiggy Better,Rooftop; Parking; WiFi; Takeaway; Live Music; Outdoor Seating,6,False,True,True,2018-03-26,2972
REST002162,Restaurant_2162,Ahmedabad,Ahmedabad_Locality_2,Cafe,Italian; Mughlai,13.7,12:00,22:00,2288,4.3,377,4.3,4847,4.3,460,Mid-Range,88,88,57,59,20.0,19.0,20,11,203,203,74704,75637,65772,66705,49.0,51.0,Zomato Better,Dessert Bar; Alcohol; AC; Dine-in,4,False,True,False,2019-05-05,2567
REST002163,Restaurant_2163,Ahmedabad,Ahmedabad_Locality_17,Casual Dining,South Indian,7.1,09:00,23:00,3190,4.4,967,4.4,3627,4.4,448,Mid-Range,55,55,34,38,20.0,21.0,13,22,284,284,101785,100513,93975,92703,48.0,52.0,Swiggy Better,Dessert Bar; Outdoor Seating; Family Friendly,3,False,True,False,2018-02-07,3019
REST002164,Restaurant_2164,Ahmedabad,Ahmedabad_Locality_13,Food Truck,Street Food; Pan-Asian,14.7,07:00,22:00,3084,3.9,3354,4.0,4975,3.95,863,Premium,93,93,62,50,18.0,17.0,14,20,133,136,94118,97415,87934,91091,48.0,52.0,Zomato Better,Takeaway; AC; Smoking Area; Parking,4,False,False,False,2020-12-29,1963
REST002165,Restaurant_2165,Ahmedabad,Ahmedabad_Locality_9,Food Truck,Street Food; Bakery,1.6,08:00,22:00,3426,3.6,4267,3.6,559,3.6,167,Budget,30,30,26,37,21.0,21.0,9,12,126,126,16623,16623,14733,14733,56.0,44.0,Balanced,AC; Parking; Bar; Private Room; WiFi; Rooftop; Dine-in,7,False,False,False,2023-05-12,1099
REST002166,Restaurant_2166,Ahmedabad,Ahmedabad_Locality_2,Food Truck,Thai; Lebanese,6.1,09:00,22:00,236,3.6,4229,3.8,4336,3.7,1255,Luxury,50,50,43,35,21.0,20.0,9,9,89,94,88239,94376,86014,92026,51.0,49.0,Zomato Better,AC; Dine-in; Outdoor Seating,3,False,True,False,2019-11-19,2369
REST002167,Restaurant_2167,Ahmedabad,Ahmedabad_Locality_5,Food Truck,Seafood,2.0,11:00,22:00,2347,4.0,4081,4.0,3818,4.0,1171,Premium,30,30,31,34,22.0,19.0,10,15,126,126,115085,119512,113195,117622,63.0,37.0,Zomato Better,Live Music; Smoking Area; Private Room; AC; Family Friendly; Dessert Bar; Dine-in,7,False,True,False,2019-12-17,2341
REST002168,Restaurant_2168,Ahmedabad,Ahmedabad_Locality_18,Food Truck,Continental,5.0,08:00,23:00,2918,3.8,1847,3.9,1185,3.85,915,Premium,45,45,35,38,20.0,20.0,9,15,127,131,92964,95892,90106,92944,59.0,41.0,Zomato Better,Dine-in; WiFi; Rooftop; Takeaway; AC; Outdoor Seating; Family Friendly; Private Room,8,True,True,True,2025-03-13,428
REST002169,Restaurant_2169,Ahmedabad,Ahmedabad_Locality_11,Cafe,Italian,4.9,09:00,23:00,1142,4.6,3349,4.1,609,4.35,187,Budget,44,44,33,33,18.0,17.0,23,17,191,170,29287,26385,25085,22645,62.0,38.0,Swiggy Better,Family Friendly; Dessert Bar; Vegan Options; Bar; Smoking Area; Live Music,6,True,False,False,2025-03-21,420
REST002170,Restaurant_2170,Ahmedabad,Ahmedabad_Locality_7,Cafe,Mediterranean,13.0,07:00,23:00,734,4.6,2454,4.1,84,4.35,731,Premium,85,85,50,51,20.0,19.0,33,15,182,162,106433,95921,98698,89036,48.0,52.0,Swiggy Better,Smoking Area; Dessert Bar; Rooftop; WiFi,4,True,False,False,2025-07-05,314
REST002171,Restaurant_2171,Ahmedabad,Ahmedabad_Locality_6,QSR (Quick Service),Pan-Asian; Chinese,9.2,08:00,22:00,1059,4.4,3571,3.7,4402,4.05,1020,Premium,66,66,38,45,19.0,21.0,16,11,226,190,186721,153102,179263,146832,53.0,47.0,Swiggy Better,Live Music; Rooftop; Outdoor Seating; Dine-in,4,False,True,False,2021-09-24,1694
REST002172,Restaurant_2172,Ahmedabad,Ahmedabad_Locality_20,Casual Dining,Chinese; Korean,0.5,10:00,22:00,2180,4.3,935,4.1,4230,4.2,1111,Premium,30,30,27,24,18.0,21.0,17,14,251,239,228666,209767,224901,206182,49.0,51.0,Swiggy Better,Rooftop; AC; Family Friendly; Alcohol; Live Music,5,True,False,False,2018-07-21,2855
REST002173,Restaurant_2173,Ahmedabad,Ahmedabad_Locality_1,QSR (Quick Service),Fast Food,7.9,12:00,22:00,2148,4.1,1635,4.7,3376,4.4,1319,Luxury,59,59,34,43,21.0,20.0,25,26,238,273,247998,288069,240977,280016,51.0,49.0,Zomato Better,Live Music; Family Friendly; Outdoor Seating; WiFi,4,True,True,True,2019-01-03,2689
REST002174,Restaurant_2174,Ahmedabad,Ahmedabad_Locality_1,Casual Dining,Cafe,13.9,11:00,23:00,324,3.8,3321,3.5,174,3.65,882,Premium,89,89,45,58,20.0,23.0,5,10,178,164,125596,111378,117675,104080,42.0,58.0,Swiggy Better,Bar; AC; Vegan Options; Parking; Dessert Bar; Alcohol; Outdoor Seating; Private Room,8,True,False,True,2018-01-10,3047
REST002175,Restaurant_2175,Ahmedabad,Ahmedabad_Locality_17,Casual Dining,Desserts; Lebanese,10.3,08:00,23:00,319,3.9,2631,4.0,3220,3.95,496,Mid-Range,71,71,50,48,17.0,21.0,5,19,183,187,75337,73274,68840,66635,47.0,53.0,Swiggy Better,WiFi; Takeaway; Smoking Area; Outdoor Seating,4,False,False,True,2022-01-30,1566
REST002176,Restaurant_2176,Ahmedabad,Ahmedabad_Locality_9,Cloud Kitchen,Chinese; South Indian,6.4,07:00,22:00,1038,3.7,3232,4.1,3180,3.9,170,Budget,52,52,42,36,22.0,23.0,12,16,253,280,33547,36652,26969,29372,69.0,31.0,Zomato Better,WiFi; Family Friendly; AC; Rooftop; Vegan Options; Live Music,6,False,False,False,2018-02-15,3011
REST002177,Restaurant_2177,Ahmedabad,Ahmedabad_Locality_9,Casual Dining,Seafood; Fast Food,2.9,09:00,22:00,2118,4.2,4036,4.4,3386,4.3,367,Mid-Range,34,34,36,36,23.0,18.0,24,24,243,255,68669,76739,64538,72404,42.0,58.0,Zomato Better,Vegan Options; Smoking Area; WiFi; Dessert Bar; Alcohol; Takeaway; Rooftop,7,True,False,True,2018-05-12,2925
REST002178,Restaurant_2178,Ahmedabad,Ahmedabad_Locality_3,Casual Dining,Street Food,11.0,07:00,23:00,1235,2.9,1183,4.2,2661,3.55,1217,Luxury,75,75,52,44,17.0,19.0,7,18,152,220,153536,216869,147836,208619,44.0,56.0,Zomato Better,Takeaway; AC; Parking; Private Room; Vegan Options; Live Music,6,False,False,True,2025-07-05,314
REST002179,Restaurant_2179,Ahmedabad,Ahmedabad_Locality_12,Fine Dine,Mughlai,12.0,07:00,23:00,2087,3.2,2462,4.0,3815,3.6,1140,Premium,80,80,54,49,18.0,18.0,7,17,123,154,114980,143959,110060,137799,49.0,51.0,Zomato Better,AC; Outdoor Seating; Family Friendly; Dine-in,4,False,False,True,2017-09-03,3176
REST002180,Restaurant_2180,Ahmedabad,Ahmedabad_Locality_16,Cafe,Japanese,8.3,10:00,22:00,1385,4.3,1860,3.9,3003,4.1,1480,Luxury,61,61,44,40,19.0,20.0,23,8,184,167,220579,197728,214967,192634,65.0,35.0,Swiggy Better,Alcohol; Parking; Vegan Options; Private Room; Outdoor Seating; WiFi; Dine-in; Bar,8,True,True,False,2023-03-06,1166
REST002181,Restaurant_2181,Ahmedabad,Ahmedabad_Locality_13,Fine Dine,North Indian; Lebanese,11.6,09:00,22:00,81,3.5,2148,3.8,1739,3.65,1336,Luxury,78,78,43,42,18.0,16.0,8,7,106,115,116125,129057,111991,124572,41.0,59.0,Zomato Better,Parking; Private Room; Family Friendly; Dine-in,4,True,True,False,2025-01-31,469
REST002182,Restaurant_2182,Ahmedabad,Ahmedabad_Locality_2,Food Truck,Mediterranean,2.8,11:00,22:00,2237,3.2,2117,3.9,4154,3.55,1391,Luxury,33,33,26,33,21.0,21.0,6,12,100,122,109889,134064,108239,132051,54.0,46.0,Zomato Better,Takeaway; Rooftop; Parking; WiFi; Dessert Bar; Alcohol; Live Music,7,False,True,True,2017-12-26,3062
REST002183,Restaurant_2183,Ahmedabad,Ahmedabad_Locality_8,QSR (Quick Service),Cafe,14.3,12:00,23:00,1621,3.9,3830,4.3,2319,4.1,618,Mid-Range,91,91,57,54,23.0,20.0,9,20,214,236,101834,116678,92097,105940,48.0,52.0,Zomato Better,AC; Bar; Takeaway; Rooftop; Parking; Dessert Bar,6,False,True,True,2021-09-13,1705
REST002184,Restaurant_2184,Ahmedabad,Ahmedabad_Locality_2,Food Truck,Mediterranean,5.9,10:00,23:00,2124,3.4,633,4.3,3868,3.85,1265,Luxury,49,49,43,47,18.0,22.0,15,25,105,133,108916,131231,106344,127972,53.0,47.0,Zomato Better,Dine-in; Family Friendly; WiFi; Alcohol,4,True,True,False,2021-03-03,1899
REST002185,Restaurant_2185,Ahmedabad,Ahmedabad_Locality_7,Cafe,Continental; Multi-Cuisine,0.7,11:00,23:00,3404,3.4,2506,3.4,3248,3.4,913,Premium,30,30,28,17,19.0,19.0,11,10,179,179,132375,132375,129690,129690,47.0,53.0,Balanced,Vegan Options; Bar; Alcohol; Rooftop; WiFi; Live Music; Private Room,7,False,False,False,2017-01-06,3416
REST002186,Restaurant_2186,Ahmedabad,Ahmedabad_Locality_13,Casual Dining,Japanese,13.3,07:00,23:00,1150,3.4,2907,4.6,2854,4.0,1080,Premium,86,86,54,61,20.0,20.0,14,35,177,239,152928,206496,145317,196219,45.0,55.0,Zomato Better,Outdoor Seating; Alcohol; Takeaway; Parking; AC; Rooftop; Live Music; Dine-in,8,True,True,True,2016-09-06,3538
REST002187,Restaurant_2187,Ahmedabad,Ahmedabad_Locality_3,Cloud Kitchen,Mediterranean,6.2,11:00,23:00,2617,4.1,4743,3.5,3703,3.8,955,Premium,51,51,29,36,25.0,24.0,25,6,334,285,239227,206853,230710,199585,63.0,37.0,Swiggy Better,Rooftop; Private Room; Takeaway; Dessert Bar; Family Friendly; Parking; Live Music,7,False,True,False,2019-10-10,2409
REST002188,Restaurant_2188,Ahmedabad,Ahmedabad_Locality_20,Fine Dine,Lebanese,6.9,09:00,22:00,2613,4.4,3443,4.2,1797,4.3,729,Premium,54,54,39,37,13.0,16.0,22,15,179,171,113527,104713,108694,100096,41.0,59.0,Swiggy Better,Vegan Options; AC; Smoking Area; Private Room; Family Friendly; Outdoor Seating,6,False,True,True,2023-11-18,909
REST002189,Restaurant_2189,Ahmedabad,Ahmedabad_Locality_7,Casual Dining,Mediterranean; Multi-Cuisine,1.4,11:00,22:00,1721,3.9,4107,4.4,594,4.15,408,Mid-Range,30,30,28,26,21.0,20.0,11,24,216,244,69621,79641,66381,75981,47.0,53.0,Zomato Better,Parking; AC; Vegan Options,3,True,False,False,2018-03-02,2996
REST002190,Restaurant_2190,Ahmedabad,Ahmedabad_Locality_18,Fine Dine,Chinese,3.6,11:00,23:00,2796,3.9,3138,3.7,2268,3.8,941,Premium,38,38,39,33,12.0,16.0,15,11,161,153,133320,120937,130261,118030,45.0,55.0,Swiggy Better,Smoking Area; Outdoor Seating; Alcohol; Parking; Live Music,5,True,True,False,2023-05-15,1096
REST002191,Restaurant_2191,Ahmedabad,Ahmedabad_Locality_13,QSR (Quick Service),Multi-Cuisine; Thai,8.2,09:00,22:00,3308,4.5,438,4.6,161,4.55,938,Premium,60,60,45,39,22.0,21.0,19,15,294,300,215102,222306,206282,213306,59.0,41.0,Zomato Better,WiFi; Smoking Area; Outdoor Seating,3,True,True,True,2020-08-05,2109
REST002192,Restaurant_2192,Ahmedabad,Ahmedabad_Locality_13,Casual Dining,Seafood; North Indian,15.0,10:00,22:00,2280,4.4,2308,4.2,3524,4.3,1005,Premium,95,95,49,54,23.0,22.0,13,25,259,248,200427,194407,188124,182627,52.0,48.0,Swiggy Better,AC; Outdoor Seating; Takeaway; Rooftop; Smoking Area; Family Friendly; Bar,7,True,True,False,2025-10-31,196
REST002193,Restaurant_2193,Ahmedabad,Ahmedabad_Locality_13,Cloud Kitchen,Mughlai,12.2,11:00,22:00,2503,4.0,796,3.4,3338,3.7,1000,Premium,81,81,43,56,23.0,27.0,15,7,322,273,247940,199290,234899,188233,57.0,43.0,Swiggy Better,Private Room; Smoking Area; Dine-in; Alcohol,4,False,True,True,2018-08-10,2835
REST002194,Restaurant_2194,Ahmedabad,Ahmedabad_Locality_1,Casual Dining,Italian,10.8,07:00,23:00,1518,4.3,2141,3.5,3982,3.9,1277,Luxury,74,74,48,50,21.0,19.0,14,9,233,190,235057,196530,226436,189500,48.0,52.0,Swiggy Better,Family Friendly; WiFi; Dine-in; Bar; Smoking Area; Vegan Options; Private Room; Live Music,8,False,False,True,2023-02-03,1197
REST002195,Restaurant_2195,Ahmedabad,Ahmedabad_Locality_14,Cafe,Street Food; Mediterranean,12.8,11:00,23:00,395,4.1,1941,4.3,4791,4.2,519,Mid-Range,84,84,50,50,23.0,21.0,22,12,155,163,61942,66831,55432,59985,63.0,37.0,Zomato Better,Rooftop; Live Music; Outdoor Seating,3,True,False,True,2022-06-24,1421
REST002196,Restaurant_2196,Ahmedabad,Ahmedabad_Locality_16,Food Truck,Street Food,10.3,12:00,23:00,3604,3.6,1848,3.5,4303,3.55,1246,Luxury,71,71,47,52,19.0,21.0,6,11,129,125,130194,123042,125615,118605,57.0,43.0,Swiggy Better,Smoking Area; Family Friendly; Outdoor Seating; Vegan Options; Takeaway; Bar; Live Music; Dine-in,8,False,True,True,2017-07-18,3223
REST002197,Restaurant_2197,Ahmedabad,Ahmedabad_Locality_2,Fine Dine,Japanese,11.7,10:00,22:00,685,4.5,3602,4.4,3234,4.45,869,Premium,78,78,52,44,14.0,13.0,32,20,147,144,109858,108868,104125,103252,43.0,57.0,Swiggy Better,Dine-in; Bar; Live Music; Alcohol; WiFi; Takeaway; Smoking Area; Vegan Options,8,False,True,True,2024-07-01,683
REST002198,Restaurant_2198,Ahmedabad,Ahmedabad_Locality_9,QSR (Quick Service),Korean,4.2,09:00,22:00,3540,3.9,712,3.6,2841,3.75,1324,Luxury,41,41,28,27,22.0,20.0,11,15,260,240,268507,254208,263177,249288,48.0,52.0,Swiggy Better,Private Room; Alcohol; AC; Takeaway; Smoking Area,5,True,True,False,2022-05-19,1457
REST002199,Restaurant_2199,Ahmedabad,Ahmedabad_Locality_8,Cafe,Korean,3.1,07:00,23:00,334,4.2,506,4.3,2828,4.25,307,Mid-Range,35,35,29,31,20.0,18.0,24,10,158,161,38804,40530,36039,37712,58.0,42.0,Zomato Better,Family Friendly; Takeaway; Live Music; Parking; Rooftop; Alcohol; WiFi,7,False,True,False,2024-08-11,642
REST002200,Restaurant_2200,Ahmedabad,Ahmedabad_Locality_15,Casual Dining,South Indian; Pan-Asian,1.4,10:00,23:00,944,3.6,1540,3.8,2598,3.7,1129,Premium,30,30,35,29,20.0,21.0,14,7,182,193,164382,172138,161652,169243,52.0,48.0,Zomato Better,Dine-in; Bar; WiFi; Private Room; AC; Vegan Options; Alcohol,7,True,True,False,2018-02-13,3013
REST002201,Restaurant_2201,Ahmedabad,Ahmedabad_Locality_16,Casual Dining,Chinese; Cafe,1.2,10:00,22:00,2906,3.9,3901,4.1,1491,4.0,1168,Premium,30,30,30,28,17.0,18.0,7,13,245,257,237512,246144,233837,242289,44.0,56.0,Zomato Better,Alcohol; Live Music; Dine-in,3,True,True,True,2026-01-29,106
REST002202,Restaurant_2202,Ahmedabad,Ahmedabad_Locality_8,QSR (Quick Service),Cafe; Korean,8.3,09:00,22:00,3437,4.1,2040,3.3,750,3.7,290,Budget,61,61,39,35,17.0,22.0,12,8,271,218,65229,49311,56964,42662,48.0,52.0,Swiggy Better,Family Friendly; Outdoor Seating; Vegan Options; Alcohol; Bar; Smoking Area; Private Room,7,False,False,True,2025-06-21,328
REST002203,Restaurant_2203,Ahmedabad,Ahmedabad_Locality_8,Cafe,South Indian,7.9,10:00,22:00,2776,4.0,3976,4.0,3769,4.0,1412,Luxury,59,59,38,42,20.0,17.0,24,21,198,198,223660,232048,217819,226207,54.0,46.0,Zomato Better,Parking; Live Music; Rooftop; Vegan Options,4,True,True,False,2020-06-01,2174
REST002204,Restaurant_2204,Ahmedabad,Ahmedabad_Locality_15,QSR (Quick Service),Chinese,9.6,09:00,23:00,1099,4.1,4781,3.8,2947,3.95,667,Mid-Range,68,68,43,47,19.0,17.0,21,13,212,196,114537,108507,107329,101843,49.0,51.0,Swiggy Better,Alcohol; Parking; Rooftop; Private Room; Takeaway; Dine-in; Smoking Area; Outdoor Seating,8,True,False,True,2025-03-18,423
REST002205,Restaurant_2205,Ahmedabad,Ahmedabad_Locality_18,Food Truck,Biryani,5.2,09:00,23:00,358,3.8,101,4.7,4590,4.25,1068,Premium,46,46,31,26,20.0,20.0,12,30,95,118,81168,100819,78983,98105,52.0,48.0,Zomato Better,Alcohol; Rooftop; Smoking Area; Takeaway,4,False,False,True,2020-04-07,2229
REST002206,Restaurant_2206,Ahmedabad,Ahmedabad_Locality_16,QSR (Quick Service),Bakery,8.1,12:00,22:00,3338,4.9,979,4.1,3508,4.5,459,Mid-Range,60,60,46,45,22.0,19.0,29,23,321,268,114924,99639,105294,91599,56.0,44.0,Swiggy Better,Rooftop; Live Music; Takeaway; AC; Alcohol; Smoking Area; Parking,7,True,False,True,2023-01-24,1207
REST002207,Restaurant_2207,Ahmedabad,Ahmedabad_Locality_2,Cafe,Vietnamese,9.7,09:00,22:00,1169,3.7,4727,3.8,1491,3.75,638,Mid-Range,68,68,44,39,17.0,22.0,14,5,154,158,81549,78627,76313,73255,64.0,36.0,Swiggy Better,Family Friendly; Dessert Bar; WiFi,3,False,True,True,2022-09-12,1341
REST002208,Restaurant_2208,Ahmedabad,Ahmedabad_Locality_4,QSR (Quick Service),Mexican; Street Food,9.2,10:00,23:00,285,4.2,1638,3.6,4761,3.9,200,Budget,66,66,44,37,20.0,20.0,16,7,196,168,31360,26880,24892,21336,49.0,51.0,Swiggy Better,WiFi; Live Music; Parking; Dessert Bar; Vegan Options; Rooftop; Takeaway; Private Room,8,True,True,False,2025-07-06,313
REST002209,Restaurant_2209,Ahmedabad,Ahmedabad_Locality_9,Cafe,Vietnamese,3.3,08:00,23:00,1032,3.8,2926,4.1,1020,3.95,1006,Premium,36,36,26,27,21.0,20.0,12,25,156,168,123979,135206,121171,132182,61.0,39.0,Zomato Better,Rooftop; Dine-in; WiFi; Live Music,4,False,True,False,2020-08-28,2086
REST002210,Restaurant_2210,Ahmedabad,Ahmedabad_Locality_20,Casual Dining,Street Food; Mediterranean,6.7,09:00,23:00,1734,3.8,4917,4.2,1339,4.0,1216,Luxury,53,53,37,48,20.0,23.0,11,19,211,233,205260,218162,199669,211988,54.0,46.0,Zomato Better,Parking; Bar; WiFi; Rooftop; Dine-in; AC; Vegan Options; Private Room,8,True,False,True,2023-11-10,917
REST002211,Restaurant_2211,Ahmedabad,Ahmedabad_Locality_8,Food Truck,Bakery,0.6,11:00,22:00,2593,4.5,4441,4.3,4018,4.4,508,Mid-Range,30,30,28,28,18.0,17.0,25,11,146,139,60817,58607,58627,56522,56.0,44.0,Swiggy Better,Dine-in; Rooftop; Parking; AC; Dessert Bar; Private Room; Family Friendly; Outdoor Seating,8,True,False,True,2018-10-22,2762
REST002212,Restaurant_2212,Ahmedabad,Ahmedabad_Locality_14,Cloud Kitchen,South Indian,1.5,08:00,23:00,472,3.5,3394,3.0,4864,3.25,831,Premium,30,30,29,27,26.0,22.0,9,5,223,191,137131,123802,133786,120937,74.0,26.0,Swiggy Better,Dessert Bar; Family Friendly; Private Room; Live Music; Parking,5,True,True,True,2017-03-26,3337
REST002213,Restaurant_2213,Ahmedabad,Ahmedabad_Locality_15,Food Truck,Thai,12.6,10:00,22:00,291,4.5,2572,5.0,2915,4.75,982,Premium,83,83,57,41,18.0,19.0,20,25,112,124,90186,98632,85538,93486,61.0,39.0,Zomato Better,Parking; Outdoor Seating; Bar; Takeaway,4,False,True,True,2025-02-07,462
REST002214,Restaurant_2214,Ahmedabad,Ahmedabad_Locality_3,Food Truck,Fast Food; Korean,4.1,12:00,23:00,3358,4.2,713,4.1,154,4.15,870,Premium,40,40,38,29,23.0,21.0,23,15,147,143,98475,98283,95535,95423,50.0,50.0,Swiggy Better,Bar; Parking; AC,3,True,True,True,2023-11-09,918
REST002215,Restaurant_2215,Ahmedabad,Ahmedabad_Locality_15,Food Truck,Desserts,6.4,11:00,23:00,2140,4.0,3167,3.7,2253,3.85,815,Premium,52,52,30,37,22.0,23.0,25,8,124,114,78826,71540,75602,68576,50.0,50.0,Swiggy Better,Live Music; Dine-in; Private Room; Smoking Area,4,True,False,True,2021-03-03,1899
REST002216,Restaurant_2216,Ahmedabad,Ahmedabad_Locality_5,Cloud Kitchen,Biryani,3.9,08:00,23:00,2701,4.0,392,4.6,1000,4.3,407,Mid-Range,39,39,26,26,26.0,22.0,10,23,328,378,98787,119999,92391,112628,71.0,29.0,Zomato Better,Outdoor Seating; Vegan Options; Parking,3,True,True,True,2020-10-24,2029
REST002217,Restaurant_2217,Ahmedabad,Ahmedabad_Locality_4,Food Truck,Multi-Cuisine; Seafood,4.9,10:00,23:00,1455,3.7,4053,3.6,314,3.65,1443,Luxury,44,44,34,42,20.0,22.0,12,10,106,103,122366,115930,120034,113664,58.0,42.0,Swiggy Better,WiFi; Live Music; Parking,3,True,False,False,2022-05-07,1469
REST002218,Restaurant_2218,Ahmedabad,Ahmedabad_Locality_18,Cloud Kitchen,Fast Food,13.3,10:00,23:00,1260,3.9,3999,4.1,2523,4.0,1332,Luxury,86,86,63,51,26.0,24.0,14,17,274,288,270076,291548,258294,279164,73.0,27.0,Zomato Better,Alcohol; Takeaway; Parking; Private Room; WiFi,5,True,False,False,2019-04-24,2578
REST002219,Restaurant_2219,Ahmedabad,Ahmedabad_Locality_17,Fine Dine,South Indian,15.0,10:00,23:00,3318,3.5,3177,4.2,4623,3.85,905,Premium,95,95,54,58,17.0,16.0,14,24,152,183,114174,139116,106954,130424,53.0,47.0,Zomato Better,Parking; Smoking Area; AC; Takeaway; Outdoor Seating; Live Music,6,False,True,True,2025-10-12,215
REST002220,Restaurant_2220,Ahmedabad,Ahmedabad_Locality_20,Cafe,Mughlai,0.9,07:00,22:00,1233,3.7,1361,4.4,4872,4.05,703,Premium,30,30,27,28,20.0,22.0,5,19,155,185,87172,101442,84847,98667,60.0,40.0,Zomato Better,WiFi; Outdoor Seating; Private Room; Dine-in,4,True,False,True,2016-08-03,3572
REST002221,Restaurant_2221,Ahmedabad,Ahmedabad_Locality_12,Cafe,Vietnamese,7.2,11:00,23:00,3009,4.0,1971,4.2,3662,4.1,455,Mid-Range,56,56,41,47,19.0,18.0,16,22,203,213,74815,79470,69131,73506,54.0,46.0,Zomato Better,Takeaway; Alcohol; Family Friendly; Rooftop; WiFi; Vegan Options; Bar; Parking,8,True,False,False,2024-06-17,697
REST002222,Restaurant_2222,Ahmedabad,Ahmedabad_Locality_11,Food Truck,Mughlai; Mughlai,9.7,11:00,23:00,2562,4.2,2398,4.2,2042,4.2,1012,Premium,68,68,48,42,18.0,19.0,10,19,136,136,112858,111481,108234,106857,56.0,44.0,Swiggy Better,Rooftop; AC; Bar; Dine-in; Private Room; WiFi; Takeaway,7,False,False,True,2018-01-04,3053
REST002223,Restaurant_2223,Ahmedabad,Ahmedabad_Locality_13,QSR (Quick Service),South Indian,8.9,10:00,23:00,1046,3.8,409,3.5,836,3.65,818,Premium,64,64,54,39,17.0,20.0,14,10,195,180,132393,117792,126153,112032,56.0,44.0,Swiggy Better,WiFi; Parking; Smoking Area; Private Room; Dine-in; Bar; Outdoor Seating,7,False,False,False,2023-08-11,1008
REST002224,Restaurant_2224,Ahmedabad,Ahmedabad_Locality_17,Fine Dine,Desserts,13.4,11:00,23:00,2521,4.4,1938,3.9,2572,4.15,261,Budget,87,87,46,59,14.0,12.0,24,10,177,157,39729,36059,32029,29230,44.0,56.0,Swiggy Better,WiFi; Dessert Bar; Family Friendly; Private Room; Dine-in,5,True,False,False,2024-04-19,756
REST002225,Restaurant_2225,Ahmedabad,Ahmedabad_Locality_19,Fine Dine,Cafe; Mexican,4.0,08:00,23:00,2257,4.8,1019,4.2,246,4.5,700,Mid-Range,40,40,28,39,16.0,17.0,40,19,188,164,110544,95284,106784,92004,48.0,52.0,Swiggy Better,Dine-in; AC; Parking; Live Music; WiFi; Vegan Options,6,True,True,False,2019-05-02,2570
REST002226,Restaurant_2226,Ahmedabad,Ahmedabad_Locality_10,Cloud Kitchen,Mexican; Bakery,9.2,10:00,22:00,1730,3.8,3693,4.3,1567,4.05,1327,Luxury,66,66,47,44,23.0,28.0,8,16,282,319,288144,304785,278838,294258,68.0,32.0,Zomato Better,Vegan Options; Dessert Bar; Rooftop,3,True,True,True,2018-06-17,2889
REST002227,Restaurant_2227,Ahmedabad,Ahmedabad_Locality_4,Cafe,Chinese; Japanese,2.2,08:00,23:00,196,3.1,4500,4.2,223,3.65,218,Budget,31,31,37,26,20.0,22.0,13,13,114,155,19881,26356,18114,23953,61.0,39.0,Zomato Better,Bar; AC; Alcohol; Family Friendly; Dine-in; Private Room; Vegan Options,7,False,False,True,2024-01-18,848
REST002228,Restaurant_2228,Ahmedabad,Ahmedabad_Locality_20,Fine Dine,Mexican,8.4,11:00,22:00,952,3.8,2413,3.6,4977,3.7,241,Budget,62,62,50,48,14.0,18.0,8,9,128,122,26529,24109,22561,20327,41.0,59.0,Swiggy Better,Vegan Options; Alcohol; Smoking Area; Private Room; WiFi; Family Friendly,6,True,False,False,2023-07-04,1046
REST002229,Restaurant_2229,Ahmedabad,Ahmedabad_Locality_12,Casual Dining,Multi-Cuisine,11.0,07:00,23:00,81,4.1,3030,3.4,4279,3.75,726,Premium,75,75,44,45,18.0,22.0,11,7,186,154,110729,87207,103754,81432,40.0,60.0,Swiggy Better,Takeaway; Bar; Vegan Options,3,True,False,False,2018-12-05,2718
REST002230,Restaurant_2230,Ahmedabad,Ahmedabad_Locality_17,Fine Dine,Italian,5.6,09:00,23:00,2854,3.8,4465,4.3,763,4.05,1105,Premium,48,48,42,26,13.0,13.0,11,14,158,179,151893,172081,148101,167785,54.0,46.0,Zomato Better,WiFi; Live Music; AC; Family Friendly; Bar,5,True,False,True,2019-03-25,2608
REST002231,Restaurant_2231,Ahmedabad,Ahmedabad_Locality_2,Fine Dine,North Indian,9.7,12:00,23:00,761,4.4,1672,3.7,2644,4.05,1494,Luxury,68,68,41,42,15.0,14.0,22,9,145,122,184135,156750,179205,152602,54.0,46.0,Swiggy Better,Parking; Outdoor Seating; Family Friendly; Smoking Area,4,True,True,False,2021-04-26,1845
REST002232,Restaurant_2232,Ahmedabad,Ahmedabad_Locality_8,Food Truck,Chinese,6.9,10:00,23:00,1496,3.4,4078,4.6,1631,4.0,677,Mid-Range,54,54,40,42,17.0,17.0,5,20,98,133,55067,74734,52421,71143,56.0,44.0,Zomato Better,WiFi; Outdoor Seating; Dine-in; Takeaway,4,True,False,False,2021-02-07,1923
REST002233,Restaurant_2233,Ahmedabad,Ahmedabad_Locality_12,Fine Dine,Mediterranean; Continental,10.2,10:00,23:00,1547,3.9,1069,4.2,4130,4.05,786,Premium,71,71,42,45,16.0,18.0,12,18,141,152,93093,97967,88088,92571,47.0,53.0,Zomato Better,Outdoor Seating; Takeaway; Bar; Vegan Options; WiFi; Dine-in; Dessert Bar; Family Friendly,8,True,True,False,2021-06-09,1801
REST002234,Restaurant_2234,Ahmedabad,Ahmedabad_Locality_14,Fine Dine,Mexican,8.1,11:00,22:00,1236,3.7,1939,3.7,4360,3.7,409,Mid-Range,60,60,34,43,14.0,17.0,10,5,129,129,45374,43791,41504,39921,41.0,59.0,Swiggy Better,Family Friendly; Live Music; Rooftop; Private Room; Bar; Dine-in; Alcohol,7,False,True,True,2023-10-20,938
REST002235,Restaurant_2235,Ahmedabad,Ahmedabad_Locality_18,Cafe,Desserts; Korean,5.7,10:00,22:00,668,3.9,1905,4.4,2284,4.15,776,Premium,48,48,46,29,18.0,21.0,11,18,153,172,97356,105442,93684,101314,53.0,47.0,Zomato Better,WiFi; Vegan Options; AC; Parking; Private Room; Takeaway,6,True,True,True,2025-05-10,370
REST002236,Restaurant_2236,Ahmedabad,Ahmedabad_Locality_6,Fine Dine,Pan-Asian,10.9,12:00,22:00,3568,3.6,2921,4.5,4438,4.05,1240,Luxury,74,74,49,48,16.0,15.0,11,21,160,200,166656,210800,160736,203400,52.0,48.0,Zomato Better,Dessert Bar; Alcohol; Outdoor Seating; Live Music; Rooftop; Bar; Parking,7,True,True,False,2023-07-11,1039
REST002237,Restaurant_2237,Ahmedabad,Ahmedabad_Locality_9,Cafe,Fast Food,8.8,09:00,23:00,3289,3.7,3857,4.1,3304,3.9,1267,Luxury,64,64,41,41,18.0,22.0,8,15,193,214,200515,211487,194339,204639,62.0,38.0,Zomato Better,Family Friendly; Dine-in; Smoking Area; Live Music; Private Room,5,True,False,False,2025-05-28,352
REST002238,Restaurant_2238,Ahmedabad,Ahmedabad_Locality_15,Casual Dining,Cafe,14.3,09:00,23:00,2932,4.7,1013,4.0,3627,4.35,624,Mid-Range,91,91,53,50,19.0,23.0,36,24,296,252,149610,121080,136142,109614,41.0,59.0,Swiggy Better,Parking; Family Friendly; Alcohol; Takeaway; Smoking Area; Vegan Options,6,True,False,False,2021-11-26,1631
REST002239,Restaurant_2239,Ahmedabad,Ahmedabad_Locality_15,QSR (Quick Service),Lebanese; Chinese,2.6,10:00,23:00,2314,4.4,3566,4.6,444,4.5,382,Mid-Range,33,33,28,30,22.0,18.0,15,14,260,272,77469,85201,73179,80713,64.0,36.0,Zomato Better,Rooftop; Bar; Smoking Area; WiFi; Parking; Live Music; Takeaway,7,False,False,False,2025-05-17,363
REST002240,Restaurant_2240,Ahmedabad,Ahmedabad_Locality_18,QSR (Quick Service),Seafood; Italian,10.1,09:00,23:00,3232,4.1,2673,3.9,1851,4.0,1210,Luxury,70,70,44,36,21.0,22.0,10,12,266,253,254269,238781,244959,229926,58.0,42.0,Swiggy Better,AC; Bar; Takeaway; Private Room; Vegan Options; Dessert Bar; Dine-in,7,False,False,True,2022-08-06,1378
REST002241,Restaurant_2241,Ahmedabad,Ahmedabad_Locality_16,Casual Dining,Italian,0.8,12:00,23:00,3496,3.8,3677,4.0,2147,3.9,1347,Luxury,30,30,28,25,17.0,22.0,11,25,252,266,281738,279475,277958,275485,53.0,47.0,Swiggy Better,Dessert Bar; Vegan Options; Alcohol,3,False,False,False,2020-10-07,2046
REST002242,Restaurant_2242,Ahmedabad,Ahmedabad_Locality_1,Fine Dine,Mexican,3.4,09:00,22:00,2310,3.8,2458,3.7,504,3.75,285,Budget,37,37,34,28,18.0,13.0,10,5,150,146,35055,36200,32280,33499,54.0,46.0,Zomato Better,Alcohol; Rooftop; Vegan Options; Smoking Area; Parking; Takeaway,6,True,True,False,2025-05-21,359
REST002243,Restaurant_2243,Ahmedabad,Ahmedabad_Locality_16,Cafe,Multi-Cuisine; Japanese,3.4,07:00,23:00,2124,4.2,3317,4.2,3379,4.2,1077,Premium,37,37,26,37,19.0,19.0,10,14,195,195,170112,170112,166504,166504,59.0,41.0,Balanced,Takeaway; Rooftop; Live Music; Bar,4,False,True,False,2018-08-04,2841
REST002244,Restaurant_2244,Ahmedabad,Ahmedabad_Locality_13,Food Truck,Bakery; Biryani,9.0,10:00,22:00,1439,4.7,2903,3.8,3810,4.25,194,Budget,65,65,48,44,19.0,21.0,25,9,135,109,21213,16705,16826,13162,65.0,35.0,Swiggy Better,Dine-in; Outdoor Seating; Live Music; Alcohol; Family Friendly; Bar; Rooftop; Smoking Area,8,True,True,False,2022-12-22,1240
REST002245,Restaurant_2245,Ahmedabad,Ahmedabad_Locality_19,Cloud Kitchen,South Indian,6.2,08:00,23:00,2893,4.3,1324,4.4,1243,4.35,865,Premium,51,51,38,31,24.0,25.0,15,13,360,368,236664,238740,227484,229356,75.0,25.0,Zomato Better,Bar; Vegan Options; Alcohol,3,False,True,False,2024-04-03,772
REST002246,Restaurant_2246,Ahmedabad,Ahmedabad_Locality_14,Casual Dining,Street Food; South Indian,6.3,09:00,22:00,1539,3.7,1762,4.4,145,4.05,642,Mid-Range,51,51,30,39,19.0,23.0,5,13,201,239,104524,118147,99398,112052,47.0,53.0,Zomato Better,Alcohol; Live Music; Dine-in; Bar; AC; Smoking Area; Outdoor Seating; WiFi,8,True,False,False,2025-09-16,241
REST002247,Restaurant_2247,Ahmedabad,Ahmedabad_Locality_19,Food Truck,Mexican,4.8,12:00,22:00,1856,4.8,3524,3.5,1748,4.15,1075,Premium,44,44,32,28,17.0,22.0,34,7,144,105,128484,88042,125316,85732,64.0,36.0,Swiggy Better,Outdoor Seating; Bar; Private Room,3,True,True,False,2019-10-21,2398
REST002248,Restaurant_2248,Ahmedabad,Ahmedabad_Locality_18,Food Truck,Multi-Cuisine,14.2,10:00,22:00,1833,4.2,1387,3.7,2468,3.95,504,Mid-Range,91,91,57,53,23.0,18.0,16,7,126,111,48898,45874,43165,40823,47.0,53.0,Swiggy Better,Dine-in; Live Music; AC,3,False,False,True,2017-02-16,3375
REST002249,Restaurant_2249,Ahmedabad,Ahmedabad_Locality_11,Fine Dine,Korean,12.4,12:00,23:00,2760,4.1,4836,4.1,4228,4.1,590,Mid-Range,82,82,57,56,18.0,12.0,18,16,169,169,81762,87744,74833,80815,53.0,47.0,Zomato Better,Smoking Area; Family Friendly; Takeaway,3,False,True,True,2016-05-28,3639
REST002250,Restaurant_2250,Ahmedabad,Ahmedabad_Locality_18,QSR (Quick Service),Seafood,2.4,12:00,23:00,2053,3.8,3258,3.5,4257,3.65,905,Premium,31,31,32,29,19.0,20.0,9,11,219,201,160537,145524,157143,142408,64.0,36.0,Swiggy Better,Family Friendly; WiFi; Alcohol; Outdoor Seating; Bar; Live Music; Dessert Bar; AC,8,False,True,False,2017-02-16,3375
REST002251,Restaurant_2251,Ahmedabad,Ahmedabad_Locality_15,Fine Dine,Seafood,1.9,12:00,23:00,2883,3.9,4468,4.4,4473,4.15,761,Premium,30,30,40,22,17.0,17.0,9,21,163,184,102955,116219,100510,113459,46.0,54.0,Zomato Better,Takeaway; Smoking Area; AC,3,True,True,False,2024-07-12,672
REST002252,Restaurant_2252,Ahmedabad,Ahmedabad_Locality_4,Cafe,Italian; Italian,10.5,10:00,23:00,246,4.1,4797,4.2,3285,4.15,1400,Luxury,72,72,41,39,18.0,19.0,18,25,152,156,174496,176904,169024,171288,53.0,47.0,Zomato Better,Bar; Dine-in; Outdoor Seating; Private Room,4,False,True,False,2025-07-05,314
REST002253,Restaurant_2253,Ahmedabad,Ahmedabad_Locality_9,Fine Dine,South Indian; Continental,4.2,11:00,23:00,775,4.0,44,2.7,2828,3.35,1042,Premium,41,41,38,27,18.0,17.0,6,12,132,89,112786,76972,110080,75148,44.0,56.0,Swiggy Better,Rooftop; WiFi; Smoking Area; Family Friendly,4,True,False,True,2018-09-20,2794
REST002254,Restaurant_2254,Ahmedabad,Ahmedabad_Locality_16,Fine Dine,Thai; Korean,1.0,09:00,23:00,224,3.9,3638,4.0,2317,3.95,739,Premium,30,30,26,21,12.0,15.0,12,16,120,123,78038,77262,76238,75417,49.0,51.0,Swiggy Better,Bar; Outdoor Seating; Dessert Bar; Takeaway; WiFi,5,True,True,False,2025-03-05,436
REST002255,Restaurant_2255,Ahmedabad,Ahmedabad_Locality_8,Fine Dine,Street Food; Chinese,14.5,10:00,23:00,2747,3.4,91,3.6,4061,3.5,267,Budget,92,92,57,62,14.0,15.0,8,9,140,148,32146,33588,25706,26780,53.0,47.0,Zomato Better,WiFi; Family Friendly; Dine-in; AC,4,False,True,True,2024-11-06,555
REST002256,Restaurant_2256,Ahmedabad,Ahmedabad_Locality_14,QSR (Quick Service),Street Food; Italian,11.0,07:00,22:00,1221,3.9,4690,4.5,2959,4.2,483,Mid-Range,75,75,46,50,22.0,22.0,10,33,204,236,76854,88910,69204,80060,58.0,42.0,Zomato Better,AC; Smoking Area; Live Music; Vegan Options; Family Friendly,5,True,True,True,2016-11-10,3473
REST002257,Restaurant_2257,Ahmedabad,Ahmedabad_Locality_8,Casual Dining,South Indian,5.6,09:00,23:00,2053,3.6,2594,3.6,3325,3.6,1093,Premium,48,48,33,39,20.0,19.0,12,9,207,207,181000,183263,176032,178295,50.0,50.0,Zomato Better,Bar; Takeaway; Live Music; WiFi; Alcohol; Private Room; AC,7,False,True,True,2023-11-27,900
REST002258,Restaurant_2258,Ahmedabad,Ahmedabad_Locality_14,QSR (Quick Service),Continental,14.9,12:00,23:00,1077,4.1,2334,4.2,2360,4.15,1449,Luxury,94,94,57,57,17.0,20.0,16,20,211,216,253763,250387,243846,240235,47.0,53.0,Swiggy Better,Dine-in; Private Room; Smoking Area; Parking; Alcohol; Takeaway; Dessert Bar,7,True,False,True,2022-03-09,1528
REST002259,Restaurant_2259,Ahmedabad,Ahmedabad_Locality_11,QSR (Quick Service),Mediterranean,9.1,11:00,22:00,380,3.6,3756,4.0,4733,3.8,217,Budget,65,65,48,44,22.0,18.0,13,11,170,189,28774,33630,23249,27488,56.0,44.0,Zomato Better,Parking; Dine-in; Vegan Options; Smoking Area; Private Room; Live Music,6,False,False,True,2022-02-10,1555
REST002260,Restaurant_2260,Ahmedabad,Ahmedabad_Locality_5,Casual Dining,Mexican; South Indian,11.0,09:00,22:00,2518,4.2,367,4.0,4605,4.1,831,Premium,75,75,46,46,22.0,18.0,13,21,254,242,164637,164903,155112,155828,43.0,57.0,Zomato Better,Smoking Area; Vegan Options; Parking; Private Room; Bar,5,False,True,True,2023-04-14,1127
REST002261,Restaurant_2261,Ahmedabad,Ahmedabad_Locality_13,Food Truck,Street Food,5.4,08:00,23:00,3313,4.1,716,3.8,904,3.95,1472,Luxury,47,47,35,35,17.0,18.0,21,8,143,132,174711,159329,171351,156227,48.0,52.0,Swiggy Better,Live Music; AC; Takeaway; WiFi; Bar; Vegan Options; Rooftop,7,False,True,True,2017-01-21,3401
REST002262,Restaurant_2262,Ahmedabad,Ahmedabad_Locality_10,Cafe,Mexican,12.6,07:00,22:00,2264,4.8,2420,4.6,3355,4.7,1282,Luxury,83,83,47,50,20.0,20.0,25,23,226,216,231785,221529,222406,212565,47.0,53.0,Swiggy Better,Live Music; Alcohol; Rooftop; WiFi; Parking,5,True,True,False,2022-03-23,1514
REST002263,Restaurant_2263,Ahmedabad,Ahmedabad_Locality_15,Cafe,Korean,3.7,12:00,22:00,844,4.2,620,4.2,1522,4.2,785,Premium,38,38,34,39,21.0,18.0,13,16,168,168,104185,108141,100993,104949,53.0,47.0,Zomato Better,Rooftop; AC; Outdoor Seating; Takeaway; Parking; Live Music; WiFi; Alcohol,8,True,False,True,2026-04-06,39
REST002264,Restaurant_2264,Ahmedabad,Ahmedabad_Locality_1,QSR (Quick Service),Mexican; Continental,5.5,09:00,23:00,2295,4.0,1811,4.4,1649,4.2,1021,Premium,47,47,36,35,18.0,18.0,16,21,236,260,197583,217677,192037,211567,51.0,49.0,Zomato Better,Live Music; Bar; Smoking Area; AC,4,False,True,False,2016-07-09,3597
REST002265,Restaurant_2265,Ahmedabad,Ahmedabad_Locality_1,QSR (Quick Service),Italian,7.0,10:00,23:00,1462,3.6,2696,3.9,2147,3.75,1195,Premium,55,55,38,33,23.0,22.0,11,6,194,210,178509,195741,173174,189966,56.0,44.0,Zomato Better,Live Music; Dessert Bar; Parking; Alcohol,4,False,True,True,2022-07-01,1414
REST002266,Restaurant_2266,Ahmedabad,Ahmedabad_Locality_20,Cloud Kitchen,Bakery,1.4,08:00,23:00,3576,4.6,2580,3.8,3175,4.2,658,Mid-Range,30,30,23,31,27.0,23.0,39,11,411,339,197419,171757,191254,166672,59.0,41.0,Swiggy Better,Outdoor Seating; Bar; Alcohol; AC; Live Music; Dessert Bar; Rooftop; Family Friendly,8,False,False,True,2020-10-19,2034
REST002267,Restaurant_2267,Ahmedabad,Ahmedabad_Locality_3,Fine Dine,Biryani,4.7,12:00,23:00,3502,3.4,1573,3.6,1872,3.5,1317,Luxury,43,43,33,45,15.0,16.0,7,13,150,159,167917,175898,164692,172480,55.0,45.0,Zomato Better,Takeaway; Rooftop; Parking; AC; Private Room; Vegan Options; Bar,7,True,False,True,2025-09-07,250
REST002268,Restaurant_2268,Ahmedabad,Ahmedabad_Locality_10,Food Truck,Biryani,7.2,10:00,23:00,106,3.7,2772,3.9,4102,3.8,1220,Luxury,56,56,42,38,22.0,19.0,9,7,90,94,85644,92890,83124,90258,62.0,38.0,Zomato Better,Smoking Area; Parking; Rooftop; Dine-in,4,False,False,True,2023-11-16,911
REST002269,Restaurant_2269,Ahmedabad,Ahmedabad_Locality_13,Food Truck,Cafe; Vietnamese,0.9,08:00,23:00,2896,4.2,1895,4.6,908,4.4,1377,Luxury,30,30,29,29,21.0,21.0,25,28,140,154,152296,167525,150196,165215,63.0,37.0,Zomato Better,Rooftop; WiFi; Smoking Area; Parking; AC,5,True,True,True,2018-11-05,2748
REST002270,Restaurant_2270,Ahmedabad,Ahmedabad_Locality_14,Cafe,Lebanese; Japanese,7.8,10:00,23:00,3411,3.6,4901,3.8,2554,3.7,1207,Luxury,59,59,45,45,19.0,19.0,9,13,190,200,185757,195534,180152,189634,57.0,43.0,Zomato Better,Family Friendly; Smoking Area; Takeaway; Vegan Options,4,False,True,True,2019-03-06,2627
REST002271,Restaurant_2271,Ahmedabad,Ahmedabad_Locality_8,Food Truck,Korean,6.3,12:00,23:00,1300,3.5,987,4.1,4453,3.8,1179,Premium,51,51,47,37,22.0,22.0,12,10,98,115,90122,105756,87623,102823,46.0,54.0,Zomato Better,Outdoor Seating; Live Music; Takeaway; Dessert Bar; Vegan Options; AC; Rooftop,7,False,True,True,2022-05-01,1475
REST002272,Restaurant_2272,Ahmedabad,Ahmedabad_Locality_9,Cafe,Biryani,13.8,10:00,22:00,728,3.7,248,3.6,2177,3.65,889,Premium,89,89,47,62,23.0,22.0,14,14,146,142,99941,98465,93444,92146,65.0,35.0,Swiggy Better,Takeaway; Outdoor Seating; Smoking Area; Dessert Bar; Bar,5,False,False,False,2017-11-09,3109
REST002273,Restaurant_2273,Ahmedabad,Ahmedabad_Locality_13,Cloud Kitchen,Pan-Asian; Cafe,5.5,11:00,22:00,3520,4.1,2492,3.6,3767,3.85,236,Budget,47,47,35,32,23.0,26.0,21,5,364,320,66146,55884,57592,48364,64.0,36.0,Swiggy Better,Rooftop; Alcohol; Outdoor Seating; Takeaway; Smoking Area; Dine-in,6,True,False,True,2020-07-09,2136
REST002274,Restaurant_2274,Ahmedabad,Ahmedabad_Locality_20,Casual Dining,Vietnamese; Street Food,10.1,11:00,23:00,369,3.6,3076,3.5,1237,3.55,691,Mid-Range,70,70,49,46,18.0,22.0,10,14,170,165,96325,88931,90375,83156,48.0,52.0,Swiggy Better,Rooftop; Vegan Options; Dessert Bar,3,False,False,True,2024-07-13,671
REST002275,Restaurant_2275,Ahmedabad,Ahmedabad_Locality_2,Food Truck,Continental; Multi-Cuisine,3.1,11:00,23:00,2613,3.6,2585,4.6,2343,4.1,428,Mid-Range,35,35,31,32,23.0,21.0,12,25,117,149,38558,50379,36511,47772,51.0,49.0,Zomato Better,Takeaway; Outdoor Seating; Vegan Options; Alcohol; Dessert Bar; Rooftop; AC,7,False,True,False,2023-07-03,1047
REST002276,Restaurant_2276,Ahmedabad,Ahmedabad_Locality_1,Cafe,Biryani,12.7,12:00,22:00,1784,4.1,618,4.1,3618,4.1,325,Mid-Range,83,83,42,44,23.0,22.0,25,23,183,183,45795,46390,38201,38796,52.0,48.0,Zomato Better,Outdoor Seating; Vegan Options; Parking; Dessert Bar,4,True,False,False,2016-09-18,3526
REST002277,Restaurant_2277,Ahmedabad,Ahmedabad_Locality_16,Casual Dining,Chinese; Mexican,4.4,12:00,23:00,2313,4.1,4035,4.3,427,4.2,634,Mid-Range,42,42,31,31,23.0,20.0,11,14,242,254,118139,128828,113057,123494,46.0,54.0,Zomato Better,Dessert Bar; Alcohol; Family Friendly; Takeaway; Smoking Area; Rooftop,6,False,False,False,2026-01-24,111
REST002278,Restaurant_2278,Ahmedabad,Ahmedabad_Locality_18,Casual Dining,Chinese,6.4,09:00,22:00,2267,4.2,3852,4.4,3207,4.3,402,Mid-Range,52,52,32,39,17.0,18.0,19,12,247,259,82414,85376,75992,78642,53.0,47.0,Zomato Better,Rooftop; Parking; Alcohol,3,True,False,True,2025-12-22,144
REST002279,Restaurant_2279,Ahmedabad,Ahmedabad_Locality_19,QSR (Quick Service),Chinese,9.0,12:00,23:00,2780,4.0,176,4.1,4956,4.05,1126,Premium,65,65,46,44,19.0,22.0,12,12,248,254,226190,223083,218130,214828,58.0,42.0,Swiggy Better,Outdoor Seating; Dessert Bar; Parking; Live Music; WiFi; AC; Takeaway; Alcohol,8,False,False,False,2019-04-09,2593
REST002280,Restaurant_2280,Ahmedabad,Ahmedabad_Locality_15,Casual Dining,Desserts; Continental,8.6,12:00,22:00,2813,4.4,532,4.1,948,4.25,619,Mid-Range,63,63,51,37,22.0,21.0,16,13,274,255,132292,124697,123661,116665,55.0,45.0,Swiggy Better,Rooftop; AC; Dessert Bar,3,False,True,True,2022-05-03,1473
REST002281,Restaurant_2281,Jaipur,Jaipur_Locality_2,Casual Dining,Bakery,12.6,11:00,23:00,2284,4.7,3944,4.1,624,4.4,594,Mid-Range,83,83,37,51,22.0,17.0,37,11,277,242,128339,119310,116844,109267,46.0,54.0,Swiggy Better,Rooftop; Dine-in; AC; Private Room; Parking; Bar,6,False,False,False,2025-12-22,144
REST002282,Restaurant_2282,Jaipur,Jaipur_Locality_6,Fine Dine,Chinese,8.5,07:00,22:00,1158,3.7,343,3.5,3731,3.6,1420,Luxury,62,62,45,42,15.0,17.0,8,10,128,121,154496,142610,150528,138859,48.0,52.0,Swiggy Better,Takeaway; Family Friendly; Live Music; Bar,4,True,False,True,2021-06-06,1804
REST002283,Restaurant_2283,Jaipur,Jaipur_Locality_5,QSR (Quick Service),Biryani,4.7,07:00,22:00,2935,4.0,2414,4.3,4533,4.15,362,Mid-Range,43,43,39,40,22.0,19.0,17,20,252,271,71154,79462,65736,73636,56.0,44.0,Zomato Better,Outdoor Seating; Family Friendly; Live Music; Alcohol; Rooftop; Vegan Options; AC; Parking,8,False,True,False,2018-04-05,2962
REST002284,Restaurant_2284,Jaipur,Jaipur_Locality_13,Food Truck,Desserts,7.9,09:00,23:00,3502,4.5,1773,4.2,670,4.35,1418,Luxury,59,59,36,45,19.0,18.0,40,17,159,149,182624,173251,177933,168855,57.0,43.0,Swiggy Better,Bar; WiFi; Private Room; Dessert Bar; Vegan Options; Rooftop; Live Music,7,True,False,False,2018-12-22,2701
REST002285,Restaurant_2285,Jaipur,Jaipur_Locality_9,QSR (Quick Service),Street Food; Thai,4.1,12:00,22:00,2696,4.0,1925,3.8,488,3.9,1133,Premium,40,40,35,28,22.0,21.0,20,15,246,234,217400,209446,212480,204766,63.0,37.0,Swiggy Better,Dessert Bar; Smoking Area; Outdoor Seating,3,False,True,True,2016-11-15,3468
REST002286,Restaurant_2286,Jaipur,Jaipur_Locality_14,Fine Dine,Thai,12.6,07:00,22:00,305,4.2,4929,3.2,4431,3.7,349,Mid-Range,83,83,47,42,12.0,13.0,19,12,131,100,40232,30363,34796,26213,47.0,53.0,Swiggy Better,Alcohol; Dessert Bar; Private Room,3,False,False,False,2018-06-18,2888
REST002287,Restaurant_2287,Jaipur,Jaipur_Locality_5,QSR (Quick Service),Mughlai; Cafe,5.6,08:00,22:00,1954,4.9,536,3.9,4620,4.4,829,Premium,48,48,45,40,19.0,21.0,24,11,279,222,187345,145390,180649,140062,45.0,55.0,Swiggy Better,Smoking Area; Rooftop; Alcohol; Dessert Bar; Outdoor Seating,5,True,False,False,2022-06-17,1428
REST002288,Restaurant_2288,Jaipur,Jaipur_Locality_1,Fine Dine,Seafood; Fast Food,12.8,11:00,23:00,58,3.8,884,3.7,2535,3.75,641,Mid-Range,84,84,45,52,15.0,14.0,11,14,114,111,62112,61189,57324,56527,42.0,58.0,Swiggy Better,Dessert Bar; Live Music; Takeaway; WiFi; Vegan Options; Private Room; Parking; Bar,8,True,True,False,2018-03-15,2983
REST002289,Restaurant_2289,Jaipur,Jaipur_Locality_3,Casual Dining,Continental,9.1,12:00,22:00,2518,4.1,3707,5.0,2033,4.55,331,Mid-Range,65,65,50,48,19.0,22.0,24,30,248,302,66491,77970,58431,68155,52.0,48.0,Zomato Better,Live Music; Smoking Area; Parking; Alcohol; Rooftop; Takeaway; Dessert Bar,7,True,False,False,2019-11-05,2383
REST002290,Restaurant_2290,Jaipur,Jaipur_Locality_9,Fine Dine,Biryani,13.9,10:00,22:00,1797,4.1,4284,4.4,4404,4.25,316,Mid-Range,89,89,63,60,17.0,16.0,11,24,153,164,40128,43532,33320,36234,42.0,58.0,Zomato Better,Private Room; Rooftop; Smoking Area; Dessert Bar; Dine-in; Parking,6,False,False,False,2020-04-14,2222
REST002291,Restaurant_2291,Jaipur,Jaipur_Locality_8,Fine Dine,Desserts,10.5,10:00,23:00,1948,3.7,3067,4.0,2231,3.85,1353,Luxury,72,72,45,46,15.0,12.0,13,25,140,152,161007,180977,155967,175505,52.0,48.0,Zomato Better,Rooftop; Smoking Area; Family Friendly; Outdoor Seating,4,True,True,False,2022-03-30,1507
REST002292,Restaurant_2292,Jaipur,Jaipur_Locality_14,Fine Dine,Continental,3.1,12:00,23:00,1604,3.3,1495,3.9,3922,3.6,618,Mid-Range,35,35,30,37,16.0,14.0,11,13,120,142,62294,75470,60194,72985,53.0,47.0,Zomato Better,Bar; Dessert Bar; WiFi; Rooftop; AC,5,True,False,False,2020-08-11,2103
REST002293,Restaurant_2293,Jaipur,Jaipur_Locality_5,Food Truck,Vietnamese; Cafe,1.5,12:00,22:00,345,4.0,2286,4.1,2445,4.05,409,Mid-Range,30,30,33,31,19.0,21.0,21,23,100,103,33129,33280,31629,31735,65.0,35.0,Zomato Better,Private Room; Parking; Bar; Dine-in; WiFi,5,False,False,False,2024-05-26,719
REST002294,Restaurant_2294,Jaipur,Jaipur_Locality_10,Fine Dine,Seafood; Lebanese,15.0,10:00,22:00,425,4.5,3176,4.4,2367,4.45,345,Mid-Range,95,95,53,55,15.0,12.0,34,18,142,139,41641,42200,34896,35597,43.0,57.0,Zomato Better,Takeaway; Outdoor Seating; Bar; Dine-in,4,False,False,False,2026-01-18,117
REST002295,Restaurant_2295,Jaipur,Jaipur_Locality_18,Cafe,Thai,11.6,11:00,22:00,1745,4.0,4773,3.4,802,3.7,1434,Luxury,78,78,42,48,17.0,22.0,18,7,178,151,211859,168896,204917,163007,55.0,45.0,Swiggy Better,Family Friendly; Parking; Live Music,3,True,False,False,2016-07-08,3598
REST002296,Restaurant_2296,Jaipur,Jaipur_Locality_20,Casual Dining,Continental,6.6,10:00,22:00,1633,3.9,4286,4.3,3584,4.1,277,Budget,53,53,41,40,20.0,22.0,10,18,214,236,47422,50990,41751,44736,41.0,59.0,Zomato Better,Takeaway; Bar; WiFi; Private Room; AC; Parking; Smoking Area,7,False,False,True,2017-06-15,3256
REST002297,Restaurant_2297,Jaipur,Jaipur_Locality_20,Fine Dine,Continental,14.3,08:00,23:00,1341,4.2,3442,4.1,3862,4.15,273,Budget,91,91,50,49,16.0,16.0,25,14,149,145,34168,33251,27389,26653,44.0,56.0,Swiggy Better,Takeaway; Rooftop; AC,3,False,False,False,2023-05-18,1093
REST002298,Restaurant_2298,Jaipur,Jaipur_Locality_11,Fine Dine,Cafe,8.5,11:00,23:00,2901,4.1,747,4.5,1878,4.3,187,Budget,62,62,44,38,13.0,14.0,14,31,171,188,27819,30234,22518,24406,55.0,45.0,Zomato Better,Smoking Area; AC; Vegan Options; Takeaway; Dessert Bar; Parking; Live Music; Alcohol,8,True,False,True,2020-01-18,2309
REST002299,Restaurant_2299,Jaipur,Jaipur_Locality_10,Food Truck,Multi-Cuisine; Fast Food,0.5,10:00,22:00,1785,4.1,3571,4.0,543,4.05,1322,Luxury,30,30,22,30,19.0,20.0,16,14,122,119,130640,125854,128810,124069,46.0,54.0,Swiggy Better,Bar; Alcohol; AC; Parking; Live Music; Rooftop; Vegan Options,7,True,False,True,2022-04-16,1490
REST002300,Restaurant_2300,Jaipur,Jaipur_Locality_18,Cafe,Chinese,7.5,07:00,22:00,1517,4.1,1671,3.7,3162,3.9,1473,Luxury,57,57,44,42,22.0,21.0,22,6,178,160,204511,186187,199438,181627,51.0,49.0,Swiggy Better,Vegan Options; Dessert Bar; Takeaway; Outdoor Seating; WiFi; Rooftop; Parking,7,True,True,True,2024-07-17,667
REST002301,Restaurant_2301,Jaipur,Jaipur_Locality_18,Cafe,Lebanese; Bakery,7.1,07:00,23:00,100,4.3,1318,4.1,4152,4.2,1357,Luxury,55,55,31,42,23.0,18.0,24,21,156,149,163002,165798,158712,161700,59.0,41.0,Zomato Better,Bar; Smoking Area; Private Room; Dessert Bar; WiFi; Takeaway,6,True,False,True,2022-02-20,1545
REST002302,Restaurant_2302,Jaipur,Jaipur_Locality_11,Fine Dine,Multi-Cuisine,9.3,12:00,22:00,1146,4.1,4797,4.4,2458,4.25,313,Mid-Range,66,66,44,47,16.0,17.0,18,20,142,152,37334,39488,32648,34472,40.0,60.0,Zomato Better,Outdoor Seating; Bar; Smoking Area; Parking; Private Room,5,False,False,True,2017-03-19,3344
REST002303,Restaurant_2303,Jaipur,Jaipur_Locality_3,Casual Dining,Thai,4.3,10:00,22:00,992,4.5,4334,4.7,3542,4.6,372,Mid-Range,41,41,34,41,18.0,19.0,23,40,230,240,70159,72316,65444,67396,54.0,46.0,Zomato Better,Takeaway; Smoking Area; Private Room; Dessert Bar,4,True,False,True,2024-09-20,602
REST002304,Restaurant_2304,Jaipur,Jaipur_Locality_20,Cafe,Mexican,1.3,12:00,22:00,768,4.6,3044,3.8,1451,4.2,460,Mid-Range,30,30,29,28,21.0,23.0,37,8,183,151,66502,53484,63757,51219,47.0,53.0,Swiggy Better,Bar; Dine-in; Alcohol; Family Friendly; Vegan Options; Dessert Bar; Live Music; Rooftop,8,True,True,True,2019-07-19,2492
REST002305,Restaurant_2305,Jaipur,Jaipur_Locality_3,Casual Dining,Thai; Vietnamese,9.6,11:00,23:00,2517,4.0,156,3.9,4189,3.95,463,Mid-Range,68,68,39,42,21.0,21.0,13,6,242,236,88516,86321,80288,78297,54.0,46.0,Swiggy Better,Live Music; Smoking Area; Rooftop; Parking; Dessert Bar,5,False,True,True,2020-03-16,2251
REST002306,Restaurant_2306,Jaipur,Jaipur_Locality_12,QSR (Quick Service),Thai; North Indian,14.7,10:00,23:00,2179,3.6,3578,3.4,4108,3.5,224,Budget,93,93,48,56,18.0,19.0,9,9,210,198,38572,35925,28807,26718,56.0,44.0,Swiggy Better,Smoking Area; Live Music; Dessert Bar; Parking,4,False,False,False,2020-07-09,2136
REST002307,Restaurant_2307,Jaipur,Jaipur_Locality_16,Fine Dine,Korean,0.9,11:00,22:00,624,4.3,2104,3.2,1197,3.75,463,Mid-Range,30,30,33,23,15.0,13.0,24,11,140,104,55097,41892,52997,40332,48.0,52.0,Swiggy Better,Vegan Options; Alcohol; Rooftop; Live Music; AC; Bar; Takeaway,7,False,False,False,2022-04-14,1492
REST002308,Restaurant_2308,Jaipur,Jaipur_Locality_4,Cloud Kitchen,Biryani,4.5,08:00,23:00,3225,3.7,2798,3.9,2280,3.8,814,Premium,42,42,34,39,27.0,26.0,7,11,320,337,190150,202995,183430,195918,71.0,29.0,Zomato Better,Live Music; WiFi; Parking; Dessert Bar,4,False,True,True,2020-08-09,2105
REST002309,Restaurant_2309,Jaipur,Jaipur_Locality_19,Fine Dine,Multi-Cuisine,6.0,07:00,23:00,3328,3.9,3066,4.4,4265,4.15,699,Mid-Range,50,50,38,36,17.0,16.0,12,13,170,192,98628,112734,94378,107934,50.0,50.0,Zomato Better,Family Friendly; Dine-in; AC,3,True,True,True,2023-05-30,1081
REST002310,Restaurant_2310,Jaipur,Jaipur_Locality_11,Casual Dining,Fast Food; Lebanese,13.5,10:00,22:00,2443,3.7,2752,4.3,2892,4.0,505,Mid-Range,87,87,55,59,23.0,17.0,15,19,222,258,86324,108140,76667,96917,52.0,48.0,Zomato Better,Live Music; AC; Dine-in; Bar; WiFi,5,False,False,True,2018-03-20,2978
REST002311,Restaurant_2311,Jaipur,Jaipur_Locality_11,Food Truck,Italian,6.9,10:00,23:00,1325,3.8,1759,4.0,3562,3.9,1375,Luxury,54,54,38,38,20.0,21.0,8,11,107,113,117700,122746,114811,119695,46.0,54.0,Zomato Better,AC; Parking; Vegan Options; Bar,4,True,False,False,2021-01-13,1948
REST002312,Restaurant_2312,Jaipur,Jaipur_Locality_7,Cloud Kitchen,Street Food; Desserts,3.3,11:00,23:00,56,4.3,253,4.1,912,4.2,558,Mid-Range,36,36,34,40,24.0,27.0,17,12,259,247,109836,100612,105174,96166,74.0,26.0,Swiggy Better,Bar; Outdoor Seating; Dessert Bar; Family Friendly; WiFi; Vegan Options,6,False,True,False,2025-03-16,425
REST002313,Restaurant_2313,Jaipur,Jaipur_Locality_5,Casual Dining,Desserts,6.2,12:00,22:00,538,4.5,2630,4.5,1256,4.5,930,Premium,51,51,38,40,17.0,21.0,36,40,217,217,167502,159429,161968,153896,54.0,46.0,Swiggy Better,Family Friendly; Smoking Area; Alcohol; Bar; Rooftop,5,False,False,True,2024-09-15,607
REST002314,Restaurant_2314,Jaipur,Jaipur_Locality_3,QSR (Quick Service),Seafood,1.8,10:00,22:00,1748,3.6,2495,4.1,388,3.85,312,Mid-Range,30,30,29,22,20.0,21.0,9,13,200,228,49920,56197,46920,52777,51.0,49.0,Zomato Better,Smoking Area; Takeaway; Alcohol; Bar; Outdoor Seating; Family Friendly; Private Room,7,False,True,True,2017-08-08,3202
REST002315,Restaurant_2315,Jaipur,Jaipur_Locality_6,Fine Dine,Korean,11.2,08:00,23:00,2325,3.8,1729,4.1,4893,3.95,688,Mid-Range,76,76,43,49,15.0,16.0,13,22,150,162,87720,93623,82020,87467,51.0,49.0,Zomato Better,Alcohol; Rooftop; Live Music; Parking; WiFi; Family Friendly; Private Room; Vegan Options,8,False,False,True,2021-02-13,1917
REST002316,Restaurant_2316,Jaipur,Jaipur_Locality_9,QSR (Quick Service),Street Food,14.1,10:00,22:00,3077,4.4,4925,4.4,4433,4.4,202,Budget,90,90,50,54,20.0,18.0,14,13,281,281,45409,46544,32764,33899,49.0,51.0,Zomato Better,Parking; WiFi; Rooftop; Outdoor Seating; Live Music,5,False,True,False,2019-09-07,2442
REST002317,Restaurant_2317,Jaipur,Jaipur_Locality_9,Cloud Kitchen,Biryani; North Indian,10.3,12:00,23:00,1055,4.4,3398,3.8,696,4.1,593,Mid-Range,71,71,43,47,25.0,27.0,11,11,302,260,134314,112551,123593,103321,60.0,40.0,Swiggy Better,Outdoor Seating; Alcohol; Family Friendly; Rooftop,4,False,False,False,2023-05-16,1095
REST002318,Restaurant_2318,Jaipur,Jaipur_Locality_3,Fine Dine,North Indian,12.2,12:00,23:00,3235,3.6,2744,3.7,3771,3.65,984,Premium,81,81,48,47,16.0,17.0,11,15,155,160,128116,130675,121839,124195,49.0,51.0,Zomato Better,Vegan Options; Live Music; Smoking Area; Rooftop; Outdoor Seating; Family Friendly,6,True,False,True,2019-02-17,2644
REST002319,Restaurant_2319,Jaipur,Jaipur_Locality_20,Cafe,Multi-Cuisine,1.1,11:00,23:00,3512,3.9,4918,3.1,1508,3.5,183,Budget,30,30,16,27,23.0,23.0,8,13,207,165,29168,23250,26063,20775,57.0,43.0,Swiggy Better,Smoking Area; Dine-in; Takeaway,3,True,False,True,2016-06-05,3631
REST002320,Restaurant_2320,Jaipur,Jaipur_Locality_7,QSR (Quick Service),North Indian,1.7,12:00,22:00,1399,3.9,2146,3.4,3247,3.65,1136,Premium,30,30,27,32,21.0,18.0,7,7,209,182,187564,169536,184429,166806,51.0,49.0,Swiggy Better,Smoking Area; Bar; Parking; Dine-in; Rooftop; WiFi; AC; Family Friendly,8,False,True,False,2017-11-08,3110
REST002321,Restaurant_2321,Jaipur,Jaipur_Locality_10,Food Truck,Mughlai,3.1,08:00,22:00,146,4.1,1819,4.7,3719,4.4,342,Mid-Range,35,35,41,29,19.0,21.0,11,23,100,115,27702,31070,25952,29058,62.0,38.0,Zomato Better,Smoking Area; Bar; Family Friendly; Outdoor Seating,4,False,True,False,2020-04-13,2223
REST002322,Restaurant_2322,Jaipur,Jaipur_Locality_14,Fine Dine,Korean,5.1,11:00,23:00,942,4.0,903,4.4,1450,4.2,459,Mid-Range,45,45,37,35,14.0,15.0,11,20,135,149,53289,58132,50252,54779,52.0,48.0,Zomato Better,Dine-in; Outdoor Seating; Private Room; Rooftop; WiFi; Family Friendly,6,True,True,True,2024-05-24,721
REST002323,Restaurant_2323,Jaipur,Jaipur_Locality_1,Casual Dining,Bakery,1.4,09:00,22:00,2231,3.7,1225,3.7,4698,3.7,622,Mid-Range,30,30,18,24,17.0,21.0,8,7,217,217,112028,106629,108773,103374,45.0,55.0,Swiggy Better,Dine-in; Bar; Private Room,3,True,True,False,2017-04-21,3311
REST002324,Restaurant_2324,Jaipur,Jaipur_Locality_4,QSR (Quick Service),Biryani; Korean,3.7,10:00,22:00,2602,4.4,3990,4.0,458,4.2,722,Premium,38,38,34,34,22.0,22.0,18,13,268,244,150926,137411,145834,132775,50.0,50.0,Swiggy Better,Private Room; Takeaway; Smoking Area; Alcohol; Outdoor Seating,5,True,True,True,2023-01-24,1207
REST002325,Restaurant_2325,Jaipur,Jaipur_Locality_19,Casual Dining,Biryani; Fast Food,5.9,07:00,22:00,349,4.0,1304,4.3,1001,4.15,595,Mid-Range,49,49,30,33,21.0,19.0,13,19,188,202,88369,97353,83763,92404,42.0,58.0,Zomato Better,Family Friendly; Live Music; Parking; Dine-in,4,True,True,False,2025-03-02,439
REST002326,Restaurant_2326,Jaipur,Jaipur_Locality_3,Food Truck,Chinese,1.3,07:00,23:00,3143,4.0,762,4.2,10,4.1,823,Premium,30,30,23,23,21.0,18.0,12,9,137,144,89073,97179,87018,95019,51.0,49.0,Zomato Better,Private Room; Live Music; Dessert Bar; Parking; Takeaway; Vegan Options; WiFi; Rooftop,8,False,True,False,2020-11-04,2018
REST002327,Restaurant_2327,Jaipur,Jaipur_Locality_4,Casual Dining,North Indian; Vietnamese,2.1,08:00,22:00,1161,4.2,434,3.4,651,3.8,748,Premium,30,30,37,36,23.0,21.0,14,5,219,177,126135,104592,122850,101937,54.0,46.0,Swiggy Better,WiFi; Dessert Bar; Parking; AC; Outdoor Seating; Dine-in,6,True,True,True,2019-03-15,2618
REST002328,Restaurant_2328,Jaipur,Jaipur_Locality_12,Cafe,Multi-Cuisine,2.6,12:00,22:00,2854,3.8,1044,3.9,430,3.85,1455,Luxury,33,33,28,34,20.0,21.0,11,12,190,195,221160,224142,218025,220925,59.0,41.0,Zomato Better,Smoking Area; Outdoor Seating; Family Friendly,3,False,False,True,2018-05-19,2918
REST002329,Restaurant_2329,Jaipur,Jaipur_Locality_19,Fine Dine,Cafe,7.0,08:00,22:00,1345,3.9,4788,3.8,3734,3.85,239,Budget,55,55,35,39,15.0,15.0,12,13,138,135,28034,27425,24239,23712,46.0,54.0,Swiggy Better,Private Room; Takeaway; Vegan Options; Outdoor Seating; Dine-in; Bar,6,True,False,True,2023-01-18,1213
REST002330,Restaurant_2330,Jaipur,Jaipur_Locality_3,QSR (Quick Service),North Indian,6.7,11:00,23:00,1628,3.9,2625,4.1,3547,4.0,1486,Luxury,53,53,41,41,20.0,21.0,5,23,214,225,254403,264136,248732,258174,56.0,44.0,Zomato Better,WiFi; Parking; Dessert Bar,3,True,False,True,2020-02-17,2279
REST002331,Restaurant_2331,Jaipur,Jaipur_Locality_14,QSR (Quick Service),Multi-Cuisine; Mughlai,4.9,10:00,22:00,3207,4.1,1024,3.8,1404,3.95,969,Premium,44,44,32,33,18.0,23.0,21,8,265,246,210563,183547,204733,178135,61.0,39.0,Swiggy Better,Alcohol; WiFi; Live Music; Dine-in,4,True,False,False,2019-07-18,2493
REST002332,Restaurant_2332,Jaipur,Jaipur_Locality_4,Food Truck,Thai; Bakery,1.2,08:00,22:00,2947,3.4,364,4.0,2985,3.7,969,Premium,30,30,27,34,18.0,19.0,10,21,114,134,90582,105175,88872,103165,45.0,55.0,Zomato Better,Parking; Bar; Vegan Options; Smoking Area; Takeaway; Rooftop,6,False,False,True,2018-06-14,2892
REST002333,Restaurant_2333,Jaipur,Jaipur_Locality_10,Food Truck,Pan-Asian; Desserts,11.4,12:00,23:00,2768,4.4,4624,3.5,1157,3.95,185,Budget,77,77,44,45,23.0,18.0,16,6,145,115,20655,17445,15072,13018,52.0,48.0,Swiggy Better,Rooftop; Family Friendly; Bar,3,False,False,True,2023-04-06,1135
REST002334,Restaurant_2334,Jaipur,Jaipur_Locality_20,Casual Dining,Thai,9.7,12:00,23:00,1402,4.3,3600,4.0,4922,4.15,990,Premium,68,68,44,43,22.0,22.0,20,10,230,214,177606,165250,169786,157974,44.0,56.0,Swiggy Better,Rooftop; Private Room; WiFi; Family Friendly; Alcohol; AC; Smoking Area,7,True,False,True,2024-01-29,837
REST002335,Restaurant_2335,Jaipur,Jaipur_Locality_11,Food Truck,Biryani; North Indian,10.9,08:00,23:00,2338,4.2,4138,4.1,4852,4.15,728,Premium,74,74,44,49,18.0,23.0,22,21,133,129,79395,72312,74474,67539,47.0,53.0,Swiggy Better,AC; Live Music; Dessert Bar; Smoking Area; Private Room,5,True,True,False,2018-08-30,2815
REST002336,Restaurant_2336,Jaipur,Jaipur_Locality_19,Cafe,Bakery,12.9,07:00,23:00,196,3.7,3765,4.2,3001,3.95,824,Premium,84,84,49,44,19.0,19.0,12,16,136,155,90771,103453,85059,96943,62.0,38.0,Zomato Better,Vegan Options; Outdoor Seating; Bar; Alcohol; Live Music,5,False,True,False,2022-02-26,1539
REST002337,Restaurant_2337,Jaipur,Jaipur_Locality_13,Cloud Kitchen,Desserts; Biryani,2.3,10:00,23:00,3385,3.7,2594,4.2,3803,3.95,973,Premium,31,31,27,34,24.0,25.0,6,24,324,368,239591,268548,234569,262844,60.0,40.0,Zomato Better,Takeaway; Dine-in; AC,3,False,False,False,2019-11-21,2367
REST002338,Restaurant_2338,Jaipur,Jaipur_Locality_9,Food Truck,Cafe; Fast Food,13.4,10:00,22:00,2662,4.0,3475,4.3,4930,4.15,502,Mid-Range,87,87,47,51,18.0,20.0,25,19,131,140,53924,56224,48226,50134,52.0,48.0,Zomato Better,Family Friendly; Dessert Bar; WiFi; Takeaway; Smoking Area; Live Music,6,True,True,True,2021-08-21,1728
REST002339,Restaurant_2339,Jaipur,Jaipur_Locality_14,Fine Dine,South Indian; Japanese,7.4,12:00,22:00,3194,3.8,2752,4.2,309,4.0,569,Mid-Range,57,57,36,45,18.0,15.0,15,21,163,181,76052,87540,71407,82382,50.0,50.0,Zomato Better,Vegan Options; Bar; Alcohol; Dessert Bar; Private Room,5,True,False,False,2025-01-24,476
REST002340,Restaurant_2340,Jaipur,Jaipur_Locality_16,Cloud Kitchen,Seafood,6.0,12:00,23:00,2172,4.5,2515,3.3,3525,3.9,202,Budget,50,50,38,41,26.0,27.0,24,13,350,256,52318,37749,43568,31349,73.0,27.0,Swiggy Better,AC; Outdoor Seating; Private Room; Family Friendly; Takeaway; Vegan Options,6,True,True,True,2021-03-02,1900
REST002341,Restaurant_2341,Jaipur,Jaipur_Locality_14,Cloud Kitchen,Mediterranean; Mughlai,6.6,11:00,22:00,978,3.6,372,4.4,4012,4.0,475,Mid-Range,53,53,32,38,27.0,23.0,10,24,244,299,84607,109359,78141,101435,58.0,42.0,Zomato Better,Takeaway; WiFi; Family Friendly; Bar; AC; Dessert Bar,6,False,False,True,2019-03-28,2605
REST002342,Restaurant_2342,Jaipur,Jaipur_Locality_6,Cloud Kitchen,Desserts,2.8,12:00,22:00,480,4.1,4778,3.7,2100,3.9,844,Premium,33,33,30,27,26.0,23.0,23,9,262,236,163634,153371,159311,149477,69.0,31.0,Swiggy Better,Bar; Outdoor Seating; AC; Takeaway; WiFi; Alcohol; Smoking Area,7,True,False,False,2019-01-19,2673
REST002343,Restaurant_2343,Jaipur,Jaipur_Locality_7,Food Truck,Chinese; Cafe,8.0,07:00,23:00,3147,4.3,1967,4.0,959,4.15,868,Premium,60,60,36,44,19.0,22.0,11,20,147,137,103352,92754,98942,88644,55.0,45.0,Swiggy Better,Vegan Options; Alcohol; Live Music,3,False,True,False,2021-10-31,1657
REST002344,Restaurant_2344,Jaipur,Jaipur_Locality_20,Cafe,Fast Food,8.4,09:00,23:00,2507,4.0,361,3.8,1601,3.9,177,Budget,62,62,50,38,22.0,20.0,16,13,193,183,26645,25912,20662,20239,57.0,43.0,Swiggy Better,Dessert Bar; Rooftop; Dine-in; WiFi; Private Room; Bar; Vegan Options; Takeaway,8,False,True,False,2021-11-05,1652
REST002345,Restaurant_2345,Jaipur,Jaipur_Locality_7,Cafe,Lebanese; Italian,12.1,08:00,23:00,1657,3.9,4707,4.4,3445,4.15,330,Mid-Range,80,80,43,43,17.0,22.0,5,10,172,194,47110,49935,40230,42175,62.0,38.0,Zomato Better,Private Room; Dessert Bar; Family Friendly; WiFi; Smoking Area,5,False,False,False,2020-05-06,2200
REST002346,Restaurant_2346,Jaipur,Jaipur_Locality_19,Cafe,South Indian,4.0,07:00,22:00,1913,3.5,1175,3.9,3765,3.7,1313,Luxury,40,40,31,28,22.0,19.0,9,10,159,177,162838,188244,159658,184704,51.0,49.0,Zomato Better,Smoking Area; Bar; Rooftop; Vegan Options; Dine-in; Parking; Family Friendly,7,True,True,False,2024-11-20,541
REST002347,Restaurant_2347,Jaipur,Jaipur_Locality_9,Casual Dining,Mediterranean,10.7,12:00,23:00,3279,3.8,2427,3.8,3022,3.8,1460,Luxury,73,73,43,48,19.0,18.0,6,11,247,247,292102,295708,283086,286692,43.0,57.0,Zomato Better,Private Room; Family Friendly; Vegan Options; Rooftop,4,False,True,True,2016-06-06,3630
REST002348,Restaurant_2348,Jaipur,Jaipur_Locality_7,Cloud Kitchen,Cafe,14.9,09:00,23:00,2323,3.7,4688,3.9,2741,3.8,1066,Premium,94,94,62,56,27.0,24.0,5,8,292,308,227228,249529,213504,235053,73.0,27.0,Zomato Better,Live Music; Takeaway; AC; Outdoor Seating; Vegan Options,5,True,True,False,2018-02-19,3007
REST002349,Restaurant_2349,Jaipur,Jaipur_Locality_8,Cloud Kitchen,Fast Food,4.3,08:00,23:00,826,4.2,1427,4.0,145,4.1,810,Premium,41,41,26,34,23.0,25.0,10,11,280,267,174636,162202,168896,156729,71.0,29.0,Swiggy Better,Outdoor Seating; Alcohol; Vegan Options; Family Friendly; Smoking Area; Private Room; Bar,7,True,True,False,2023-06-17,1063
REST002350,Restaurant_2350,Jaipur,Jaipur_Locality_8,Cloud Kitchen,Seafood; Mughlai,13.4,07:00,23:00,2797,3.6,465,4.3,3922,3.95,210,Budget,87,87,64,52,22.0,25.0,12,19,298,356,48812,56070,35849,40584,67.0,33.0,Zomato Better,Live Music; Dessert Bar; Parking; Vegan Options; Smoking Area,5,False,False,False,2018-12-10,2713
REST002351,Restaurant_2351,Jaipur,Jaipur_Locality_12,Fine Dine,Mexican; Italian,13.2,10:00,22:00,2664,4.0,674,4.1,151,4.05,311,Mid-Range,86,86,55,45,13.0,12.0,22,12,163,167,44102,45704,37093,38523,43.0,57.0,Zomato Better,AC; Alcohol; WiFi; Family Friendly,4,True,True,True,2020-03-15,2252
REST002352,Restaurant_2352,Jaipur,Jaipur_Locality_11,Cloud Kitchen,Vietnamese; Bakery,0.9,12:00,23:00,2997,4.1,1204,4.0,4168,4.05,1399,Luxury,30,30,23,31,23.0,27.0,20,13,346,338,372721,345189,367531,340119,55.0,45.0,Swiggy Better,Takeaway; Dessert Bar; AC; Alcohol; Bar; Live Music; Outdoor Seating; Smoking Area,8,True,False,True,2017-06-07,3264
REST002353,Restaurant_2353,Jaipur,Jaipur_Locality_12,Cafe,Mediterranean,8.2,08:00,23:00,987,3.3,3962,4.6,3520,3.95,967,Premium,60,60,34,40,17.0,20.0,12,20,134,187,107549,144663,103529,139053,46.0,54.0,Zomato Better,Smoking Area; Alcohol; Family Friendly; Rooftop,4,False,False,False,2016-10-07,3507
REST002354,Restaurant_2354,Jaipur,Jaipur_Locality_17,Casual Dining,Thai; North Indian,8.0,09:00,23:00,714,4.3,2771,4.1,2863,4.2,669,Mid-Range,60,60,42,44,20.0,20.0,18,15,212,202,113462,108110,107102,102050,50.0,50.0,Swiggy Better,Dine-in; Vegan Options; WiFi,3,True,True,False,2022-05-20,1456
REST002355,Restaurant_2355,Jaipur,Jaipur_Locality_9,Cafe,Street Food; Korean,11.3,11:00,22:00,2446,4.2,3496,4.0,415,4.1,1247,Luxury,76,76,55,49,21.0,18.0,17,21,201,192,198011,196327,190373,189031,52.0,48.0,Swiggy Better,Family Friendly; Rooftop; Private Room; AC; Dine-in; Dessert Bar,6,False,True,True,2020-11-30,1992
REST002356,Restaurant_2356,Jaipur,Jaipur_Locality_14,Food Truck,Thai,11.4,09:00,23:00,1404,3.6,1781,3.6,4219,3.6,1471,Luxury,77,77,58,47,23.0,19.0,9,12,103,103,116665,122725,112699,118760,52.0,48.0,Zomato Better,Takeaway; Bar; AC; Family Friendly; Alcohol; Dine-in; WiFi; Private Room,8,True,False,False,2019-03-22,2611
REST002357,Restaurant_2357,Jaipur,Jaipur_Locality_6,QSR (Quick Service),Pan-Asian; Korean,5.9,09:00,22:00,793,4.0,3681,4.0,2130,4.0,818,Premium,49,49,34,35,18.0,22.0,11,21,199,199,133481,126969,128605,122094,55.0,45.0,Swiggy Better,Smoking Area; Family Friendly; AC; Alcohol; Rooftop; Vegan Options; WiFi,7,False,True,False,2020-02-15,2281
REST002358,Restaurant_2358,Jaipur,Jaipur_Locality_16,Fine Dine,Mediterranean,1.4,12:00,23:00,454,4.5,2567,3.6,979,4.05,211,Budget,30,30,25,32,14.0,13.0,28,11,143,114,25948,20926,23803,19216,53.0,47.0,Swiggy Better,Smoking Area; Dine-in; Outdoor Seating; Parking,4,False,False,True,2022-07-05,1410
REST002359,Restaurant_2359,Jaipur,Jaipur_Locality_14,QSR (Quick Service),Multi-Cuisine,6.2,10:00,22:00,904,4.0,800,4.2,921,4.1,1457,Luxury,51,51,36,34,20.0,19.0,18,25,202,212,235451,250196,230300,244790,51.0,49.0,Zomato Better,Vegan Options; Alcohol; WiFi; Rooftop; Takeaway; Private Room; Parking,7,True,False,True,2020-07-15,2130
REST002360,Restaurant_2360,Jaipur,Jaipur_Locality_14,Cafe,Fast Food,14.2,11:00,22:00,3264,3.1,3982,3.9,907,3.5,206,Budget,91,91,49,57,18.0,21.0,13,5,161,203,27196,33036,19870,23799,64.0,36.0,Zomato Better,Family Friendly; Bar; Live Music; Outdoor Seating; Smoking Area,5,True,True,True,2023-03-26,1146
REST002361,Restaurant_2361,Jaipur,Jaipur_Locality_4,Cafe,Multi-Cuisine; Japanese,2.0,09:00,23:00,578,4.5,3665,3.7,539,4.1,1181,Premium,30,30,27,30,23.0,20.0,23,11,174,143,158230,135106,155620,132961,58.0,42.0,Swiggy Better,Takeaway; Bar; Parking; Vegan Options,4,True,True,False,2019-08-18,2462
REST002362,Restaurant_2362,Jaipur,Jaipur_Locality_17,Casual Dining,Lebanese; Street Food,11.4,07:00,22:00,3636,3.5,4646,3.9,1359,3.7,1293,Luxury,77,77,48,55,23.0,21.0,5,7,235,262,233968,267625,224920,257538,52.0,48.0,Zomato Better,Dessert Bar; Bar; Dine-in; Smoking Area; Alcohol; Live Music,6,False,False,True,2023-02-15,1185
REST002363,Restaurant_2363,Jaipur,Jaipur_Locality_17,QSR (Quick Service),Lebanese,12.0,11:00,23:00,3204,4.0,2978,4.0,2066,4.0,1413,Luxury,80,80,51,54,21.0,20.0,20,17,259,259,289113,292773,278753,282413,64.0,36.0,Zomato Better,AC; Smoking Area; Alcohol; Rooftop; Takeaway; WiFi; Parking,7,True,True,False,2018-09-30,2784
REST002364,Restaurant_2364,Jaipur,Jaipur_Locality_16,Fine Dine,Bakery; Bakery,3.5,08:00,23:00,3318,3.6,4273,3.4,801,3.5,1380,Luxury,37,37,29,28,18.0,17.0,7,5,157,148,177661,169519,174756,166781,48.0,52.0,Swiggy Better,WiFi; Outdoor Seating; Rooftop; Family Friendly; Live Music; Parking; Takeaway,7,True,True,False,2022-10-01,1322
REST002365,Restaurant_2365,Jaipur,Jaipur_Locality_9,Cafe,Thai,10.7,11:00,22:00,2944,3.6,1384,3.8,113,3.7,791,Premium,73,73,52,54,17.0,20.0,11,7,181,191,118831,120864,112225,113893,54.0,46.0,Zomato Better,AC; Rooftop; Parking; Outdoor Seating; Takeaway,5,True,True,False,2022-05-02,1474
REST002366,Restaurant_2366,Jaipur,Jaipur_Locality_15,Casual Dining,Desserts,6.5,11:00,22:00,657,3.8,3482,3.1,3439,3.45,867,Premium,52,52,37,49,23.0,20.0,12,5,186,152,124171,105427,119335,101475,53.0,47.0,Swiggy Better,Family Friendly; Dine-in; Smoking Area; Private Room,4,True,True,False,2019-12-10,2348
REST002367,Restaurant_2367,Jaipur,Jaipur_Locality_12,Cafe,Pan-Asian,3.9,11:00,22:00,2109,4.7,3721,3.9,4561,4.3,672,Mid-Range,39,39,30,27,20.0,22.0,37,10,218,180,117196,94348,112945,90838,65.0,35.0,Swiggy Better,Dessert Bar; AC; Vegan Options; Takeaway; Bar; Family Friendly; Alcohol; Smoking Area,8,False,False,True,2017-05-09,3293
REST002368,Restaurant_2368,Jaipur,Jaipur_Locality_4,QSR (Quick Service),Japanese,8.2,08:00,22:00,1788,3.6,2199,3.7,477,3.65,1181,Premium,60,60,40,39,17.0,22.0,7,6,201,207,197026,190684,190996,184474,52.0,48.0,Swiggy Better,Dine-in; Private Room; Smoking Area,3,False,False,True,2018-05-12,2925
REST002369,Restaurant_2369,Jaipur,Jaipur_Locality_11,Food Truck,Seafood,13.5,09:00,22:00,2143,4.1,3648,3.8,43,3.95,1259,Luxury,87,87,66,45,23.0,19.0,16,14,127,117,123117,119315,117593,114225,63.0,37.0,Swiggy Better,Dine-in; Outdoor Seating; Rooftop,3,False,False,True,2024-05-05,740
REST002370,Restaurant_2370,Jaipur,Jaipur_Locality_14,Cloud Kitchen,Thai,2.5,07:00,23:00,1000,2.5,1202,4.3,3235,3.4,186,Budget,32,32,29,19,26.0,28.0,14,14,170,293,23398,39238,20678,34550,73.0,27.0,Zomato Better,AC; Vegan Options; Outdoor Seating; Live Music; Smoking Area; Rooftop,6,True,True,False,2023-09-08,980
REST002371,Restaurant_2371,Jaipur,Jaipur_Locality_17,Casual Dining,Italian,12.4,08:00,22:00,1820,4.3,3237,4.4,1083,4.35,1178,Premium,82,82,54,53,21.0,21.0,20,16,241,247,224279,229863,214398,219736,43.0,57.0,Zomato Better,Vegan Options; Takeaway; Live Music; Bar; Parking,5,True,False,False,2023-06-28,1052
REST002372,Restaurant_2372,Jaipur,Jaipur_Locality_17,Cafe,Seafood,13.0,08:00,23:00,2198,3.7,1030,4.5,4989,4.1,1216,Luxury,85,85,48,51,20.0,22.0,7,26,173,210,168294,199180,160941,190255,49.0,51.0,Zomato Better,Alcohol; Smoking Area; Outdoor Seating; Dessert Bar,4,True,True,False,2018-05-26,2911
REST002373,Restaurant_2373,Jaipur,Jaipur_Locality_7,QSR (Quick Service),Seafood,13.3,07:00,23:00,1964,4.3,2315,3.8,230,4.05,837,Premium,86,86,49,46,18.0,23.0,16,11,245,217,168153,139854,157618,130523,52.0,48.0,Swiggy Better,Dine-in; Rooftop; Family Friendly; Smoking Area; Outdoor Seating; WiFi; Takeaway,7,False,True,False,2026-02-23,81
REST002374,Restaurant_2374,Jaipur,Jaipur_Locality_17,Fine Dine,Multi-Cuisine; Street Food,8.7,09:00,22:00,2060,3.7,14,3.2,2270,3.45,791,Premium,63,63,42,38,14.0,15.0,10,8,142,123,96596,82699,92123,78824,47.0,53.0,Swiggy Better,Live Music; Family Friendly; Smoking Area; Outdoor Seating; AC; Vegan Options,6,False,True,True,2021-03-25,1877
REST002375,Restaurant_2375,Jaipur,Jaipur_Locality_16,QSR (Quick Service),Seafood,11.0,08:00,22:00,523,3.6,608,4.4,2386,4.0,1479,Luxury,75,75,55,40,18.0,22.0,5,13,173,212,209810,244567,203323,236617,53.0,47.0,Zomato Better,Parking; Bar; Rooftop; Alcohol,4,False,True,False,2016-08-08,3567
REST002376,Restaurant_2376,Jaipur,Jaipur_Locality_16,Cafe,South Indian,13.7,11:00,23:00,2110,4.1,5000,5.0,3877,4.55,195,Budget,88,88,59,49,18.0,22.0,18,37,190,232,30381,35287,22021,25079,46.0,54.0,Zomato Better,AC; Private Room; Family Friendly; Alcohol; Outdoor Seating; Smoking Area; Live Music,7,False,False,True,2019-06-19,2522
REST002377,Restaurant_2377,Jaipur,Jaipur_Locality_11,QSR (Quick Service),Mediterranean,10.9,12:00,22:00,2370,4.7,2422,4.6,2468,4.65,1142,Premium,74,74,35,37,22.0,23.0,30,23,280,274,249412,240939,239052,230801,52.0,48.0,Swiggy Better,Vegan Options; WiFi; Smoking Area; Dine-in; AC,5,True,True,False,2022-08-02,1382
REST002378,Restaurant_2378,Jaipur,Jaipur_Locality_1,Cafe,Fast Food,13.4,07:00,23:00,338,5.0,4918,4.3,821,4.65,1144,Premium,87,87,56,39,19.0,20.0,37,13,188,161,174208,147347,166030,140343,57.0,43.0,Swiggy Better,Family Friendly; Bar; WiFi; Dine-in; Alcohol; Vegan Options,6,False,False,False,2019-10-24,2395
REST002379,Restaurant_2379,Jaipur,Jaipur_Locality_4,QSR (Quick Service),Biryani,5.8,09:00,23:00,3546,4.6,3459,3.8,2459,4.2,589,Mid-Range,49,49,36,28,18.0,20.0,32,12,307,254,148274,119684,140753,113461,57.0,43.0,Swiggy Better,Dine-in; Vegan Options; Family Friendly,3,False,True,False,2016-10-02,3512
REST002380,Restaurant_2380,Jaipur,Jaipur_Locality_16,Food Truck,Continental; Biryani,11.1,07:00,23:00,2035,4.3,1594,3.5,435,3.9,1049,Premium,75,75,41,56,22.0,19.0,13,11,131,107,107186,90916,102274,86904,62.0,38.0,Swiggy Better,Private Room; Alcohol; WiFi; Takeaway; Live Music,5,True,True,True,2018-01-28,3029
REST002381,Restaurant_2381,Jaipur,Jaipur_Locality_10,Casual Dining,Fast Food,6.3,10:00,23:00,118,3.4,4116,4.0,1979,3.7,1003,Premium,51,51,38,31,17.0,22.0,7,15,155,182,129035,142385,125083,137744,45.0,55.0,Zomato Better,AC; Live Music; Bar; Alcohol; Dessert Bar; Dine-in; Outdoor Seating,7,False,False,True,2017-10-16,3133
REST002382,Restaurant_2382,Jaipur,Jaipur_Locality_12,Food Truck,South Indian,2.1,08:00,23:00,690,3.7,707,4.6,3628,4.15,1097,Premium,30,30,34,40,19.0,20.0,11,27,97,120,86191,105312,84736,103512,58.0,42.0,Zomato Better,Alcohol; Takeaway; Outdoor Seating; Live Music; Dine-in; Parking,6,True,True,False,2016-11-05,3478
REST002383,Restaurant_2383,Jaipur,Jaipur_Locality_3,Casual Dining,Mexican,9.7,12:00,22:00,2239,4.7,2012,3.4,145,4.05,1133,Premium,68,68,45,50,20.0,17.0,22,15,276,199,250166,187137,240782,180371,52.0,48.0,Swiggy Better,Outdoor Seating; Takeaway; Smoking Area; WiFi,4,True,False,True,2022-05-12,1464
REST002384,Restaurant_2384,Jaipur,Jaipur_Locality_15,Fine Dine,South Indian,12.1,09:00,22:00,1147,4.1,2860,3.9,429,4.0,220,Budget,80,80,43,45,16.0,15.0,20,13,142,135,26241,25245,20561,19845,41.0,59.0,Swiggy Better,Alcohol; Rooftop; Parking,3,True,True,True,2018-07-05,2871
REST002385,Restaurant_2385,Jaipur,Jaipur_Locality_4,QSR (Quick Service),North Indian; Seafood,2.9,12:00,23:00,691,4.1,1374,4.1,4136,4.1,1083,Premium,34,34,32,19,20.0,19.0,11,16,201,201,174146,176323,170729,172906,46.0,54.0,Zomato Better,Dine-in; Vegan Options; Family Friendly; Live Music; Alcohol; Smoking Area; Rooftop,7,True,False,True,2019-07-03,2508
REST002386,Restaurant_2386,Jaipur,Jaipur_Locality_9,Cloud Kitchen,Italian; South Indian,5.9,07:00,23:00,1271,3.6,1000,4.3,4063,3.95,801,Premium,49,49,36,34,25.0,27.0,9,17,253,302,151989,176588,145791,169189,66.0,34.0,Zomato Better,Smoking Area; Vegan Options; Takeaway; Outdoor Seating; Family Friendly,5,False,True,True,2021-08-11,1738
REST002387,Restaurant_2387,Jaipur,Jaipur_Locality_2,QSR (Quick Service),Multi-Cuisine; Vietnamese,5.6,08:00,22:00,3163,4.5,2532,3.8,3913,4.15,841,Premium,48,48,44,36,22.0,22.0,37,8,290,245,190234,160715,183274,154835,61.0,39.0,Swiggy Better,Bar; AC; Live Music; Dessert Bar; Private Room,5,False,True,False,2019-03-20,2613
REST002388,Restaurant_2388,Jaipur,Jaipur_Locality_3,Food Truck,Mughlai,2.0,09:00,23:00,1550,3.6,201,4.1,3635,3.85,1074,Premium,30,30,25,33,22.0,23.0,12,12,104,119,87122,98410,85562,96625,63.0,37.0,Zomato Better,Private Room; Rooftop; Bar,3,False,True,False,2025-11-28,168
REST002389,Restaurant_2389,Jaipur,Jaipur_Locality_16,Casual Dining,South Indian,3.5,12:00,23:00,2913,4.0,1189,4.4,4110,4.2,284,Budget,37,37,27,40,17.0,21.0,22,13,251,277,59165,62147,54522,57023,47.0,53.0,Zomato Better,Vegan Options; Dine-in; Private Room; Alcohol; Parking; Live Music,6,False,False,False,2022-08-14,1370
REST002390,Restaurant_2390,Jaipur,Jaipur_Locality_17,Fine Dine,Street Food,1.9,09:00,22:00,1255,4.0,3374,3.7,4942,3.85,494,Mid-Range,30,30,26,30,16.0,14.0,13,8,140,130,58094,55229,55994,53279,52.0,48.0,Swiggy Better,Smoking Area; Live Music; Private Room; WiFi; Vegan Options; Bar; Takeaway,7,False,False,True,2024-04-07,768
REST002391,Restaurant_2391,Jaipur,Jaipur_Locality_15,Cloud Kitchen,Street Food,1.8,11:00,23:00,1543,4.5,201,4.5,488,4.5,315,Mid-Range,30,30,29,30,28.0,27.0,25,24,327,327,74163,75193,69258,70288,71.0,29.0,Zomato Better,Rooftop; Alcohol; Family Friendly,3,False,True,True,2019-11-17,2371
REST002392,Restaurant_2392,Jaipur,Jaipur_Locality_15,Fine Dine,Korean,14.3,09:00,23:00,606,4.7,4975,4.2,53,4.45,999,Premium,91,91,60,51,18.0,14.0,32,15,152,136,124515,116843,117599,110655,40.0,60.0,Swiggy Better,Dine-in; Parking; Smoking Area; AC; Alcohol; Vegan Options,6,True,True,False,2017-02-25,3366
REST002393,Restaurant_2393,Jaipur,Jaipur_Locality_17,Cafe,Pan-Asian; Thai,11.6,10:00,22:00,2475,3.5,219,4.1,3630,3.8,1499,Luxury,78,78,58,48,18.0,19.0,6,23,168,197,206502,239195,199950,231512,57.0,43.0,Zomato Better,Rooftop; Takeaway; Family Friendly; Smoking Area; Outdoor Seating; Live Music; Bar; Alcohol,8,True,True,True,2019-12-01,2357
REST002394,Restaurant_2394,Jaipur,Jaipur_Locality_2,QSR (Quick Service),Cafe; Bakery,2.2,08:00,23:00,2450,4.5,3512,4.5,2321,4.5,1067,Premium,31,31,35,30,19.0,18.0,22,27,270,270,233352,236233,229167,232048,60.0,40.0,Zomato Better,Smoking Area; Rooftop; Private Room; Bar; WiFi; Dessert Bar,6,False,True,False,2016-09-12,3532
REST002395,Restaurant_2395,Jaipur,Jaipur_Locality_16,Cloud Kitchen,Pan-Asian,1.9,12:00,22:00,3047,4.3,4228,4.0,1825,4.15,1195,Premium,30,30,32,33,22.0,22.0,13,20,365,340,340216,316914,334741,311814,72.0,28.0,Swiggy Better,AC; Private Room; Outdoor Seating; Dine-in,4,False,False,False,2018-08-09,2836
REST002396,Restaurant_2396,Jaipur,Jaipur_Locality_11,Food Truck,Pan-Asian; Multi-Cuisine,10.3,12:00,23:00,455,4.5,3684,3.5,1162,4.0,902,Premium,71,71,46,45,20.0,20.0,36,12,114,89,82262,64222,78215,61062,62.0,38.0,Swiggy Better,Dessert Bar; Bar; Vegan Options; WiFi; Rooftop; Outdoor Seating; Live Music; Takeaway,8,False,True,True,2025-01-20,480
REST002397,Restaurant_2397,Jaipur,Jaipur_Locality_16,Cafe,Japanese,7.9,08:00,23:00,350,4.1,491,3.9,4851,4.0,553,Mid-Range,59,59,38,35,20.0,19.0,12,13,154,147,68129,65845,63586,61509,59.0,41.0,Swiggy Better,Smoking Area; Rooftop; Live Music; Family Friendly; AC; Dine-in; Dessert Bar,7,True,False,True,2025-06-03,346
REST002398,Restaurant_2398,Jaipur,Jaipur_Locality_12,QSR (Quick Service),Mughlai; Street Food,8.3,08:00,22:00,2379,4.1,4397,3.6,1317,3.85,1008,Premium,61,61,41,43,18.0,23.0,18,9,244,214,201680,166098,194238,159571,56.0,44.0,Swiggy Better,WiFi; Dine-in; Outdoor Seating; Alcohol,4,False,False,True,2019-08-19,2461
REST002399,Restaurant_2399,Jaipur,Jaipur_Locality_4,Fine Dine,Thai,7.6,10:00,23:00,3426,4.0,4022,3.7,4776,3.85,152,Budget,58,58,45,32,15.0,17.0,16,7,176,163,22739,20564,17635,15837,48.0,52.0,Swiggy Better,Dine-in; Family Friendly; Bar,3,True,False,False,2022-08-07,1377
REST002400,Restaurant_2400,Jaipur,Jaipur_Locality_4,Casual Dining,Street Food,2.4,11:00,22:00,1642,3.6,1127,3.9,1102,3.75,686,Mid-Range,31,31,24,27,21.0,21.0,9,13,198,214,107304,115975,104235,112658,41.0,59.0,Zomato Better,Family Friendly; Dessert Bar; Private Room; AC; Dine-in; Takeaway,6,True,True,False,2026-01-14,121
REST002401,Restaurant_2401,Lucknow,Lucknow_Locality_3,Casual Dining,Desserts,13.8,10:00,22:00,1316,3.8,3209,3.9,2759,3.85,425,Mid-Range,89,89,54,57,19.0,19.0,11,11,201,207,69194,71259,60249,62048,50.0,50.0,Zomato Better,Private Room; AC; Parking; Alcohol; WiFi,5,True,False,True,2024-03-24,782
REST002402,Restaurant_2402,Lucknow,Lucknow_Locality_15,Cafe,South Indian,4.4,08:00,23:00,1878,3.9,613,4.4,1317,4.15,311,Mid-Range,42,42,32,29,22.0,20.0,9,12,176,199,42694,49511,38998,45332,56.0,44.0,Zomato Better,Parking; Family Friendly; Bar; Dessert Bar; Outdoor Seating,5,True,True,True,2025-07-22,297
REST002403,Restaurant_2403,Lucknow,Lucknow_Locality_8,Casual Dining,Korean; Thai,12.1,12:00,22:00,3598,4.4,1319,4.6,4734,4.5,1074,Premium,80,80,41,52,17.0,22.0,12,40,295,309,262968,258855,251168,246495,43.0,57.0,Swiggy Better,Live Music; Parking; Dine-in,3,True,True,False,2021-09-22,1696
REST002404,Restaurant_2404,Lucknow,Lucknow_Locality_20,Food Truck,Korean,4.7,10:00,22:00,606,3.6,2437,4.2,4026,3.9,534,Mid-Range,43,43,36,38,23.0,20.0,10,21,93,109,38239,46564,36240,44221,54.0,46.0,Zomato Better,Vegan Options; Rooftop; AC; Alcohol; WiFi,5,False,True,False,2021-03-02,1900
REST002405,Restaurant_2405,Lucknow,Lucknow_Locality_6,Fine Dine,Desserts,13.5,10:00,23:00,409,4.1,4809,4.1,4843,4.1,737,Premium,87,87,51,55,13.0,14.0,15,18,129,129,82713,81762,77102,76151,54.0,46.0,Swiggy Better,Dine-in; Smoking Area; WiFi; Outdoor Seating; Vegan Options; Parking,6,False,False,True,2021-01-09,1952
REST002406,Restaurant_2406,Lucknow,Lucknow_Locality_8,Casual Dining,South Indian,14.7,10:00,22:00,391,3.6,4602,3.9,1494,3.75,702,Premium,93,93,58,59,21.0,19.0,12,10,170,184,94278,104626,86373,96070,49.0,51.0,Zomato Better,Outdoor Seating; Vegan Options; Private Room; Rooftop,4,True,True,False,2020-02-10,2286
REST002407,Restaurant_2407,Lucknow,Lucknow_Locality_12,Cafe,Mughlai; South Indian,7.8,07:00,23:00,1261,3.7,2431,4.0,954,3.85,286,Budget,59,59,44,36,21.0,19.0,5,10,156,168,35246,38918,30644,33962,62.0,38.0,Zomato Better,Takeaway; Rooftop; AC; Vegan Options; Live Music; Alcohol,6,False,False,True,2023-08-12,1007
REST002408,Restaurant_2408,Lucknow,Lucknow_Locality_1,Fine Dine,Mediterranean,14.0,08:00,22:00,1829,3.9,1056,4.0,1131,3.95,955,Premium,90,90,56,54,14.0,14.0,13,20,146,150,119909,123195,113339,116445,41.0,59.0,Zomato Better,Dine-in; Rooftop; Takeaway; Family Friendly; Parking; Outdoor Seating; WiFi,7,True,True,False,2025-06-24,325
REST002409,Restaurant_2409,Lucknow,Lucknow_Locality_19,QSR (Quick Service),Pan-Asian,10.1,10:00,22:00,1363,3.9,3874,4.2,3987,4.05,198,Budget,70,70,53,49,18.0,22.0,12,14,208,224,33770,34594,26490,26754,52.0,48.0,Zomato Better,Alcohol; Live Music; Vegan Options; Outdoor Seating; Rooftop; Takeaway; Bar; Private Room,8,True,True,False,2018-12-07,2716
REST002410,Restaurant_2410,Lucknow,Lucknow_Locality_16,QSR (Quick Service),Lebanese; South Indian,4.2,08:00,23:00,3117,4.4,2078,4.7,1746,4.55,492,Mid-Range,41,41,40,31,23.0,21.0,16,30,282,301,106832,116992,101051,110822,53.0,47.0,Zomato Better,Family Friendly; Outdoor Seating; Vegan Options; WiFi; Bar; Private Room,6,False,False,True,2024-05-10,735
REST002411,Restaurant_2411,Lucknow,Lucknow_Locality_16,Casual Dining,Mexican,2.7,08:00,22:00,3570,4.1,1309,4.7,3112,4.4,240,Budget,33,33,32,19,18.0,18.0,24,30,274,314,53923,61795,49402,56614,50.0,50.0,Zomato Better,Takeaway; Family Friendly; Dessert Bar; Parking; Alcohol; Live Music,6,False,False,True,2018-10-04,2780
REST002412,Restaurant_2412,Lucknow,Lucknow_Locality_17,Cloud Kitchen,Cafe,12.1,07:00,22:00,2878,3.9,1184,3.5,2377,3.7,1500,Luxury,80,80,50,51,26.0,28.0,10,14,326,292,361860,315360,348820,303680,72.0,28.0,Swiggy Better,Parking; Outdoor Seating; Private Room; Alcohol; Bar; Live Music,6,True,True,True,2017-10-03,3146
REST002413,Restaurant_2413,Lucknow,Lucknow_Locality_18,Food Truck,Multi-Cuisine; Vietnamese,1.0,11:00,22:00,138,3.7,3604,3.7,4381,3.7,903,Premium,30,30,28,23,19.0,21.0,9,9,90,90,65828,64203,64478,62853,52.0,48.0,Swiggy Better,Bar; WiFi; Outdoor Seating; Vegan Options; Dessert Bar,5,False,True,True,2020-10-20,2033
REST002414,Restaurant_2414,Lucknow,Lucknow_Locality_8,Cloud Kitchen,Japanese,3.5,09:00,22:00,3311,4.2,3056,4.6,3675,4.4,1456,Luxury,37,37,25,25,25.0,23.0,16,22,366,401,399672,449569,392901,442150,59.0,41.0,Zomato Better,Private Room; AC; Parking,3,True,True,False,2024-08-29,624
REST002415,Restaurant_2415,Lucknow,Lucknow_Locality_13,QSR (Quick Service),Pan-Asian; Vietnamese,6.9,10:00,22:00,1471,3.9,3932,4.2,776,4.05,890,Premium,54,54,37,37,22.0,22.0,8,17,210,227,145782,157583,140112,151454,56.0,44.0,Zomato Better,AC; Outdoor Seating; Rooftop; Dessert Bar; Bar,5,False,False,True,2026-02-04,100
REST002416,Restaurant_2416,Lucknow,Lucknow_Locality_4,Casual Dining,Mughlai; Seafood,11.5,12:00,22:00,255,4.0,1918,3.8,3623,3.9,544,Mid-Range,77,77,49,45,21.0,18.0,11,6,186,176,79935,78510,72774,71734,54.0,46.0,Swiggy Better,Live Music; Private Room; Alcohol; Outdoor Seating; Bar; AC,6,True,False,False,2020-03-30,2237
REST002417,Restaurant_2417,Lucknow,Lucknow_Locality_14,Cafe,Japanese; Lebanese,6.6,10:00,22:00,33,3.2,2335,3.2,4465,3.2,1255,Luxury,53,53,35,40,21.0,22.0,10,11,115,115,114016,112573,110969,109526,57.0,43.0,Swiggy Better,Takeaway; Vegan Options; Outdoor Seating; Private Room; Bar; Parking; Smoking Area,7,True,True,False,2024-11-04,557
REST002418,Restaurant_2418,Lucknow,Lucknow_Locality_7,Food Truck,Lebanese,5.1,11:00,22:00,3370,4.3,1569,4.3,1062,4.3,1415,Luxury,45,45,33,28,21.0,18.0,14,11,150,150,167677,174045,164302,170670,62.0,38.0,Zomato Better,Smoking Area; Takeaway; Live Music; Bar; Dine-in; AC; Parking; Rooftop,8,True,True,False,2023-08-18,1001
REST002419,Restaurant_2419,Lucknow,Lucknow_Locality_18,Food Truck,Chinese; Biryani,6.0,12:00,22:00,1296,4.4,3166,4.0,2413,4.2,666,Mid-Range,50,50,44,32,18.0,21.0,21,25,124,113,67718,59453,64618,56628,57.0,43.0,Swiggy Better,Outdoor Seating; AC; Vegan Options; Dine-in; Bar; Alcohol; Dessert Bar,7,True,False,True,2021-03-07,1895
REST002420,Restaurant_2420,Lucknow,Lucknow_Locality_2,Casual Dining,Fast Food,11.3,11:00,23:00,3418,4.4,4623,3.5,672,3.95,562,Mid-Range,76,76,46,43,18.0,22.0,10,10,290,231,133643,101261,122623,92483,47.0,53.0,Swiggy Better,Alcohol; Smoking Area; Private Room; Dessert Bar,4,True,True,True,2017-09-26,3153
REST002421,Restaurant_2421,Lucknow,Lucknow_Locality_9,Food Truck,North Indian,2.8,08:00,22:00,3623,4.0,282,3.8,709,3.9,192,Budget,33,33,27,24,21.0,22.0,16,13,143,136,21690,20367,19330,18123,55.0,45.0,Swiggy Better,Takeaway; Outdoor Seating; Bar; Dessert Bar,4,True,True,False,2025-03-13,428
REST002422,Restaurant_2422,Lucknow,Lucknow_Locality_20,Fine Dine,North Indian; South Indian,7.6,09:00,23:00,2138,3.9,1275,3.7,285,3.8,1341,Luxury,58,58,31,43,16.0,17.0,11,15,151,143,170092,159163,165713,155016,47.0,53.0,Swiggy Better,Takeaway; Dine-in; Private Room; Vegan Options,4,False,False,True,2024-01-13,853
REST002423,Restaurant_2423,Lucknow,Lucknow_Locality_5,Food Truck,Lebanese,13.8,09:00,22:00,1601,4.1,3955,4.1,1473,4.1,1468,Luxury,89,89,52,51,22.0,18.0,14,24,119,119,136259,143247,130964,137951,64.0,36.0,Zomato Better,Dine-in; Vegan Options; Dessert Bar; WiFi; Bar,5,False,True,False,2025-05-10,370
REST002424,Restaurant_2424,Lucknow,Lucknow_Locality_14,Cafe,Seafood; Bakery,0.6,10:00,22:00,331,3.6,3151,4.2,1840,3.9,213,Budget,30,30,29,24,22.0,21.0,12,21,135,158,22428,26586,20403,24216,48.0,52.0,Zomato Better,WiFi; Alcohol; Live Music; AC; Rooftop; Vegan Options; Takeaway,7,False,True,True,2025-02-21,448
REST002425,Restaurant_2425,Lucknow,Lucknow_Locality_4,Food Truck,Vietnamese,0.6,09:00,23:00,2360,3.8,1719,3.9,1911,3.85,839,Premium,30,30,23,25,22.0,21.0,8,9,120,123,78530,81525,76730,79680,50.0,50.0,Zomato Better,Outdoor Seating; AC; WiFi; Takeaway,4,True,True,False,2023-05-23,1088
REST002426,Restaurant_2426,Lucknow,Lucknow_Locality_13,Casual Dining,Bakery; Pan-Asian,12.4,09:00,23:00,3241,3.9,3318,4.0,894,3.95,1444,Luxury,82,82,46,46,19.0,19.0,6,10,253,259,295918,302936,285545,292317,42.0,58.0,Zomato Better,WiFi; Live Music; Vegan Options; Alcohol; Bar; Rooftop; Private Room,7,True,True,True,2018-05-20,2917
REST002427,Restaurant_2427,Lucknow,Lucknow_Locality_13,Cloud Kitchen,Vietnamese,6.8,07:00,22:00,2147,4.2,4554,3.6,3905,3.9,747,Premium,54,54,38,34,23.0,27.0,23,15,326,279,187511,152141,178709,144608,68.0,32.0,Swiggy Better,Bar; AC; Takeaway; Outdoor Seating; WiFi; Family Friendly; Private Room; Parking,8,False,False,False,2021-07-07,1773
REST002428,Restaurant_2428,Lucknow,Lucknow_Locality_14,Cloud Kitchen,Korean,5.8,12:00,22:00,2805,4.4,3885,4.9,3736,4.65,759,Premium,49,49,25,43,26.0,23.0,19,30,365,406,205005,237278,196063,227331,61.0,39.0,Zomato Better,AC; Live Music; WiFi; Rooftop; Family Friendly; Alcohol,6,True,True,True,2025-10-02,225
REST002429,Restaurant_2429,Lucknow,Lucknow_Locality_8,Casual Dining,Multi-Cuisine; Thai,5.7,08:00,22:00,3566,4.0,2172,4.2,1426,4.1,244,Budget,48,48,41,34,23.0,19.0,12,25,267,281,50163,55536,43755,48792,46.0,54.0,Zomato Better,Dine-in; Parking; Rooftop; Family Friendly; Outdoor Seating; AC; Bar; Alcohol,8,True,True,True,2017-03-28,3335
REST002430,Restaurant_2430,Lucknow,Lucknow_Locality_9,Casual Dining,South Indian,3.3,10:00,23:00,229,3.9,238,4.0,764,3.95,416,Mid-Range,36,36,39,26,18.0,20.0,9,11,181,185,61742,61568,58484,58238,53.0,47.0,Swiggy Better,Vegan Options; Parking; Private Room; Rooftop; Dine-in; AC; Outdoor Seating,7,False,True,True,2020-01-15,2312
REST002431,Restaurant_2431,Lucknow,Lucknow_Locality_20,Fine Dine,Mediterranean,8.3,09:00,22:00,1196,3.6,3134,4.2,2229,3.9,1036,Premium,61,61,45,46,12.0,17.0,11,20,125,146,113960,125542,110147,121089,50.0,50.0,Zomato Better,AC; Parking; Takeaway,3,True,False,False,2022-09-16,1337
REST002432,Restaurant_2432,Lucknow,Lucknow_Locality_9,Cloud Kitchen,Bakery,2.9,07:00,23:00,2693,4.2,4555,4.2,3695,4.2,1048,Premium,34,34,38,27,22.0,22.0,20,18,344,344,281199,281199,275351,275351,65.0,35.0,Balanced,Dine-in; AC; Dessert Bar; Vegan Options; Live Music,5,False,False,True,2021-10-26,1662
REST002433,Restaurant_2433,Lucknow,Lucknow_Locality_4,Cafe,Bakery,3.2,09:00,22:00,1356,4.6,3533,3.9,392,4.25,954,Premium,36,36,33,34,17.0,21.0,21,15,196,166,155196,125107,151668,122119,65.0,35.0,Swiggy Better,Dine-in; Family Friendly; Live Music; Private Room; Rooftop; AC,6,False,True,True,2023-07-30,1020
REST002434,Restaurant_2434,Lucknow,Lucknow_Locality_1,Cloud Kitchen,Vietnamese; Mexican,7.0,07:00,23:00,2513,4.5,188,3.7,373,4.1,839,Premium,55,55,34,46,26.0,24.0,8,9,362,298,224751,190016,214796,181821,70.0,30.0,Swiggy Better,Vegan Options; Bar; Smoking Area; Takeaway; Dessert Bar,5,False,True,True,2022-03-17,1520
REST002435,Restaurant_2435,Lucknow,Lucknow_Locality_18,Casual Dining,Japanese,13.3,12:00,22:00,1736,4.2,2739,4.3,3659,4.25,773,Premium,86,86,53,49,21.0,23.0,11,11,233,239,142286,142255,132267,131978,54.0,46.0,Swiggy Better,AC; Dine-in; Live Music; Smoking Area; Rooftop; WiFi,6,True,True,False,2018-05-01,2936
REST002436,Restaurant_2436,Lucknow,Lucknow_Locality_4,Fine Dine,Mexican,4.1,08:00,22:00,3576,3.8,1423,4.2,4385,4.0,213,Budget,40,40,32,36,17.0,14.0,9,21,169,187,29877,34254,26497,30514,43.0,57.0,Zomato Better,Takeaway; AC; WiFi; Vegan Options; Rooftop; Private Room; Smoking Area,7,False,True,False,2019-02-28,2633
REST002437,Restaurant_2437,Lucknow,Lucknow_Locality_20,Food Truck,Italian,2.1,10:00,23:00,1720,4.0,3997,3.9,4823,3.95,666,Mid-Range,30,30,24,26,21.0,21.0,23,5,118,115,62084,60506,60314,58781,59.0,41.0,Swiggy Better,Bar; Alcohol; Takeaway; Outdoor Seating; Parking; Family Friendly; Dine-in; AC,8,True,True,True,2018-06-25,2881
REST002438,Restaurant_2438,Lucknow,Lucknow_Locality_15,Casual Dining,Desserts; Korean,1.5,07:00,23:00,1979,3.5,2707,4.0,279,3.75,187,Budget,30,30,29,20,18.0,20.0,12,24,200,228,30668,34108,27668,30688,43.0,57.0,Zomato Better,AC; WiFi; Rooftop; Dessert Bar; Family Friendly; Dine-in; Private Room; Smoking Area,8,True,True,False,2021-10-06,1682
REST002439,Restaurant_2439,Lucknow,Lucknow_Locality_14,Cloud Kitchen,Chinese,6.5,10:00,23:00,1390,4.7,554,4.3,3466,4.5,427,Mid-Range,52,52,30,37,27.0,27.0,28,15,335,307,104422,95694,95712,87712,59.0,41.0,Swiggy Better,Private Room; Alcohol; Dessert Bar; WiFi,4,False,False,False,2021-12-22,1605
REST002440,Restaurant_2440,Lucknow,Lucknow_Locality_14,Food Truck,Pan-Asian; Bakery,14.4,11:00,23:00,331,4.4,2262,3.7,2193,4.05,920,Premium,92,92,54,58,17.0,17.0,14,12,110,92,83996,70251,78936,66019,56.0,44.0,Swiggy Better,Vegan Options; Takeaway; Family Friendly; Private Room,4,False,True,True,2025-02-07,462
REST002441,Restaurant_2441,Lucknow,Lucknow_Locality_17,Fine Dine,Fast Food; Pan-Asian,7.8,11:00,23:00,3017,5.0,3211,4.6,1389,4.8,918,Premium,59,59,34,34,17.0,18.0,29,38,211,195,160769,146788,154544,141035,43.0,57.0,Swiggy Better,AC; Dine-in; Family Friendly; Alcohol; Takeaway,5,True,False,True,2024-11-07,554
REST002442,Restaurant_2442,Lucknow,Lucknow_Locality_11,Food Truck,Biryani,2.9,11:00,22:00,710,4.1,1527,4.1,1851,4.1,312,Mid-Range,34,34,39,35,22.0,20.0,24,10,107,107,26039,26707,24220,24888,51.0,49.0,Zomato Better,Private Room; Vegan Options; Bar; Dessert Bar; Rooftop,5,True,True,True,2017-06-04,3267
REST002443,Restaurant_2443,Lucknow,Lucknow_Locality_8,Fine Dine,Mediterranean; Mughlai,8.9,09:00,22:00,3601,4.0,4223,3.8,2278,3.9,860,Premium,64,64,43,41,16.0,17.0,16,13,179,170,129309,121346,123581,115906,42.0,58.0,Swiggy Better,Bar; Alcohol; Private Room; WiFi; Live Music; Takeaway,6,True,False,True,2023-01-03,1228
REST002444,Restaurant_2444,Lucknow,Lucknow_Locality_9,QSR (Quick Service),Thai,3.1,07:00,22:00,918,3.9,840,3.9,4377,3.9,1299,Luxury,35,35,32,29,21.0,21.0,15,13,197,197,202163,202163,198715,198715,61.0,39.0,Balanced,Outdoor Seating; Rooftop; Vegan Options; Smoking Area,4,False,True,True,2025-05-24,356
REST002445,Restaurant_2445,Lucknow,Lucknow_Locality_3,Cloud Kitchen,Fast Food; North Indian,11.8,07:00,23:00,2244,4.0,4258,4.2,867,4.1,1326,Luxury,79,79,43,49,26.0,25.0,14,12,313,329,307128,327190,294764,314195,68.0,32.0,Zomato Better,Smoking Area; Private Room; Alcohol; Vegan Options; Dine-in; AC; Bar,7,False,True,False,2018-11-04,2749
REST002446,Restaurant_2446,Lucknow,Lucknow_Locality_9,Cloud Kitchen,Pan-Asian; Cafe,14.6,07:00,22:00,124,3.2,686,4.3,3385,3.75,290,Budget,93,93,45,56,23.0,26.0,14,20,195,262,43543,56225,34476,44042,64.0,36.0,Zomato Better,Smoking Area; Live Music; Dessert Bar; Takeaway; Rooftop,5,False,True,True,2016-11-28,3455
REST002447,Restaurant_2447,Lucknow,Lucknow_Locality_4,Food Truck,Mexican,13.3,12:00,22:00,3212,3.9,3041,3.8,4732,3.85,519,Mid-Range,86,86,48,50,22.0,21.0,9,14,134,131,54245,53711,48483,48078,64.0,36.0,Swiggy Better,Outdoor Seating; Vegan Options; WiFi; AC,4,False,False,True,2019-03-26,2607
REST002448,Restaurant_2448,Lucknow,Lucknow_Locality_18,Cloud Kitchen,Mexican; Italian,5.9,12:00,22:00,178,4.1,4708,4.0,1295,4.05,272,Budget,49,49,44,33,25.0,26.0,22,20,251,245,51204,49313,45054,43311,60.0,40.0,Swiggy Better,Dessert Bar; Rooftop; Family Friendly; Takeaway; Vegan Options,5,False,False,True,2020-11-16,2006
REST002449,Restaurant_2449,Lucknow,Lucknow_Locality_3,Food Truck,South Indian,10.0,10:00,23:00,2268,4.4,4077,4.2,1894,4.3,1478,Luxury,70,70,36,46,22.0,22.0,10,22,138,132,159091,152174,154261,147554,48.0,52.0,Swiggy Better,Parking; Vegan Options; Bar; Live Music,4,True,True,True,2017-08-19,3191
REST002450,Restaurant_2450,Lucknow,Lucknow_Locality_2,Cafe,Pan-Asian,0.9,11:00,22:00,2481,4.4,4327,4.7,1498,4.55,709,Premium,30,30,14,25,21.0,18.0,16,30,212,226,118743,131391,115563,128001,47.0,53.0,Zomato Better,Dine-in; Family Friendly; Private Room; Bar; Takeaway; Smoking Area; Dessert Bar,7,True,True,False,2018-08-07,2838
REST002451,Restaurant_2451,Lucknow,Lucknow_Locality_8,Cafe,Mughlai; Korean,7.9,09:00,23:00,2519,4.1,2649,4.6,2056,4.35,817,Premium,59,59,39,30,18.0,20.0,15,26,198,222,132648,145099,126807,138550,56.0,44.0,Zomato Better,Dessert Bar; Dine-in; Private Room; Live Music; Family Friendly; Bar; AC; Vegan Options,8,False,False,True,2020-12-03,1989
REST002452,Restaurant_2452,Lucknow,Lucknow_Locality_18,Food Truck,Chinese,12.5,07:00,23:00,2937,3.2,1864,4.0,1764,3.6,1024,Premium,82,82,44,49,22.0,19.0,9,21,107,134,85463,111144,81076,105650,51.0,49.0,Zomato Better,Family Friendly; Parking; Live Music; Takeaway; Dine-in,5,True,True,False,2021-09-08,1710
REST002453,Restaurant_2453,Lucknow,Lucknow_Locality_6,Food Truck,Vietnamese; Seafood,7.4,07:00,23:00,1850,3.0,1451,3.8,3064,3.4,866,Premium,57,57,41,41,18.0,21.0,12,14,90,114,63910,77991,61345,74742,53.0,47.0,Zomato Better,WiFi; Family Friendly; Smoking Area; Dine-in; Takeaway,5,False,False,False,2017-02-07,3384
REST002454,Restaurant_2454,Lucknow,Lucknow_Locality_15,Food Truck,Seafood; Fast Food,12.1,09:00,23:00,1507,4.1,4349,3.8,1560,3.95,455,Mid-Range,80,80,47,58,17.0,20.0,12,7,118,110,44562,40040,39842,35640,48.0,52.0,Swiggy Better,Smoking Area; Bar; Vegan Options; WiFi,4,True,False,False,2025-02-09,460
REST002455,Restaurant_2455,Lucknow,Lucknow_Locality_8,Fine Dine,Italian,8.8,09:00,22:00,505,3.8,515,3.5,4666,3.65,769,Premium,64,64,47,43,16.0,16.0,6,14,121,112,78161,72347,74289,68763,47.0,53.0,Swiggy Better,Smoking Area; Alcohol; Live Music; Outdoor Seating,4,False,False,True,2017-02-10,3381
REST002456,Restaurant_2456,Lucknow,Lucknow_Locality_14,Fine Dine,North Indian,13.4,12:00,23:00,3461,4.7,2435,4.1,533,4.4,300,Budget,87,87,51,45,17.0,16.0,40,24,207,181,51543,45612,42538,37738,49.0,51.0,Swiggy Better,AC; Outdoor Seating; Vegan Options; Family Friendly; WiFi; Smoking Area,6,False,True,False,2026-04-07,38
REST002457,Restaurant_2457,Lucknow,Lucknow_Locality_18,Casual Dining,Italian; Multi-Cuisine,3.0,11:00,22:00,2683,3.3,465,4.1,3322,3.7,1200,Premium,35,35,23,21,18.0,20.0,8,19,203,252,199752,241920,196199,237510,46.0,54.0,Zomato Better,Dessert Bar; Family Friendly; AC; Live Music; Smoking Area,5,False,False,True,2024-02-15,820
REST002458,Restaurant_2458,Lucknow,Lucknow_Locality_10,Fine Dine,Chinese; Pan-Asian,11.1,09:00,23:00,768,3.7,2392,4.1,2568,3.9,609,Mid-Range,75,75,49,49,17.0,14.0,11,12,122,135,61667,70704,57092,65642,48.0,52.0,Zomato Better,AC; Alcohol; Outdoor Seating; Live Music,4,True,True,True,2019-04-22,2580
REST002459,Restaurant_2459,Lucknow,Lucknow_Locality_17,Cafe,Seafood; North Indian,14.6,12:00,23:00,1611,4.1,1101,4.0,2367,4.05,1232,Luxury,93,93,62,50,18.0,20.0,25,13,180,175,181843,172480,173473,164342,60.0,40.0,Swiggy Better,Smoking Area; Vegan Options; Dine-in; Alcohol; WiFi; Bar,6,True,False,True,2018-06-14,2892
REST002460,Restaurant_2460,Lucknow,Lucknow_Locality_12,Cloud Kitchen,Street Food; Chinese,11.2,10:00,23:00,694,3.9,1684,3.6,3496,3.75,319,Mid-Range,76,76,52,39,24.0,27.0,11,8,256,236,62064,54957,52336,45989,59.0,41.0,Swiggy Better,Private Room; Outdoor Seating; Live Music; AC,4,True,True,False,2019-02-01,2660
REST002461,Restaurant_2461,Lucknow,Lucknow_Locality_4,Food Truck,Vietnamese; Chinese,11.9,07:00,23:00,898,4.1,747,4.4,4921,4.25,979,Premium,79,79,46,49,23.0,20.0,24,12,110,118,82921,92417,78576,87756,54.0,46.0,Zomato Better,Outdoor Seating; AC; Private Room; Family Friendly; Takeaway; WiFi,6,True,False,True,2017-05-16,3286
REST002462,Restaurant_2462,Lucknow,Lucknow_Locality_16,Cloud Kitchen,Biryani; Korean,1.1,08:00,22:00,1853,4.9,1140,3.9,3713,4.4,299,Budget,30,30,21,17,24.0,27.0,34,15,368,293,83624,63953,78104,59558,57.0,43.0,Swiggy Better,Vegan Options; Private Room; AC,3,True,False,True,2023-11-01,926
REST002463,Restaurant_2463,Lucknow,Lucknow_Locality_9,Cloud Kitchen,Multi-Cuisine,14.5,08:00,23:00,2573,4.3,3402,4.4,765,4.35,1066,Premium,92,92,49,53,25.0,28.0,13,14,348,357,278226,274004,262218,257582,61.0,39.0,Swiggy Better,AC; Takeaway; Outdoor Seating,3,False,False,True,2016-06-17,3619
REST002464,Restaurant_2464,Lucknow,Lucknow_Locality_9,Cloud Kitchen,North Indian,9.5,11:00,23:00,3517,3.1,3016,4.1,4321,3.6,1477,Luxury,67,67,48,38,27.0,27.0,12,13,275,364,296507,392468,287295,380274,72.0,28.0,Zomato Better,Outdoor Seating; Dessert Bar; Parking; Vegan Options; Alcohol; Live Music; Bar; Takeaway,8,False,True,False,2021-07-31,1749
REST002465,Restaurant_2465,Lucknow,Lucknow_Locality_3,QSR (Quick Service),Fast Food,1.7,08:00,23:00,3014,4.0,552,4.0,1116,4.0,1230,Luxury,30,30,27,22,21.0,19.0,16,25,254,254,246811,253060,243001,249250,51.0,49.0,Zomato Better,Bar; Dessert Bar; Private Room; Family Friendly; Live Music; Outdoor Seating,6,False,False,False,2024-06-21,693
REST002466,Restaurant_2466,Lucknow,Lucknow_Locality_7,Cafe,Mexican; Street Food,0.9,08:00,22:00,1103,3.9,2203,4.2,1970,4.05,728,Premium,30,30,37,29,21.0,21.0,7,25,161,174,92594,100070,90179,97460,46.0,54.0,Zomato Better,AC; WiFi; Family Friendly; Alcohol; Private Room; Bar,6,False,True,False,2019-02-07,2654
REST002467,Restaurant_2467,Lucknow,Lucknow_Locality_8,Cloud Kitchen,Desserts; Italian,1.7,10:00,23:00,125,3.5,1267,4.4,4073,3.95,443,Mid-Range,30,30,25,25,26.0,27.0,5,11,213,268,69825,86668,66630,82648,59.0,41.0,Zomato Better,Dessert Bar; WiFi; Rooftop,3,True,False,True,2020-01-26,2301
REST002468,Restaurant_2468,Lucknow,Lucknow_Locality_12,Fine Dine,Mexican; Korean,10.5,12:00,23:00,865,4.3,1215,3.5,3532,3.9,501,Mid-Range,72,72,51,45,18.0,17.0,19,8,144,117,59158,48652,53974,44440,40.0,60.0,Swiggy Better,Outdoor Seating; Bar; AC; Dine-in,4,True,False,False,2020-01-03,2324
REST002469,Restaurant_2469,Lucknow,Lucknow_Locality_2,Cloud Kitchen,Fast Food,5.9,11:00,22:00,2849,4.7,4884,3.8,2130,4.25,880,Premium,49,49,27,35,23.0,27.0,35,15,392,316,265619,202998,256015,195256,56.0,44.0,Swiggy Better,Dine-in; Bar; Parking,3,False,False,True,2025-10-28,199
REST002470,Restaurant_2470,Lucknow,Lucknow_Locality_12,Cloud Kitchen,Street Food; Italian,8.1,11:00,23:00,2058,3.8,195,3.7,4407,3.75,1164,Premium,60,60,38,32,27.0,28.0,15,10,292,284,248118,238014,239358,229494,61.0,39.0,Swiggy Better,Family Friendly; Parking; Smoking Area,3,False,False,False,2022-11-08,1284
REST002471,Restaurant_2471,Lucknow,Lucknow_Locality_6,Cafe,Cafe; Korean,1.9,07:00,23:00,2302,3.7,515,4.7,2325,4.2,550,Mid-Range,30,30,25,31,21.0,17.0,11,21,175,222,76037,101343,73412,98013,51.0,49.0,Zomato Better,Dessert Bar; Outdoor Seating; Bar,3,True,True,False,2021-07-01,1779
REST002472,Restaurant_2472,Lucknow,Lucknow_Locality_20,Cafe,Mexican,9.5,10:00,22:00,1750,3.7,806,4.7,3807,4.2,1262,Luxury,67,67,45,43,21.0,17.0,14,32,165,209,164501,218919,158974,211917,51.0,49.0,Zomato Better,Bar; Dessert Bar; Alcohol; AC; Takeaway,5,False,False,True,2019-06-01,2540
REST002473,Restaurant_2473,Lucknow,Lucknow_Locality_8,Cafe,Italian; Korean,12.4,11:00,23:00,1592,4.0,748,3.5,1406,3.75,505,Mid-Range,82,82,48,44,21.0,19.0,25,6,175,153,69816,62584,62641,56311,55.0,45.0,Swiggy Better,AC; Vegan Options; WiFi; Dessert Bar; Takeaway; Live Music; Dine-in,7,False,True,True,2020-03-26,2241
REST002474,Restaurant_2474,Lucknow,Lucknow_Locality_17,Food Truck,Mexican,11.5,08:00,23:00,2956,4.0,3955,3.6,837,3.8,726,Premium,77,77,48,49,18.0,17.0,15,6,134,121,79772,72912,74613,68253,49.0,51.0,Swiggy Better,Parking; Rooftop; Dessert Bar; Vegan Options,4,False,True,True,2022-07-13,1402
REST002475,Restaurant_2475,Lucknow,Lucknow_Locality_4,Cafe,Continental; Seafood,2.9,10:00,23:00,1766,3.7,381,3.1,3497,3.4,1300,Luxury,34,34,34,27,23.0,17.0,14,5,165,138,165165,148902,162360,146556,61.0,39.0,Swiggy Better,Outdoor Seating; Alcohol; Private Room; Parking; WiFi; Takeaway; Vegan Options; Rooftop,8,True,True,True,2025-12-18,148
REST002476,Restaurant_2476,Lucknow,Lucknow_Locality_13,QSR (Quick Service),South Indian,13.2,09:00,23:00,3558,4.2,1249,3.8,3808,4.0,1063,Premium,86,86,50,49,22.0,19.0,21,7,281,254,232988,218701,220905,207779,50.0,50.0,Swiggy Better,Alcohol; Family Friendly; AC; WiFi; Rooftop; Smoking Area; Vegan Options,7,True,True,False,2018-05-08,2929
REST002477,Restaurant_2477,Lucknow,Lucknow_Locality_1,Food Truck,Mughlai,5.4,07:00,23:00,3621,4.3,3159,3.4,2275,3.85,342,Mid-Range,47,47,39,31,20.0,18.0,15,8,154,122,42134,34213,38515,31346,61.0,39.0,Swiggy Better,WiFi; Smoking Area; Alcohol,3,False,True,False,2021-08-18,1731
REST002478,Restaurant_2478,Lucknow,Lucknow_Locality_11,Food Truck,South Indian,5.8,09:00,23:00,2260,3.7,1519,4.6,3384,4.15,859,Premium,49,49,42,30,17.0,19.0,13,29,116,144,82704,100193,79862,96665,46.0,54.0,Zomato Better,Private Room; Live Music; Rooftop; Outdoor Seating; Vegan Options,5,True,True,True,2018-05-15,2922
REST002479,Restaurant_2479,Lucknow,Lucknow_Locality_14,Cloud Kitchen,South Indian; Vietnamese,3.1,08:00,23:00,2838,3.9,3562,3.2,759,3.55,548,Mid-Range,35,35,27,34,27.0,22.0,12,9,324,266,129612,113699,123942,109044,57.0,43.0,Swiggy Better,Dessert Bar; Private Room; Vegan Options; Smoking Area; Outdoor Seating; Takeaway; Bar; Dine-in,8,False,False,True,2025-11-17,179
REST002480,Restaurant_2480,Lucknow,Lucknow_Locality_11,Cafe,Multi-Cuisine,7.0,09:00,23:00,411,4.1,1142,3.7,1553,3.9,1328,Luxury,55,55,36,33,19.0,23.0,12,9,155,140,166730,143158,162467,139308,51.0,49.0,Swiggy Better,Family Friendly; Alcohol; Rooftop; Parking; Vegan Options,5,True,False,True,2024-12-10,521
REST002481,Restaurant_2481,Lucknow,Lucknow_Locality_2,Food Truck,Mughlai,5.7,08:00,22:00,102,3.4,3334,4.5,1107,3.95,846,Premium,48,48,36,34,22.0,17.0,12,21,82,109,54110,76537,52142,73921,47.0,53.0,Zomato Better,Live Music; Dine-in; Outdoor Seating; WiFi,4,False,False,False,2020-11-25,1997
REST002482,Restaurant_2482,Lucknow,Lucknow_Locality_18,Cafe,Vietnamese; Japanese,13.9,12:00,22:00,1855,3.7,473,4.2,4171,3.95,259,Budget,89,89,59,52,17.0,21.0,14,23,167,189,35899,38671,28468,30260,64.0,36.0,Zomato Better,Outdoor Seating; Smoking Area; WiFi; Alcohol; Parking; Dessert Bar,6,True,False,False,2016-10-27,3487
REST002483,Restaurant_2483,Lucknow,Lucknow_Locality_10,Fine Dine,Bakery,12.0,10:00,22:00,409,3.9,2817,3.9,4043,3.9,1431,Luxury,80,80,59,51,13.0,18.0,9,14,123,123,153131,144330,148211,139410,43.0,57.0,Swiggy Better,Live Music; Dessert Bar; Family Friendly; WiFi; Rooftop,5,False,True,True,2021-06-21,1789
REST002484,Restaurant_2484,Lucknow,Lucknow_Locality_19,Cloud Kitchen,Japanese; Bakery,9.5,08:00,23:00,2851,3.9,4780,3.6,1914,3.75,665,Mid-Range,67,67,46,43,24.0,24.0,9,6,325,300,164255,151620,153367,141570,56.0,44.0,Swiggy Better,AC; Parking; Dine-in; Smoking Area; WiFi; Live Music; Vegan Options; Rooftop,8,False,False,False,2025-08-09,279
REST002485,Restaurant_2485,Lucknow,Lucknow_Locality_9,Food Truck,Mexican,7.9,11:00,22:00,1607,3.6,2029,4.1,2039,3.85,225,Budget,59,59,49,44,21.0,19.0,6,12,105,120,18663,21870,15566,18330,48.0,52.0,Zomato Better,Family Friendly; Takeaway; Parking; Rooftop; Live Music; AC,6,False,True,False,2025-01-09,491
REST002486,Restaurant_2486,Lucknow,Lucknow_Locality_11,QSR (Quick Service),Fast Food; Italian,2.4,12:00,22:00,3167,4.3,1955,3.4,3449,3.85,164,Budget,31,31,24,27,22.0,21.0,21,6,277,219,35433,28373,31140,24979,54.0,46.0,Swiggy Better,Takeaway; Dine-in; Rooftop; Live Music,4,False,False,False,2024-02-09,826
REST002487,Restaurant_2487,Lucknow,Lucknow_Locality_8,Food Truck,Seafood,0.6,10:00,23:00,3290,3.7,2571,4.3,2051,4.0,1103,Premium,30,30,31,24,19.0,18.0,10,23,128,149,114359,134764,112439,132529,57.0,43.0,Zomato Better,Alcohol; Rooftop; Parking; Takeaway,4,False,True,True,2024-01-24,842
REST002488,Restaurant_2488,Lucknow,Lucknow_Locality_10,Casual Dining,Chinese; Chinese,4.3,08:00,22:00,3052,3.7,474,4.7,2015,4.2,432,Mid-Range,41,41,29,34,20.0,18.0,10,31,236,299,81561,105917,76723,99788,45.0,55.0,Zomato Better,Outdoor Seating; Private Room; Smoking Area; Family Friendly; Takeaway; Vegan Options; Rooftop,7,True,False,False,2022-11-23,1269
REST002489,Restaurant_2489,Lucknow,Lucknow_Locality_17,Fine Dine,Biryani,6.1,12:00,23:00,2521,3.7,1084,4.0,4139,3.85,735,Premium,50,50,34,42,17.0,16.0,15,23,149,161,90897,99401,87172,95376,51.0,49.0,Zomato Better,Rooftop; Dine-in; WiFi; Bar; Private Room; Dessert Bar,6,True,False,False,2020-03-17,2250
REST002490,Restaurant_2490,Lucknow,Lucknow_Locality_3,Fine Dine,Chinese,14.3,07:00,23:00,2872,3.5,3828,3.3,2328,3.4,680,Mid-Range,91,91,54,51,16.0,13.0,6,15,146,137,83395,81049,76752,74815,45.0,55.0,Swiggy Better,Outdoor Seating; Smoking Area; Bar; AC,4,False,True,True,2023-10-21,937
REST002491,Restaurant_2491,Lucknow,Lucknow_Locality_10,Cloud Kitchen,Fast Food,11.8,12:00,23:00,2623,4.6,1826,3.4,4135,4.0,1333,Luxury,79,79,52,46,24.0,26.0,30,7,375,277,379905,273238,365092,262296,63.0,37.0,Swiggy Better,Smoking Area; Live Music; Outdoor Seating; Parking; Private Room; Family Friendly; Vegan Options; WiFi,8,True,True,False,2019-02-08,2653
REST002492,Restaurant_2492,Lucknow,Lucknow_Locality_18,Cloud Kitchen,Chinese,4.2,09:00,22:00,3142,3.8,3324,4.9,1110,4.35,948,Premium,41,41,37,34,24.0,24.0,13,36,326,420,234876,302601,228193,293991,65.0,35.0,Zomato Better,Vegan Options; Smoking Area; Takeaway; Bar; Dessert Bar,5,True,True,False,2023-04-15,1126
REST002493,Restaurant_2493,Lucknow,Lucknow_Locality_20,Cloud Kitchen,Biryani; Desserts,8.9,11:00,23:00,3247,4.1,869,4.5,1023,4.3,293,Budget,64,64,43,44,23.0,26.0,12,25,355,390,80091,84559,68731,72079,66.0,34.0,Zomato Better,Private Room; Smoking Area; Rooftop,3,False,True,False,2017-10-02,3147
REST002494,Restaurant_2494,Lucknow,Lucknow_Locality_3,Cloud Kitchen,Continental,11.5,10:00,22:00,2383,4.1,256,3.8,1222,3.95,1456,Luxury,77,77,44,42,23.0,23.0,23,10,326,302,365485,338578,352934,326951,71.0,29.0,Swiggy Better,Dessert Bar; Alcohol; Takeaway; Dine-in,4,True,False,False,2023-02-10,1190
REST002495,Restaurant_2495,Lucknow,Lucknow_Locality_17,Fine Dine,North Indian,4.7,08:00,22:00,1152,4.9,3361,4.3,3373,4.6,827,Premium,43,43,27,33,13.0,13.0,32,14,170,149,122313,107204,118658,104000,45.0,55.0,Swiggy Better,Smoking Area; Live Music; Rooftop; Private Room,4,True,False,False,2023-03-12,1160
REST002496,Restaurant_2496,Lucknow,Lucknow_Locality_10,Food Truck,Pan-Asian,6.7,12:00,22:00,1503,4.3,4577,4.0,4302,4.15,891,Premium,53,53,48,41,20.0,18.0,15,11,124,115,88387,84021,85101,80973,48.0,52.0,Swiggy Better,Smoking Area; Family Friendly; Outdoor Seating; AC; Vegan Options; Rooftop,6,False,True,True,2023-12-07,890
REST002497,Restaurant_2497,Lucknow,Lucknow_Locality_14,Fine Dine,Vietnamese; Mediterranean,2.6,09:00,22:00,576,3.8,315,4.0,112,3.9,1276,Luxury,33,33,28,35,15.0,13.0,7,12,122,129,132321,143205,130308,141076,54.0,46.0,Zomato Better,Dessert Bar; WiFi; Alcohol; Parking,4,True,True,False,2020-09-26,2057
REST002498,Restaurant_2498,Lucknow,Lucknow_Locality_16,Food Truck,Multi-Cuisine,3.5,09:00,22:00,247,3.1,3321,3.8,3608,3.45,1083,Premium,37,37,38,27,22.0,22.0,12,14,76,94,64200,79405,62794,77666,62.0,38.0,Zomato Better,Smoking Area; Family Friendly; Outdoor Seating; Alcohol; Dine-in; Live Music,6,False,False,True,2016-05-29,3638
REST002499,Restaurant_2499,Lucknow,Lucknow_Locality_9,Cafe,Korean; Korean,10.4,09:00,22:00,3066,4.2,2766,4.1,3967,4.15,1227,Luxury,72,72,47,48,19.0,22.0,24,11,214,209,212688,200025,204984,192501,58.0,42.0,Swiggy Better,Live Music; WiFi; Dine-in; AC; Outdoor Seating; Bar; Dessert Bar,7,False,True,False,2021-11-04,1653
REST002500,Restaurant_2500,Lucknow,Lucknow_Locality_16,QSR (Quick Service),Chinese,12.0,12:00,23:00,1832,3.7,2267,4.6,1004,4.15,1176,Premium,80,80,44,47,17.0,20.0,13,36,208,258,203024,242726,194704,232406,60.0,40.0,Zomato Better,Bar; Dine-in; Vegan Options; Live Music; Outdoor Seating; Private Room; Family Friendly; AC,8,False,False,True,2018-03-01,2997
